Site,Time,BM_SMX [%],CoM_SMX [%],DOC_SMX [%],BM_Nit [%],CoM_Nit [%],BM_DeA [%],CoM_DeA [%]
HO,0.0,0.0,100.0,0.0,nan,nan,nan,nan
HO,0.0,0.0,100.0,0.0,nan,nan,nan,nan
HO,0.0,0.0,100.0,0.0,nan,nan,nan,nan
HO,0.1,4.707608240040364,95.29239175995964,0.008092010438603912,99.95661074180995,0.0433892581900343,33.72033774400489,66.2796622559951
HO,0.2,9.089231469310544,90.91076853068947,0.007966682183450964,99.93239831827397,0.06760168172602683,50.146756810445034,49.853243189554966
HO,0.3,13.174628198175423,86.82537180182457,0.007846235621821901,99.91765569633176,0.08234430366823947,59.723743162825215,40.276256837174785
HO,0.4,16.970063902608583,83.02993609739143,0.007731773049258266,99.90634597188269,0.09365402811732414,65.88345558272208,34.11654441727791
HO,0.5,20.50387419681602,79.49612580318399,0.007621035935755977,99.89776361198828,0.10223638801172649,70.0888457319421,29.911154268057917
HO,0.6,23.794779383889487,76.20522061611052,0.007515594558330518,99.8908913977566,0.10910860224339011,73.07205622351847,26.927943776481534
HO,0.7,26.8602740499174,73.1397259500826,0.007413351540640281,99.88525655718387,0.1147434428161337,75.23566530835342,24.764334691646578
HO,0.8,29.716938999645276,70.28306100035473,0.007314424695014487,99.88051894132361,0.11948105867638903,76.82233097088437,23.17766902911564
HO,0.9,32.378494645425825,67.62150535457417,0.007219121186596979,99.87645735436902,0.12354264563097321,77.98611324631354,22.013886753686464
HO,1.0,34.858133325617956,65.14186667438204,0.007126425897369219,99.87290754256492,0.12709245743508332,78.83010327999875,21.16989672000124
HO,1.1,37.167701134082535,62.832298865917465,0.007035835373950561,99.8697542992119,0.13024570078809686,79.42604688046957,20.57395311953043
HO,1.2,39.31710359175447,60.68289640824553,0.006948032583830151,99.86690829278602,0.13309170721397626,79.8249032541565,20.175096745843494
HO,1.3,41.31656867509762,58.68343132490238,0.006862468819772492,99.86429681351751,0.13570318648248852,80.06518585915555,19.934814140844455
HO,1.4,43.17477378717906,56.825226212820944,0.006779196662280483,99.86188211448152,0.13811788551848925,80.17554925638551,19.82445074361449
HO,1.5,44.90041763266948,55.09958236733053,0.006698050725349729,99.85959732497189,0.1404026750281137,80.17857275723777,19.821427242762223
HO,1.6,46.50092731922269,53.4990726807773,0.00661909809449019,99.85742089780375,0.14257910219624448,80.0920458797119,19.907954120288093
HO,1.7,47.98336276457149,52.01663723542851,0.006542495361109242,99.85531478202442,0.14468521797558792,79.92996616326549,20.07003383673452
HO,1.8,49.3547475876817,50.6452524123183,0.006468141833276944,99.85324887659878,0.14675112340122606,79.70468276979945,20.295317230200546
HO,1.9,50.62154581224204,49.37845418775796,0.006396226653569612,99.85120470016058,0.14879529983941467,79.42593479839995,20.574065201600046
HO,2.0,51.78927034576324,48.21072965423675,0.006326777013765515,99.84916356009299,0.1508364399070124,79.10192002249515,20.898079977504853
HO,2.1,52.86476863652195,47.13523136347805,0.006259839073347994,99.84709573216651,0.15290426783349267,78.74019010682115,21.259809893178858
HO,2.2,53.85260620939336,46.14739379060664,0.006195759006511916,99.84498408748907,0.15501591251094604,78.34748100150671,21.652518998493292
HO,2.3,54.758576178707095,45.24142382129291,0.0061344013140496,99.84282095338142,0.15717904661857324,77.9286183191417,22.071381680858295
HO,2.4,55.58685896208726,44.41314103791275,0.006076265688565788,99.84057330726685,0.15942669273313256,77.48810754771587,22.511892452284126
HO,2.5,56.34402379086533,43.655976209134664,0.006021324540919988,99.83824096903713,0.1617590309628805,77.03179829311614,22.968201706883853
HO,2.6,57.033096545304055,42.96690345469594,0.005969614174799365,99.8358027735131,0.16419722648691795,76.56216044025166,23.437839559748344
HO,2.7,57.659749522081526,42.340250477918474,0.005921299994228893,99.83325740338645,0.166742596613546,76.08322414798397,23.916775852016038
HO,2.8,58.22699550735039,41.77300449264961,0.0058768489082792474,99.83056064198081,0.16943935801919421,75.5980398218313,24.401960178168693
HO,2.9,58.73996242624596,41.26003757375404,0.005836126574494448,99.8277223195338,0.17227768046619385,75.10961454065233,24.890385459347662
HO,3.0,59.20279532909297,40.797204670907036,0.0057992119565770635,99.82473163668487,0.1752683633151302,74.62136344015678,25.37863655984321
HO,3.1,59.617015885878914,40.382984114121086,0.005766404691789786,99.8215546096708,0.17844539032920503,74.13211395997659,25.867886040023414
HO,3.2,59.98895807227525,40.01104192772474,0.00573767145596927,99.81819064906166,0.18180935093833014,73.64792964750131,26.352070352498675
HO,3.3,60.32040492940954,39.67959507059046,0.0057132801568445905,99.81463486483837,0.185365135161633,73.16782750860932,26.832172491390683
HO,3.4,60.614146605893595,39.38585339410641,0.005693131505031572,99.81086807259639,0.1891319274036154,72.69386166580402,27.306138334195968
HO,3.5,60.87534954811539,39.12465045188461,0.005677497309060108,99.80687414290958,0.19312585709042074,72.22901916738536,27.77098083261464
HO,3.6,61.10400167772146,38.895998322278544,0.005666301055941343,99.80264043398623,0.19735956601377563,71.77119847273136,28.228801527268647
HO,3.7,61.303794295710645,38.696205704289355,0.005659719576427627,99.79815388426091,0.20184611573909228,71.32392257512566,28.676077424874347
HO,3.8,61.47880772079507,38.52119227920493,0.005657760841291808,99.79341220237045,0.20658779762954566,70.88761224473427,29.11238775526571
HO,3.9,61.628440544844935,38.371559455155065,0.00566031035508788,99.78839422712392,0.21160577287609186,70.46148335462901,29.538516645371004
HO,4.0,61.75669349608387,38.243306503916116,0.005667682915386625,99.78308255206485,0.21691744793514628,70.04692426228938,29.953075737710606
HO,4.1,61.865653273823995,38.13434672617601,0.0056796469451836,99.77748107344048,0.2225189265595211,69.64486650754662,30.35513349245338
HO,4.2,61.95615087022585,38.04384912977416,0.005696444724777311,99.77157176970677,0.2284282302932286,69.25346567994674,30.746534320053236
HO,4.3,62.031511220887914,37.9684887791121,0.005717929227424341,99.76533980286386,0.23466019713614547,68.87650117849526,31.123498821504725
HO,4.4,62.091121791618384,37.90887820838162,0.005744095135634018,99.75877341123979,0.24122658876020853,68.51035404141616,31.489645958583836
HO,4.5,62.13711043765995,37.862889562340065,0.005775016487473326,99.75186042931274,0.2481395706872577,68.15604248514877,31.843957514851233
HO,4.6,62.17053862436314,37.82946137563687,0.0058106601283941526,99.74458832425364,0.25541167574636325,67.81379221917106,32.18620778082894
HO,4.7,62.194219387533124,37.80578061246687,0.005851053462676255,99.736940832928,0.26305916707200083,67.48428571619343,32.51571428380657
HO,4.8,62.20750054411233,37.79249945588768,0.005896167668864095,99.72891746216933,0.2710825378306707,67.16556406336576,32.83443593663424
HO,4.9,62.21225211660661,37.7877478833934,0.0059459355508812125,99.72050565835282,0.2794943416471744,66.85906429079628,33.14093570920371
HO,5.0,62.209525627247444,37.790474372752556,0.006000384511766017,99.71168300055024,0.2883169994497482,66.56363895995399,33.43636104004602
HO,5.1,62.19889592285549,37.801104077144515,0.006059498779022091,99.70244944023254,0.297550559767458,66.27813735418476,33.72186264581524
HO,5.2,62.182461319062654,37.81753868093735,0.006123407133458778,99.6927748851459,0.30722511485410103,66.00353221142046,33.996467788579544
HO,5.3,62.15964206900819,37.84035793099182,0.00619198097434843,99.68266641060943,0.317333589390574,65.73865636769052,34.26134363230948
HO,5.4,62.131725048078636,37.86827495192136,0.006265172522661681,99.67209621091037,0.3279037890896339,65.48358710434388,34.51641289565611
HO,5.5,62.09940678824288,37.90059321175712,0.00634306988907251,99.6610616374888,0.33893836251120085,65.23744398145556,34.76255601854443
HO,5.6,62.06278303844827,37.93721696155173,0.006425505335760894,99.64957040585846,0.35042959414155006,65.00001999016483,34.99998000983516
HO,5.7,62.02286281819348,37.97713718180652,0.006512798261242616,99.63754462175143,0.3624553782485663,64.77169615982669,35.22830384017332
HO,5.8,61.97870295295347,38.021297047046524,0.0066047804131647144,99.62502795030736,0.37497204969264103,64.55089469365134,35.44910530634864
HO,5.9,61.93250514795247,38.06749485204753,0.006701292025868855,99.61200951789152,0.3879904821084858,64.3383748576452,35.6616251423548
HO,6.0,61.88284139654871,38.11715860345129,0.006802504415011146,99.59844797256136,0.4015520274386399,64.13258008581907,35.86741991418092
HO,6.1,61.83077933997443,38.16922066002558,0.006908674004413006,99.58430547739684,0.41569452260315126,63.93328885568602,36.066711144313985
HO,6.2,61.77744962733962,38.22255037266038,0.007019316143070289,99.56966361656562,0.43033638343438085,63.74219550917791,36.257804490822096
HO,6.3,61.7213584655171,38.2786415344829,0.007134925493540285,99.55442268845852,0.44557731154147956,63.55596496119745,36.444035038802554
HO,6.4,61.66372366930782,38.33627633069218,0.0072553596353382085,99.53856457201715,0.46143542798285053,63.37646137371459,36.6235386262854
HO,6.5,61.604651301874114,38.39534869812588,0.007380642434657103,99.52213869887268,0.47786130112731867,63.2023893355606,36.797610664439404
HO,6.6,61.54382023302454,38.45617976697547,0.0075108013156263646,99.50507631282916,0.49492368717085033,63.03325987355257,36.96674012644742
HO,6.7,61.482149202933,38.51785079706699,0.007645937085512649,99.48739433932269,0.5126056606773167,62.869590457174894,37.130409542825106
HO,6.8,61.41969379405238,38.58030620594762,0.0077860123636828375,99.46909309778138,0.530906902218629,62.711386790611414,37.2886132093886
HO,6.9,61.35502470424377,38.64497529575625,0.007931235481619652,99.45008221642698,0.549917783573025,62.556333418939914,37.44366658106009
HO,7.0,61.290482484629436,38.70951751537055,0.008081560366219254,99.43041766842875,0.5695823315712433,62.40675982129882,37.59324017870118
HO,7.1,61.2247006036999,38.77529939630009,0.008237008052428633,99.41002532094194,0.5899746790580594,62.26035179546178,37.73964820453821
HO,7.2,61.15820539783678,38.84179460216322,0.008397934843141363,99.38892082117006,0.6110791788299444,62.11842345277394,37.881576547226054
HO,7.3,61.09151101085669,38.90848898914331,0.008564146151474335,99.36712951808998,0.6328704819100114,61.98066295170758,38.01933704829242
HO,7.4,61.02364778147975,38.97635221852023,0.008735625173133272,99.3445740618011,0.6554259381988974,61.84521983006624,38.15478016993375
HO,7.5,60.955469443263354,39.04453055673665,0.008912795459938783,99.32127058384555,0.6787294161544513,61.71324436487655,38.286755635123455
HO,7.6,60.88740617351345,39.11259382648656,0.009095583905990445,99.29718710318143,0.7028128968185715,61.58543772096689,38.41456227903311
HO,7.7,60.817977432387096,39.182022567612904,0.009284127702210128,99.27223936710186,0.7277606328981518,61.459427766695185,38.54057223330482
HO,7.8,60.74850927734651,39.25149072265349,0.009478538263121464,99.24650658734015,0.7534934126598556,61.3365467935576,38.66345320644239
HO,7.9,60.679410744731186,39.320589255268814,0.00967878228176806,99.2199978124725,0.7800021875275109,61.216791550620584,38.78320844937941
HO,8.0,60.60898084779275,39.391019152207264,0.009885246407162748,99.19255716317804,0.8074428368219713,61.09881722175826,38.90118277824173
HO,8.1,60.53959477814973,39.46040522185026,0.010097614756455271,99.1642537560696,0.8357462439303939,60.984487491948926,39.015512508051074
HO,8.2,60.46966527001467,39.530334729985334,0.01031669631848227,99.13508053777642,0.8649194622235821,60.87220457820249,39.12779542179751
HO,8.3,60.39923967019115,39.60076032980886,0.010541427331295587,99.10500950418528,0.8949904958147138,60.76138527979834,39.23861472020167
HO,8.4,60.328470865630976,39.671529134369024,0.010774217915592164,99.07394341492333,0.9260565850766695,60.652609718183534,39.34739028181647
HO,8.5,60.25858143681829,39.7414185631817,0.011012848706680015,99.04193047615306,0.9580695238469485,60.546910373488615,39.45308962651138
HO,8.6,60.18802276067204,39.811977239327966,0.011258352197684214,99.0089906783323,0.9910093216676907,60.44265595740262,39.55734404259737
HO,8.7,60.117709770303996,39.882290229696,0.011511179390900649,98.97498106700368,1.025018932996317,60.34040590393397,39.65959409606604
HO,8.8,60.047417846956975,39.95258215304303,0.011770140859084318,98.93999811025333,1.0600018897466645,60.239867508690196,39.760132491309804
HO,8.9,59.97690581959392,40.023094180406076,0.012037601038360693,98.90393152421372,1.0960684757862864,60.141025684634464,39.85897431536554
HO,9.0,59.90647532513195,40.09352467486804,0.01231246343213205,98.86680143016112,1.1331985698388765,60.043882416062885,39.956117583937115
HO,9.1,59.836882007106674,40.16311799289333,0.012594990231490645,98.82858462474825,1.1714153752517669,59.949242828715924,40.050757171284076
HO,9.2,59.7673462864449,40.2326537135551,0.012884901353741486,98.78930781488545,1.2106921851145636,59.85546494190663,40.14453505809336
HO,9.3,59.69770388136341,40.3022961186366,0.01318379427201706,98.74884739001965,1.2511526099803503,59.76335499904678,40.23664500095322
HO,9.4,59.627884213034385,40.37211578696561,0.013490719332155704,98.70717183342762,1.292828166572381,59.67235531849059,40.32764468150941
HO,9.5,59.558503980761856,40.441496019238144,0.013805705726346026,98.66434763285478,1.3356523671452167,59.58301260011388,40.41698739988612
HO,9.6,59.48943103808152,40.51056896191849,0.01412992592273918,98.62032316770149,1.3796768322985113,59.49530842086699,40.50469157913301
HO,9.7,59.42079617342165,40.57920382657834,0.014463555040958377,98.57499607227706,1.4250039277229538,59.40924970589583,40.59075029410417
HO,9.8,59.35194974730638,40.648050252693615,0.014805493280985689,98.52850223204716,1.4714977679528234,59.324012462498274,40.675987537501726
HO,9.9,59.28365445844393,40.716345541556066,0.015157151822954153,98.48066712397129,1.519332876028715,59.23982630963647,40.76017369036352
HO,10.0,59.2161014859001,40.783898514099896,0.015517359689898346,98.43157310564875,1.568426894351237,59.157831951285985,40.84216804871401
HO,10.1,59.14834449705598,40.85165550294402,0.01588907878329396,98.38100851506753,1.6189914849324694,59.076320711463026,40.923679288536974
HO,10.2,59.080922761163,40.91907723883699,0.01627066506426272,98.32917157447216,1.670828425527842,58.99615993684768,41.003840063152325
HO,10.3,59.01398386989859,40.9860161301014,0.016661504862773978,98.27587148497872,1.724128515021272,58.917607704945965,41.082392295054035
HO,10.4,58.94809978278241,41.05190021721759,0.017063838116196783,98.22120025398317,1.7787997460168317,58.84065064922428,41.15934935077571
HO,10.5,58.88165633542267,41.11834366457733,0.017476912490323186,98.16500267798419,1.8349973220158051,58.76389263540149,41.23610736459852
HO,10.6,58.81620201126621,41.18379798873379,0.01790149846824542,98.10746453215361,1.8925354678463875,58.68847393337714,41.31152606662286
HO,10.7,58.75028967422037,41.24971032577962,0.018337588644815602,98.04820327231648,1.9517967276835264,58.61405895976196,41.38594104023804
HO,10.8,58.68596907140964,41.314030928590356,0.01878540565622176,97.98763708268518,2.0123629173148143,58.54098469980483,41.45901530019517
HO,10.9,58.6216554666594,41.378344533340595,0.019244938993168727,97.92541669195403,2.0745833080459692,58.469504390059804,41.530495609940196
HO,11.0,58.55761020841198,41.44238979158803,0.019717157860737397,97.8615330353684,2.138466964631601,58.39834682417019,41.60165317582982
HO,11.1,58.49498374860727,41.50501625139273,0.0202010301918554,97.7961352206391,2.2038647793608965,58.32913422940258,41.67086577059742
HO,11.2,58.43207019379767,41.56792980620233,0.020699350557876247,97.72906850121656,2.270931498783438,58.26030735824741,41.73969264175258
HO,11.3,58.36990227018282,41.63009772981718,0.02121081113796279,97.66023636710301,2.339763632896974,58.19300359032846,41.80699640967154
HO,11.4,58.30792744826376,41.69207255173623,0.021735866813838652,97.58976734456016,2.4102326554398337,58.12600427338543,41.873995726614574
HO,11.5,58.24641285498519,41.753587145014826,0.022274562270413398,97.51759780815313,2.482402191846872,58.06003610896177,41.93996389103823
HO,11.6,58.186150208330965,41.813849791669035,0.02282865792100809,97.44358541260961,2.5564145873903805,57.99590980316112,42.00409019683888
HO,11.7,58.1257217407546,41.87427825924539,0.02339680927366151,97.3678175771991,2.632182422800909,57.93183598939895,42.06816401060104
HO,11.8,58.06662608611184,41.933373913888154,0.02398081534772182,97.29022874398113,2.7097712560188665,57.86967026110481,42.130329738895185
HO,11.9,58.007389809168444,41.99261019083156,0.024579266620985474,97.21075973725473,2.789240262745259,57.80768524681137,42.19231475318863
HO,12.0,57.94877588896645,42.051224111033534,0.025195197760469284,97.12946352577617,2.870536474223835,57.7466140254005,42.2533859745995
HO,12.1,57.89159634598197,42.10840365401804,0.02582677882808383,97.04618394559087,2.9538160544091205,57.68751792391675,42.31248207608325
HO,12.2,57.83432938339034,42.165670616609674,0.02647485509251802,96.9610418250262,3.038958174973806,57.62855207179243,42.37144792820757
HO,12.3,57.77794514523513,42.22205485476487,0.027141377820572184,96.87390212693265,3.1260978730673408,57.57063251599289,42.4293674840071
HO,12.4,57.72146651858462,42.27853348141538,0.027825016861249503,96.7847312248532,3.215268775146798,57.512882407623486,42.48711759237652
HO,12.5,57.66696133832061,42.33303866167938,0.02852651573949069,96.69360081731216,3.306399182687843,57.457734004752545,42.54226599524745
HO,12.6,57.61134156780554,42.388658432194454,0.029247057035634263,96.60039129411906,3.3996087058809272,57.401227663996714,42.59877233600328
HO,12.7,57.55775013005575,42.44224986994425,0.029987290441529545,96.50508956749788,3.4949104325021114,57.34739744675669,42.65260255324331
HO,12.8,57.5048109753855,42.4951890246145,0.030747003328916646,96.40773288043128,3.59226711956872,57.29441769799034,42.70558230200967
HO,12.9,57.451479538218834,42.548520461781166,0.03152607409189529,96.30817984654523,3.691820153454767,57.24095336976235,42.759046630237656
HO,13.0,57.3995705821656,42.6004294178344,0.032326904122471495,96.20649331999078,3.7935066800092088,57.18924804140466,42.81075195859533
HO,13.1,57.34916849850894,42.65083150149106,0.03314742154731406,96.1026437335819,3.897356266418096,57.13944848722436,42.86055151277565
HO,13.2,57.29756215490484,42.702437845095176,0.0339917869158983,95.9965783810944,4.0034216189056036,57.08825994011263,42.91174005988737
HO,13.3,57.2480332086638,42.751966791336194,0.0348562270011145,95.88823335174293,4.111766648257079,57.039548232854365,42.96045176714563
HO,13.4,57.19883601223255,42.801163987767445,0.0357454767976675,95.77769094628451,4.222309053715494,56.991171856410595,43.00882814358942
HO,13.5,57.149781952429954,42.850218047570046,0.03665740364244615,95.66484053977918,4.335159460220823,56.94299843092322,43.05700156907677
HO,13.6,57.10240938195109,42.897590618048916,0.037593672502335,95.54973037567616,4.450269624323842,56.89679594970024,43.10320405029975
HO,13.7,57.05508322652214,42.944916773477864,0.03855390905446724,95.43219665014057,4.567803349859435,56.85057421829537,43.14942578170463
HO,13.8,57.00861303358506,42.99138696641494,0.03954034042240124,95.31235146578138,4.687648534218628,56.80535771669535,43.19464228330466
HO,13.9,56.96250322940433,43.037496770595666,0.04055272865669334,95.19016773397531,4.809832266024683,56.76042202621024,43.23957797378974
HO,14.0,56.917318660329826,43.082681339670174,0.04159085035854777,95.06556202928793,4.934437970712075,56.71657957454291,43.28342042545709
HO,14.1,56.873073643647196,43.12692635635278,0.042656657369874326,94.93859875985612,5.061401240143879,56.67376320003983,43.32623679996017
HO,14.2,56.82969132459015,43.170308675409856,0.0437509232494182,94.80909751121631,5.190902488783688,56.63191363289173,43.368086367108276
HO,14.3,56.78670873774318,43.21329126225682,0.04487331845180892,94.67719411663471,5.322805883365287,56.59022798750841,43.40977201249158
HO,14.4,56.74406487537082,43.25593512462918,0.046025746200768505,94.54282829434013,5.45717170565988,56.548940941601224,43.45105905839877
HO,14.5,56.70313742422061,43.2968625757794,0.04720886961661925,94.40604805992288,5.593951940077111,56.50946931659837,43.49053068340163
HO,14.6,56.6623281721794,43.3376718278206,0.04842201050614237,94.26666371654925,5.733336283450752,56.47010930068333,43.52989069931666
HO,14.7,56.62260692122453,43.37739307877547,0.04966762688802953,94.12482491906094,5.875175080939058,56.431856788096255,43.568143211903745
HO,14.8,56.58321924396936,43.41678075603064,0.05094440304060836,93.98041507035667,6.019584929643319,56.393803530163645,43.60619646983637
HO,14.9,56.54416519068602,43.455834809313984,0.05225575646502003,93.8334781092773,6.166521890722717,56.35587370990748,43.64412629009253
HO,15.0,56.50688093664166,43.49311906335835,0.053599544688086594,93.68399761039011,6.316002389609901,56.31994941285583,43.68005058714417
HO,15.1,56.46926137208622,43.53073862791377,0.0549813605019109,93.53195818609532,6.468041813904687,56.283388976387,43.716611023613
HO,15.2,56.43333211107151,43.56666788892849,0.05639544676916096,93.37734554478766,6.622654455212341,56.24854920630842,43.751450793691575
HO,15.3,56.39798305274123,43.60201694725877,0.05784991115484287,93.22014655014034,6.779853449859664,56.21418864772617,43.78581135227383
HO,15.4,56.36275907605127,43.63724092394873,0.05933907264106108,93.06033287101249,6.939667128987516,56.17985775880657,43.82014224119342
HO,15.5,56.328862452488984,43.67113754751102,0.06086815527229914,92.89792780515079,7.102072194849216,56.14674252590564,43.85325747409437
HO,15.6,56.295170048921506,43.704829951078494,0.06243631160955727,92.7330863606271,7.266913639372895,56.1135822421154,43.88641775788461
HO,15.7,56.26282571183394,43.73717428816605,0.06404584845502305,92.56575492186057,7.434245078139415,56.08176048607043,43.918239513929564
HO,15.8,56.230795813873016,43.769204186126984,0.06569603145898838,92.39526867571549,7.604731324284508,56.04999403852117,43.95000596147883
HO,15.9,56.19974396492502,43.800256035074966,0.06738886380947365,92.22288674799502,7.777113252004984,56.019195115631945,43.98080488436805
HO,16.0,56.16927513220561,43.830724867794395,0.06912558290017505,92.04745103163886,7.952548968361139,55.98879387844703,44.011206121552966
HO,16.1,56.14003925666305,43.85996074333694,0.0709065302411196,91.86951433586893,8.13048566413107,55.95947831891767,44.040521681082325
HO,16.2,56.11113637522445,43.888863624775546,0.07273155440289952,91.68901792030182,8.310982079698185,55.93018357562812,44.069816424371865
HO,16.3,56.08282071442887,43.91717928557113,0.07460493655859274,91.5060866983373,8.493913301662708,55.90124038310568,44.098759616894334
HO,16.4,56.05570097996144,43.94429902003856,0.07652814901449652,91.31991954719125,8.680080452808744,55.873418252320874,44.126581747679126
HO,16.5,56.02902377557315,43.97097622442686,0.0784979392669149,91.13201436952576,8.86798563047424,55.8457289423499,44.1542710576501
HO,16.6,56.002721243914465,43.997278756085535,0.08051658301297171,90.94088019782454,9.059119802175463,55.81809928875083,44.18190071124916
HO,16.7,55.97849062507579,44.021509374924214,0.08258924077910934,90.74796983980261,9.252030160197402,55.792769193594495,44.20723080640552
HO,16.8,55.953240660040215,44.04675933995979,0.0847142701164067,90.55191408173314,9.448085918266862,55.76558619988411,44.23441380011589
HO,16.9,55.930096140954866,44.06990385904514,0.08689112952359701,90.35341875706916,9.64658124293085,55.740531933331106,44.25946806666889
HO,17.0,55.90728587680307,44.09271412319694,0.08912366238012033,90.15250204766177,9.847497952338236,55.71565323693025,44.28434676306975
HO,17.1,55.8859500221824,44.1140499778176,0.0914149631491735,89.9491054177597,10.050894582240305,55.69195870482123,44.308041295178775
HO,17.2,55.863441199406935,44.13655880059306,0.09376093539579584,89.74332616396762,10.25667383603239,55.66636843878442,44.33363156121558
HO,17.3,55.84305312161163,44.15694687838837,0.09616752237850182,89.535189180153,10.464810819847,55.64310235019181,44.35689764980818
HO,17.4,55.82319730772812,44.17680269227188,0.09863479108090825,89.32455064868459,10.6754493513154,55.619872808431616,44.380127191568384
HO,17.5,55.804663461054496,44.195336538945504,0.10116133535110178,89.11169007154554,10.88830992845447,55.59783419897594,44.402165801024054
HO,17.6,55.78594307186434,44.21405692813566,0.10375380688614204,88.89646606103413,11.103533938965878,55.57499635666782,44.425003643332175
HO,17.7,55.76947823594415,44.23052176405586,0.10641003207535221,88.67890612871861,11.321093871281386,55.55450427594535,44.445495724054645
HO,17.8,55.75263919771613,44.24736080228387,0.1091323879147865,88.45913501068904,11.54086498931097,55.53298021105222,44.46701978894777
HO,17.9,55.73640258050254,44.26359741949746,0.1119225192972094,88.23626750949423,11.763732490505777,55.51164224945071,44.4883577505493
HO,18.0,55.72069631081913,44.279303689180885,0.11478186140412071,88.01188821085756,11.988111789142435,55.490483658448184,44.509516341551816
HO,18.1,55.70657221544244,44.29342778455755,0.11771296912227232,87.78540916324651,12.2145908367535,55.470537128653106,44.529462871346894
HO,18.2,55.693684295071236,44.30631570492877,0.12071304438389728,87.55677269854645,12.443227301453549,55.45192673389965,44.54807326610036
HO,18.3,55.680792665849275,44.319207334150725,0.12379180073814518,87.32602098767526,12.673979012324748,55.43243008259672,44.56756991740327
HO,18.4,55.668130418536066,44.331869581463934,0.12694228957924986,87.09297864177005,12.907021358229953,55.412812446783235,44.58718755321678
HO,18.5,55.6580542499604,44.34194575003961,0.13017153733966083,86.8580151100668,13.141984889933193,55.39589943930493,44.60410056069508
HO,18.6,55.64778315630724,44.35221684369275,0.13347854635727638,86.62032565199394,13.379674348006072,55.37794560753557,44.62205439246442
HO,18.7,55.63791386116838,44.36208613883162,0.13686515862759058,86.38121834455006,13.61878165544994,55.35990341472863,44.64009658527137
HO,18.8,55.62975217345662,44.37024782654337,0.14033769085488706,86.14097968936679,13.859020310633216,55.34348321960969,44.656516780390305
HO,18.9,55.620296811087364,44.37970318891262,0.14389100273734703,85.8981665775237,14.101833422476307,55.324667315361744,44.67533268463826
HO,19.0,55.61351777051606,44.38648222948394,0.1475327694562678,85.65346168085894,14.34653831914106,55.308484268285326,44.691515731714674
HO,19.1,55.607084292777046,44.392915707222954,0.15126058028966377,85.40678972413977,14.593210275860235,55.292363046625084,44.707636953374916
HO,19.2,55.601514025948696,44.398485974051304,0.15508180639403635,85.15922148487952,14.840778515120473,55.27646156172483,44.72353843827516
HO,19.3,55.596474060805434,44.40352593919457,0.15898929356195024,84.90917392588878,15.090826074111211,55.2606190475344,44.73938095246561
HO,19.4,55.5932215159024,44.406778484097586,0.16299277282912422,84.65822693695395,15.341773063046041,55.24628484230013,44.75371515769987
HO,19.5,55.589518971795904,44.41048102820411,0.16709093947602632,84.40464027053174,15.59535972946825,55.23067010642729,44.76932989357271
HO,19.6,55.58758641725273,44.41241358274727,0.1712888668403446,84.15056283899807,15.849437161001934,55.2166886391046,44.783311360895404
HO,19.7,55.586126860263896,44.41387313973611,0.17558185082228922,83.89473107678826,16.105268923211742,55.20260830537678,44.797391694623215
HO,19.8,55.5846328707457,44.4153671292543,0.17997798337227972,83.63764753354182,16.362352466458184,55.1874599003799,44.8125400996201
HO,19.9,55.58573931481576,44.41426068518424,0.18447637472454262,83.37893485891165,16.62106514108836,55.175001437940885,44.82499856205911
HO,20.0,55.58544967569138,44.41455032430862,0.18908523992384396,83.11957507449151,16.880424925508486,55.1601365543368,44.839863445663205
HO,20.1,55.58808851928191,44.41191148071809,0.19379848111471615,82.85825812987352,17.14174187012649,55.14802387320961,44.8519761267904
HO,20.2,55.59126503397472,44.40873496602528,0.19862021304775215,82.59644013851167,17.403559861488347,55.136073694042246,44.86392630595776
HO,20.3,55.594109299554894,44.405890700445106,0.203556206512322,82.33325835114161,17.666741648858398,55.122835238274305,44.8771647617257
HO,20.4,55.598748723250594,44.40125127674941,0.20860153035401593,82.06894604590757,17.931053954092434,55.11117304945012,44.888826950549884
HO,20.5,55.60440816350454,44.39559183649547,0.21377696571509786,81.80375112202958,18.196248877970426,55.09972511529973,44.900274884700266
HO,20.6,55.60962257518203,44.39037742481796,0.2190610530409061,81.53741083624222,18.462589163757777,55.086934018298535,44.913065981701465
HO,20.7,55.6164090214012,44.3835909785988,0.22446856016781394,81.27076926006684,18.729230739933158,55.075502331954574,44.92449766804542
HO,20.8,55.624293845165695,44.37570615483429,0.22999325173345694,81.00330676453162,18.996693235468395,55.06446920564325,44.93553079435675
HO,20.9,55.6336672238816,44.366332776118405,0.23566461626232468,80.73492173112339,19.26507826887661,55.05473019892434,44.94526980107567
HO,21.0,55.64310391078684,44.356896089213166,0.24143072958129197,80.46587737029552,19.534122629704495,55.04392168484451,44.956078315155494
HO,21.1,55.6530149376531,44.346985062346896,0.24735256821944002,80.1958776826936,19.80412231730639,55.03310046850126,44.96689953149873
HO,21.2,55.663629596303224,44.336370403696776,0.2533892325337226,79.92596038299027,20.07403961700973,55.02223495418479,44.97776504581522
HO,21.3,55.67643164889944,44.32356835110056,0.25959121822228204,79.6556283664223,20.344371633577694,55.01335182680632,44.98664817319368
HO,21.4,55.68776198011669,44.312238019883296,0.2659116359996975,79.38457036964792,20.615429630352093,55.001227838144764,44.99877216185524
HO,21.5,55.70206660577877,44.29793339422123,0.2723730936756577,79.11306338475988,20.886936615240128,54.99234542817594,45.007654571824055
HO,21.6,55.717050524292425,44.28294947570758,0.2789779555206083,78.84196479384579,21.158035206154207,54.983644073671954,45.016355926328046
HO,21.7,55.731968130948204,44.268031869051796,0.28571291374351143,78.57037423367218,21.429625766327824,54.9735402307049,45.0264597692951
HO,21.8,55.74846923075505,44.251530769244944,0.29261047980379623,78.29836783832323,21.701632161676763,54.96491538990366,45.03508461009634
HO,21.9,55.766173526728565,44.233826473271414,0.2996704460347261,78.02722973106683,21.97277026893317,54.95679618846228,45.043203811537715
HO,22.0,55.78447502243494,44.21552497756506,0.306867895602752,77.75485099797626,22.24514900202373,54.948411935828034,45.05158806417198
HO,22.1,55.80383572659202,44.19616427340798,0.31423363738205645,77.4830682937017,22.516931706298298,54.940401164357546,45.05959883564247
HO,22.2,55.823711948347054,44.17628805165294,0.32174025200536405,77.21195928499506,22.788040715004932,54.932145767283366,45.067854232716634
HO,22.3,55.84473023330012,44.155269766699874,0.32941713656888433,76.94006435237924,23.05993564762076,54.92427737959744,45.07572262040255
HO,22.4,55.866578887931304,44.1334211120687,0.33727624059423356,76.66923716337342,23.330762836626576,54.91664367090422,45.08335632909578
HO,22.5,55.890234144193066,44.10976585580695,0.3452652367181779,76.39909269741861,23.600907302581394,54.910512995542746,45.089487004457254
HO,22.6,55.91253556109677,44.087464438903226,0.35343948391882063,76.12840936519432,23.8715906348057,54.901136553185324,45.09886344681468
HO,22.7,55.93696930022761,44.063030699772376,0.36178811743628037,75.85855939376839,24.14144060623161,54.89359230262358,45.10640769737642
HO,22.8,55.963267107118874,44.036732892881126,0.370318401067895,75.58884996314956,24.411150036850447,54.88778992464588,45.11221007535411
HO,22.9,55.9892533013325,44.01074669866751,0.37902549474814917,75.32036694278403,24.679633057215973,54.88046329753007,45.11953670246993
HO,23.0,56.01617572426575,43.98382427573424,0.3879031444375115,75.05217726084578,24.947822739154223,54.873264842290496,45.126735157709504
HO,23.1,56.045159242237055,43.954840757762945,0.39696822030042805,74.7843559091555,25.21564409084452,54.86769021228003,45.132309787719976
HO,23.2,56.073847223932106,43.92615277606789,0.4062160317432885,74.51799453202021,25.482005467979796,54.86072286252427,45.13927713747574
HO,23.3,56.10495575620893,43.89504424379106,0.4156501708543393,74.25215523822125,25.747844761778747,54.855802543413915,45.1441974565861
HO,23.4,56.13651624442616,43.863483755573846,0.42526608035108115,73.98664832084798,26.01335167915202,54.850510520869534,45.14948947913047
HO,23.5,56.16795272931707,43.832047270682914,0.43509763696999904,73.72282886008777,26.27717113991224,54.84381195817689,45.1561880418231
HO,23.6,56.201220732243094,43.79877926775689,0.44510196697077037,73.45996260383566,26.54003739616434,54.838672618997904,45.161327381002096
HO,23.7,56.234471027588384,43.765528972411616,0.45532288736621646,73.1974264292217,26.80257357077831,54.83210229872434,45.16789770127565
HO,23.8,56.270946166804556,43.729053833195444,0.465756993576405,72.93597239430274,27.064027605697255,54.82933045890571,45.1706695410943
HO,23.9,56.30584888028039,43.694151119719606,0.47637699671142836,72.67649229255494,27.32350770744506,54.82274934739498,45.177250652605025
HO,24.0,56.34182560915227,43.65817439084773,0.4872110395713984,72.41701202248575,27.58298797751426,54.81632690821295,45.18367309178706
HO,24.1,56.37971513623624,43.62028486376375,0.49824903682138333,72.16011169628466,27.839888303715334,54.81175772512068,45.18824227487933
HO,24.2,56.418948349908995,43.581051650091005,0.5095057649659007,71.90305944235551,28.096940557644494,54.80761656914218,45.192383430857824
HO,24.3,56.45870006330335,43.541299936696646,0.5209812562503076,71.64797434131397,28.35202565868602,54.80329405850611,45.19670594149387
HO,24.4,56.50081621923715,43.49918378076285,0.532668650333446,71.39433461562199,28.60566538437802,54.80115541849293,45.19884458150706
HO,24.5,56.54119405631772,43.45880594368227,0.544577200134414,71.14205153535852,28.857948464641474,54.7949764032707,45.205023596729305
HO,24.6,56.58369727491155,43.41630272508845,0.5566971684903191,70.89162728929243,29.108372710707552,54.790766798109516,45.209233201890484
HO,24.7,56.62752540121642,43.37247459878358,0.5690771331127986,70.64208846094434,29.35791153905566,54.7870245526087,45.21297544739129
HO,24.8,56.67203037109776,43.327969628902245,0.5816505532581386,70.39409983313077,29.605900166869244,54.783112889759636,45.216887110240364
HO,24.9,56.71683156138755,43.28316843861245,0.5944835825718329,70.14753152559136,29.85246847440863,54.77849394630007,45.22150605369995
HO,25.0,56.763824150246414,43.23617584975359,0.6075297169387484,69.90232241844745,30.097677581552535,54.775729688769594,45.2242703112304
HO,25.1,56.81102333655949,43.18897666344051,0.6208171437401863,69.65925132147015,30.340748678529845,54.7722165779519,45.227783422048084
HO,25.2,56.859521431779825,43.14047856822017,0.6343405622980345,69.41734068311781,30.58265931688218,54.76902774336282,45.23097225663719
HO,25.3,56.9089129435698,43.0910870564302,0.6481031186389723,69.17767292357776,30.82232707642223,54.76570325965704,45.23429674034297
HO,25.4,56.95887129327525,43.04112870672475,0.6621317179344787,68.93965925712284,31.06034074287716,54.762676463317284,45.23732353668273
HO,25.5,57.01033990738604,42.98966009261396,0.6763727769584197,68.7035950034498,31.29640499655019,54.75978349425912,45.2402165057409
HO,25.6,57.06255180477085,42.93744819522915,0.6908842648001634,68.4685704873479,31.531429512652103,54.756983360250835,45.24301663974917
HO,25.7,57.11563651686045,42.884363483139545,0.7056355276153367,68.23565731926936,31.764342680730646,54.754280156342446,45.245719843657554
HO,25.8,57.169574491231515,42.830425508768485,0.7206383249984418,68.00489621263553,31.99510378736448,54.75150530235655,45.248494697643444
HO,25.9,57.22453841138526,42.775461588614725,0.7359109935881929,67.77563021754328,32.22436978245672,54.749060168195506,45.2509398318045
HO,26.0,57.280622841511665,42.719377158488335,0.7514330078741849,67.54790649884409,32.45209350115593,54.74677728879649,45.253222711203506
HO,26.1,57.337723281246596,42.662276718753404,0.7672078667692969,67.32212718329961,32.67787281670038,54.74466574141682,45.25533425858318
HO,26.2,57.39542529659792,42.60457470340208,0.7832575183391381,67.09866092042482,32.901339079575195,54.74267973793506,45.25732026206495
HO,26.3,57.45444031502891,42.545559684971096,0.7995615013172613,66.87685840254281,33.12314159745719,54.74063852461213,45.259361475387884
HO,26.4,57.514122146423716,42.48587785357628,0.8161157192701958,66.65710480483557,33.34289519516443,54.73872875159378,45.26127124840621
HO,26.5,57.574833325254005,42.425166674746,0.832957188528052,66.4397723550606,33.5602276449394,54.737063677882084,45.262936322117916
HO,26.6,57.63637371928566,42.36362628071433,0.8500524113621332,66.22387204974027,33.77612795025975,54.73529612544375,45.26470387455625
HO,26.7,57.699052127427194,42.300947872572806,0.8674285216450142,66.00978679497788,33.990213205022116,54.73398066817749,45.26601933182252
HO,26.8,57.76226153082943,42.23773846917057,0.8850911494242399,65.79855087253802,34.20144912746199,54.73257258871473,45.267427411285254
HO,26.9,57.826573781291,42.173426218709,0.9029855756381926,65.58884392297578,34.41115607702424,54.73117904844204,45.26882095155797
HO,27.0,57.89192388893698,42.10807611106303,0.921202599877964,65.38034679726718,34.619653202732835,54.73000519926495,45.26999480073505
HO,27.1,57.957955751718146,42.04204424828185,0.9396399727428015,65.17445821850244,34.82554178149756,54.7287433664576,45.2712566335424
HO,27.2,58.02535089415153,41.97464910584848,0.9584006152485485,64.97120628891213,35.028793711087864,54.7282934714552,45.27170652854479
HO,27.3,58.093358810858945,41.906641189141055,0.9774234729503928,64.7692463738716,35.23075362612841,54.72729256804782,45.27270743195218
HO,27.4,58.16193550077225,41.83806449922775,0.996707801882199,64.57027095467207,35.42972904532793,54.72653228354761,45.27346771645239
HO,27.5,58.23186308785589,41.768136912144094,1.0163103480970044,64.37233859629603,35.62766140370396,54.72602448402879,45.27397551597121
HO,27.6,58.302429389183516,41.697570610816484,1.0361478667598905,64.177431246402,35.82256875359801,54.72555947398152,45.27444052601848
HO,27.7,58.37387223598238,41.62612776401762,1.0563066935597203,63.98426864317048,36.01573135682953,54.72502225186394,45.27497774813605
HO,27.8,58.44628146002546,41.55371853997454,1.076733447592637,63.7921486896024,36.2078513103976,54.724870024767135,45.27512997523285
HO,27.9,58.51942016050772,41.480579839492286,1.0974170985333298,63.60346595363985,36.39653404636014,54.724651409802625,45.27534859019737
HO,28.0,58.593340101799555,41.40665989820045,1.118432259691058,63.41622511239563,36.58377488760436,54.724484845389775,45.27551515461022
HO,28.1,58.66838080370581,41.3316191962942,1.1397107626571086,63.23108056663127,36.76891943336873,54.72466802715967,45.27533197284032
HO,28.2,58.743995833133475,41.25600416686652,1.1612477285134248,63.047782866972014,36.952217133027986,54.724559991265906,45.275440008734094
HO,28.3,58.82053971784976,41.17946028215023,1.1831113695761386,62.86661209495479,37.133387905045225,54.72510650550342,45.27489349449658
HO,28.4,58.89782612985412,41.10217387014588,1.2052351646849004,62.68795025857173,37.31204974142827,54.725363300671106,45.274636699328894
HO,28.5,58.97595384409221,41.02404615590778,1.2276272362553589,62.5114373234674,37.4885626765326,54.726063334105,45.27393666589499
HO,28.6,59.054850936188096,40.945149063811904,1.2503129640210005,62.33646344126581,37.66353655873419,54.72646639307419,45.27353360692581
HO,28.7,59.134701742411266,40.865298257588734,1.2732953898025168,62.16465226867447,37.83534773132554,54.727260615913856,45.272739384086144
HO,28.8,59.214957150735884,40.78504284926412,1.2965693793637763,61.99365242582138,38.00634757417862,54.72813898818533,45.27186101181467
HO,28.9,59.296338360524146,40.70366163947586,1.3200984978519335,61.82498100622601,38.17501899377398,54.72910795045824,45.270892049541764
HO,29.0,59.37836198999054,40.621638010009455,1.343929854912223,61.65874023966364,38.34125976033636,54.73016634662039,45.26983365337962
HO,29.1,59.46112312289753,40.53887687710248,1.3680126624044169,61.49447310243183,38.50552689756816,54.73132476833219,45.26867523166782
HO,29.2,59.54448344052602,40.455516559473985,1.3923860387950415,61.33203913955722,38.66796086044277,54.73257820974268,45.26742179025732
HO,29.3,59.628460720865675,40.371539279134325,1.4170575996983272,61.171820734320114,38.82817926567988,54.733598706564365,45.266401293435635
HO,29.4,59.713405745179706,40.286594254820294,1.4419809291153125,61.01284604271603,38.98715395728398,54.73512995058346,45.264870049416544
HO,29.5,59.79911919432198,40.20088080567803,1.4671943554040365,60.85648057968756,39.143519420312444,54.73677074917328,45.26322925082672
HO,29.6,59.885100532452896,40.11489946754709,1.4926654229742786,60.702555631134004,39.297444368865996,54.738177874286144,45.26182212571386
HO,29.7,59.97205143792529,40.027948562074705,1.5184283830149021,60.54988947919495,39.45011052080506,54.740120825585,45.259879174415005
HO,29.8,60.059913591821825,39.940086408178175,1.5444706222466287,60.398874176669146,39.601125823330854,54.742263102874034,45.257736897125966
HO,29.9,60.14803346873966,39.851966531260345,1.5707646716583952,60.25068267124676,39.74931732875325,54.74417740488976,45.25582259511023
HO,30.0,60.23686921429088,39.76313078570913,1.5973008829270858,60.10376659254767,39.89623340745233,54.74621300463348,45.25378699536652
HO,30.1,60.32638802477172,39.67361197522828,1.6241331575320175,59.95966967543691,40.04033032456309,54.74890227693828,45.25109772306171
HO,30.2,60.41645303883495,39.583546961165055,1.6512461777820948,59.81685297470234,40.18314702529766,54.75099048067366,45.24900951932634
HO,30.3,60.50727309094432,39.49272690905568,1.678557753700688,59.67627892755451,40.323721072445494,54.75366812801791,45.24633187198208
HO,30.4,60.59854774349787,39.40145225650215,1.7061635247144313,59.53717558925287,40.46282441074714,54.75619182987056,45.24380817012945
HO,30.5,60.69024120463934,39.30975879536066,1.7340329181588539,59.400157433005404,40.59984256699459,54.75870928695225,45.241290713047746
HO,30.6,60.782663178567596,39.2173368214324,1.76214370291611,59.26469932836393,40.73530067163606,54.761416386021885,45.23858361397811
HO,30.7,60.87579056148048,39.12420943851952,1.7904936622235774,59.13188717219254,40.868112827807465,54.76459364795946,45.235406352040556
HO,30.8,60.969325189619326,39.030674810380674,1.8190734514445268,59.0001330061947,40.999866993805306,54.76778019871341,45.23221980128659
HO,30.9,61.063264022230555,38.93673597776945,1.8479008451561338,58.87007244331546,41.129927556684535,54.77065436569949,45.22934563430053
HO,31.0,61.157566345558244,38.84243365444176,1.8769909616117648,58.742523847682605,41.25747615231739,54.773893398168006,45.226106601832
HO,31.1,61.25251989073285,38.74748010926716,1.9063074646901361,58.61649463311467,41.38350536688534,54.77730308325034,45.22269691674967
HO,31.2,61.34785707647518,38.65214292352482,1.9358034791812566,58.49203112327703,41.50796887672296,54.78059838720174,45.21940161279825
HO,31.3,61.44389687623446,38.55610312376555,1.9655733446954413,58.36959364561102,41.63040635438898,54.784542887846165,45.21545711215384
HO,31.4,61.54035329838881,38.459646701611206,1.9955688985708893,58.2487125889678,41.751287411032195,54.788458963967734,45.21154103603227
HO,31.5,61.637005177173954,38.36299482282605,2.025738022293954,58.129848010811415,41.87015198918859,54.792011443428294,45.207988556571706
HO,31.6,61.73431514895189,38.26568485104811,2.0561736205376357,58.012529688087014,41.98747031191299,54.7960584596623,45.2039415403377
HO,31.7,61.83138629734161,38.16861370265839,2.0867772438859236,57.89675223242023,42.10324776757976,54.7996403872672,45.200359612732804
HO,31.8,61.929854086383116,38.070145913616884,2.1175999287530547,57.782367249529585,42.21763275047042,54.804262926341174,45.19573707365884
HO,31.9,62.02831477183351,37.97168522816649,2.1486296064448163,57.67008348458679,42.32991651541321,54.808917749990705,45.191082250009295
HO,32.0,62.12673441485186,37.87326558514815,2.1798232010172747,57.55971074889313,42.44028925110687,54.81265248377115,45.18734751622884
HO,32.1,62.225551285004684,37.77444871499531,2.2112338286768303,57.45042951831516,42.54957048168484,54.817416022217344,45.182583977782656
HO,32.2,62.32511926650649,37.674880733493524,2.242800954340416,57.3425266161145,42.657473383885495,54.82226259257338,45.17773740742662
HO,32.3,62.42497375022946,37.575026249770524,2.274558235838634,57.23703855181412,42.76296144818587,54.82709292916121,45.17290707083878
HO,32.4,62.5249194891767,37.47508051082329,2.3065017905774687,57.13258466704742,42.867415332952596,54.83201778735687,45.167982212643146
HO,32.5,62.625143006152925,37.37485699384708,2.338587838373844,57.03000954468867,42.96999045531133,54.83702020005053,45.16297979994947
HO,32.6,62.72538077863753,37.27461922136248,2.370842496437581,56.92891957685057,43.07108042314944,54.84201449851041,45.15798550148959
HO,32.7,62.82629289617797,37.17370710382203,2.4032800455169445,56.829230774734306,43.17076922526571,54.8476865462634,45.15231345373661
HO,32.8,62.92743806834468,37.07256193165532,2.435849367049096,56.73043056458379,43.26956943541621,54.85276717652372,45.14723282347627
HO,32.9,63.02875357132586,36.97124642867415,2.468531435724498,56.63360333424904,43.366396665750955,54.858537141857155,45.14146285814284
HO,33.0,63.13024862597432,36.869751374025675,2.501377102716549,56.538503471548196,43.46149652845181,54.86425117683993,45.13574882316008
HO,33.1,63.23173675913988,36.768263240860136,2.534377900106673,56.44496762801647,43.555032371983515,54.87007057932195,45.12992942067805
HO,33.2,63.33360458539492,36.66639541460508,2.567460326099748,56.35264336258311,43.64735663741688,54.875940315645934,45.124059684354066
HO,33.3,63.43560781137744,36.56439218862256,2.6006828526729695,56.2616779738589,43.73832202614109,54.88192472607988,45.11807527392013
HO,33.4,63.53783943942422,36.46216056057579,2.6339856933343726,56.17171879064317,43.82828120935683,54.88847862198364,45.11152137801637
HO,33.5,63.63998435330085,36.36001564669915,2.667430616766635,56.08393953126514,43.916060468734855,54.894572800479146,45.10542719952086
HO,33.6,63.7426380888519,36.25736191114809,2.700926237228841,55.99700541462821,44.0029945853718,54.90119184331299,45.09880815668701
HO,33.7,63.844873646135945,36.15512635386405,2.734577365175281,55.91146536229405,44.08853463770593,54.907337137917565,45.09266286208243
HO,33.8,63.94744126835439,36.052558731645604,2.768280658202901,55.82762633625931,44.17237366374071,54.91414758173345,45.08585241826656
HO,33.9,64.05027124009779,35.9497287599022,2.8020662649600685,55.74419705973433,44.25580294026566,54.921016064054164,45.078983935945836
HO,34.0,64.15294081198293,35.84705918801707,2.8359301663052583,55.66251673716989,44.337483262830105,54.927962223051196,45.07203777694882
HO,34.1,64.2559941129623,35.744005887037694,2.8698137515722464,55.58295231734595,44.41704768265405,54.935533603277285,45.06446639672272
HO,34.2,64.35858710451414,35.64141289548585,2.9037959961683892,55.503779101819084,44.49622089818092,54.94191797533146,45.05808202466855
HO,34.3,64.46141327791396,35.53858672208604,2.9378014725401935,55.42546982110371,44.574530178896296,54.94963814706336,45.05036185293664
HO,34.4,64.56443197900802,35.435568020991994,2.971866232086366,55.349247326077155,44.65075267392285,54.957431260372445,45.042568739627555
HO,34.5,64.66722590661585,35.33277409338414,3.0059884330242355,55.274211578198575,44.725788421801425,54.964658333156635,45.03534166684337
HO,34.6,64.77015594216024,35.22984405783976,3.0400750356243305,55.2000148587532,44.79998514124681,54.97254214714194,45.02745785285807
HO,34.7,64.87312938530863,35.12687061469137,3.074265945171999,55.12699122082761,44.87300877917239,54.98057533178119,45.01942466821881
HO,34.8,64.97595420254326,35.02404579745675,3.1084014982140626,55.05513333187899,44.944866668120994,54.9886316114616,45.0113683885384
HO,34.9,65.07888386799918,34.92111613200082,3.142531520027203,54.98443383837623,45.01556616162377,54.99669298811812,45.00330701188189
HO,35.0,65.18165365669792,34.81834634330208,3.1766781510185056,54.91500492809649,45.08499507190351,55.005589750624374,44.994410249375626
HO,35.1,65.28409123746755,34.715908762532436,3.2108553317103334,54.846679213412166,45.15332078658785,55.0138156080032,44.9861843919968
HO,35.2,65.38644858800966,34.61355141199034,3.2449844080494916,54.77911227240595,45.22088772759404,55.022054954996214,44.97794504500379
HO,35.3,65.48919096582453,34.51080903417548,3.2790633346359996,54.71304686899763,45.28695313100236,55.03122894993426,44.96877105006574
HO,35.4,65.59138266566572,34.40861733433429,3.3131287413800994,54.64813950059998,45.351860499400026,55.03955963372869,44.96044036627131
HO,35.5,65.69361491758869,34.30638508241132,3.3472048443319524,54.58396826230887,45.41603173769113,55.04884769117746,44.951152308822536
HO,35.6,65.79558944028405,34.20441055971595,3.3811460205977673,54.52086278175333,45.479137218246656,55.05808237647511,44.94191762352489
HO,35.7,65.89770766625885,34.10229233374114,3.415075987784689,54.45881596511669,45.5411840348833,55.067408837462,44.932591162537996
HO,35.8,65.99955547254356,34.00044452745642,3.4489021860447693,54.39785780636639,45.602142193633604,55.076749133321826,44.923250866678174
HO,35.9,66.1013559014871,33.89864409851292,3.4827265344676444,54.33797729994737,45.66202270005263,55.0862721577548,44.913727842245194
HO,36.0,66.20271086156148,33.79728913843851,3.516453047376472,54.278799166721235,45.72120083327877,55.095796623173264,44.90420337682673
HO,36.1,66.30416273797167,33.69583726202834,3.550065750158169,54.220650228425306,45.77934977157469,55.106272172271034,44.893727827728966
HO,36.2,66.40499508214738,33.59500491785262,3.5836339165823072,54.16392178286229,45.83607821713772,55.11591353994431,44.884086460055684
HO,36.3,66.50589896002448,33.494101039975526,3.617036524557811,54.107837491720744,45.89216250827926,55.126357250389056,44.87364274961095
HO,36.4,66.60656324222269,33.39343675777731,3.650388596011018,54.052355786849816,45.947644213150184,55.13612185337913,44.86387814662088
HO,36.5,66.70698624483742,33.293013755162576,3.6835942457844557,53.997874804493954,46.002125195506046,55.14685647944605,44.85314352055395
HO,36.6,66.80730219620685,33.192697803793145,3.7166810043811878,53.94481566738002,46.05518433261998,55.15679194708777,44.84320805291222
HO,36.7,66.90710882306226,33.09289117693774,3.749693009358613,53.891973990222596,46.1080260097774,55.16763789185024,44.83236210814977
HO,36.8,67.00703139974704,32.99296860025295,3.7825029662684013,53.84043947516596,46.159560524834035,55.178515834028566,44.82148416597144
HO,36.9,67.10639489671337,32.89360510328662,3.815185551343334,53.789113448162816,46.210886551837184,55.18941264809928,44.810587351900736
HO,37.0,67.20573378553514,32.79426621446485,3.847675518210931,53.73950254917098,46.26049745082902,55.20126273430543,44.79873726569457
HO,37.1,67.30464059359007,32.695359406409935,3.8800641133557674,53.69008793327884,46.309912066721154,55.212372582803795,44.787627417196205
HO,37.2,67.40310024091485,32.596899759085154,3.9122979447984325,53.642007524712376,46.35799247528763,55.223501735249,44.776498264751005
HO,37.3,67.50165091133863,32.49834908866138,3.94436179406463,53.59447330266916,46.40552669733085,55.23559329511293,44.76440670488707
HO,37.4,67.59971818914133,32.40028181085868,3.976221731477436,53.54780470583863,46.45219529416136,55.246843423854195,44.753156576145805
HO,37.5,67.6976090773037,32.3023909226963,4.007887531692371,53.501708423411145,46.498291576588855,55.25915729066864,44.74084270933136
HO,37.6,67.79496487056373,32.20503512943627,4.03939437793509,53.456483951612846,46.543516048387154,55.270527261708224,44.72947273829178
HO,37.7,67.89212489223083,32.107875107769175,4.070700575889964,53.41258742331642,46.58741257668358,55.28297398396932,44.71702601603069
HO,37.8,67.9886023073664,32.0113976926336,4.101764479416827,53.36837097891775,46.63162902108224,55.29444097971176,44.70555902028824
HO,37.9,68.08511859514019,31.914881404859823,4.132638920474236,53.32543415009058,46.67456584990941,55.306924447399595,44.6930755526004
HO,38.0,68.18141089670058,31.818589103299416,4.163308014328781,53.283325453088736,46.71667454691127,55.31951826195412,44.68048173804588
HO,38.1,68.27699877242807,31.723001227571924,4.193776235575464,53.24173367386378,46.758266326136216,55.3322312701492,44.667768729850785
HO,38.2,68.37249634699769,31.62750365300232,4.224013090967646,53.200993418263984,46.799006581736,55.34493287692245,44.65506712307755
HO,38.3,68.46753393739023,31.53246606260977,4.2540086059606175,53.16067515519576,46.839324844804246,55.357661370187536,44.64233862981245
HO,38.4,68.56215999039007,31.43784000960993,4.283714539720776,53.12159695988825,46.87840304011175,55.370585882625534,44.629414117374466
HO,38.5,68.65649790451143,31.343502095488574,4.313256261785639,53.08257795734753,46.917422042652476,55.383521161209636,44.61647883879035
HO,38.6,68.75012548687273,31.249874513127267,4.342531755201711,53.04474928931464,46.95525071068536,55.39656158046444,44.60343841953555
HO,38.7,68.84399475682906,31.15600524317093,4.3714870151459655,53.00732153343589,46.99267846656411,55.410505009178564,44.58949499082144
HO,38.8,68.93701423851248,31.06298576148753,4.400187682096917,52.97036131721872,47.02963868278127,55.423755647597574,44.57624435240245
HO,38.9,69.02982164899292,30.970178351007068,4.428780924683801,52.93418702621599,47.06581297378401,55.43790685713985,44.56209314286016
HO,39.0,69.12247311621368,30.87752688378632,4.456832958815596,52.898748500723634,47.10125149927636,55.45116342115991,44.54883657884008
HO,39.1,69.21420786063123,30.785792139368755,4.484753884426838,52.863770486498254,47.136229513501746,55.4654286577096,44.534571342290384
HO,39.2,69.30574492229921,30.69425507770077,4.512563031243421,52.82951764777486,47.17048235222513,55.478786156338145,44.52121384366185
HO,39.3,69.39694599523072,30.60305400476928,4.539782737786532,52.79567408221935,47.20432591778066,55.49314831554044,44.50685168445956
HO,39.4,69.48792447132726,30.512075528672746,4.566945611615689,52.762552367594814,47.237447632405186,55.50764803318423,44.492351966815775
HO,39.5,69.5778170340265,30.422182965973505,4.593930636656412,52.729831171738496,47.270168828261504,55.521051824793645,44.47894817520636
HO,39.6,69.66828285587461,30.33171714412538,4.620441750640913,52.69785502154545,47.30214497845456,55.53682100676687,44.46317899323314
HO,39.7,69.75746983265631,30.242530167343695,4.646790775012067,52.666236486725715,47.33376351327428,55.55042160151389,44.44957839848611
HO,39.8,69.84672935087366,30.15327064912633,4.672601578905685,52.63497278389585,47.36502721610415,55.565203243903646,44.434796756096354
HO,39.9,69.93545312425657,30.06454687574342,4.698267656908666,52.604779535896796,47.3952204641032,55.5799616935408,44.42003830645919
HO,40.0,70.0233728079506,29.97662719204942,4.723392758224613,52.574968339378934,47.42503166062107,55.59470232393595,44.40529767606405
HO,40.1,70.11135072897218,29.888649271027813,4.7484106008473335,52.54512327254521,47.45487672745479,55.60965786538331,44.39034213461668
HO,40.2,70.19832277031739,29.801677229682603,4.772845276988586,52.51667193673637,47.48332806326363,55.62446102304454,44.37553897695546
HO,40.3,70.28552696227976,29.714473037720236,4.797212007024604,52.48784270505493,47.51215729494506,55.6394985894144,44.3605014105856
HO,40.4,70.37216188025336,29.627838119746645,4.821425528148255,52.460055301235954,47.53994469876404,55.655754256756275,44.34424574324372
HO,40.5,70.45826321143504,29.541736788564975,4.845114956741225,52.432931633900914,47.56706836609909,55.670853442125434,44.32914655787456
HO,40.6,70.5436617488439,29.456338251156104,4.868669740917777,52.40579514236512,47.594204857634885,55.68588977491207,44.31411022508794
HO,40.7,70.62864590223543,29.371354097764574,4.891677338482791,52.37964858481956,47.62035141518044,55.70101918846853,44.29898081153147
HO,40.8,70.71382771341236,29.286172286587643,4.914616995692025,52.35305030224752,47.64694969775248,55.717470995408505,44.2825290045915
HO,40.9,70.797988326356,29.20201167364399,4.936963233815074,52.327466993549145,47.67253300645085,55.73281541792847,44.26718458207152
HO,41.0,70.88188947343878,29.118110526561235,4.959238762055664,52.30215987592618,47.697840124073835,55.74920626800947,44.25079373199053
HO,41.1,70.96551986699458,29.034480133005413,4.980938705965392,52.27752476189088,47.72247523810912,55.764566411477304,44.2354335885227
HO,41.2,71.04844722370574,28.95155277629427,5.0025662965726925,52.25315835341302,47.74684164658699,55.781260028701375,44.218739971298625
HO,41.3,71.13106677170234,28.86893322829766,5.023620895628947,52.22938949344764,47.77061050655236,55.79666826768579,44.20333173231421
HO,41.4,71.21326050463185,28.786739495368145,5.0445544357457806,52.205588794876526,47.794411205123474,55.81336458852575,44.18663541147425
HO,41.5,71.29500109705691,28.704998902943096,5.064937558815306,52.18270529703134,47.81729470296867,55.82863934605303,44.17136065394697
HO,41.6,71.37618270130956,28.623817298690447,5.085219889281232,52.1597850037957,47.840214996204296,55.84549700973407,44.15450299026594
HO,41.7,71.45708660671633,28.542913393283676,5.10499477955054,52.13744527794674,47.862554722053275,55.86232397159133,44.13767602840868
HO,41.8,71.53711095195318,28.46288904804681,5.12464845332903,52.115713607867455,47.884286392132545,55.87779657432915,44.12220342567085
HO,41.9,71.61681608648531,28.383183913514692,5.14372345404584,52.09426358610052,47.905736413899476,55.89457052712545,44.10542947287455
HO,42.0,71.69623743674819,28.303762563251823,5.162290684078267,52.073028223081906,47.92697177691809,55.91014854293872,44.089851457061286
HO,42.1,71.77549814766382,28.224501852336175,5.180759685965304,52.052357343052535,47.94764265694745,55.928268935861055,44.07173106413895
HO,42.2,71.85399668660686,28.14600331339314,5.198649223678297,52.0319602880089,47.9680397119911,55.94510623839933,44.054893761600674
HO,42.3,71.93165759747629,28.068342402523722,5.216484674003354,52.01179760341035,47.98820239658966,55.960707397448125,44.039292602551875
HO,42.4,72.00969801537283,27.99030198462717,5.233767290148685,51.992161548188,48.007838451812006,55.97888852921863,44.021111470781385
HO,42.5,72.08673218608104,27.913267813918974,5.2509459102578635,51.97281810452099,48.02718189547902,55.99574237569591,44.00425762430408
HO,42.6,72.16314914222379,27.836850857776202,5.267596548795595,51.953642295876094,48.046357704123906,56.01120137505341,43.98879862494658
HO,42.7,72.23951962893202,27.760480371067974,5.283692323592891,51.9353610727447,48.064638927255295,56.02939122900109,43.970608770998915
HO,42.8,72.31505710855487,27.684942891445136,5.299731319421693,51.916667660548335,48.083332339451665,56.04641933385065,43.95358066614935
HO,42.9,72.39041875627242,27.609581243727565,5.315241188754271,51.898829537524584,48.101170462475416,56.06334669105696,43.936653308943036
HO,43.0,72.46528507945914,27.53471492054087,5.330627817499281,51.8811809407058,48.11881905929419,56.080166825283264,43.919833174716736
HO,43.1,72.53954983793072,27.46045016206928,5.345483027643717,51.86343569477203,48.13656430522798,56.09699260922625,43.90300739077375
HO,43.2,72.61339601877484,27.38660398122517,5.3598557540003515,51.846874016574006,48.153125983426,56.11403810860942,43.885961891390586
HO,43.3,72.68717123998803,27.31282876001196,5.374105427347311,51.829839657304355,48.170160342695645,56.13220062155057,43.86779937844944
HO,43.4,72.76021404750819,27.239785952491815,5.38785038967801,51.81332653312785,48.18667346687215,56.14899723635589,43.85100276364411
HO,43.5,72.83295097774361,27.167049022256407,5.4015184672868495,51.79733034970858,48.202669650291426,56.16725885353796,43.83274114646203
HO,43.6,72.90496224989882,27.09503775010118,5.414680158461644,51.781229339238436,48.218770660761564,56.18425518818086,43.81574481181914
HO,43.7,72.97646122981116,27.023538770188832,5.427721463592382,51.76592098655498,48.23407901344502,56.20097437870534,43.79902562129465
HO,43.8,73.04764999970882,26.95235000029118,5.440259751485612,51.75047345856479,48.2495265414352,56.21753283759495,43.782467162405055
HO,43.9,73.11823046802701,26.88176953197299,5.4522705916817324,51.735229432457906,48.264770567542094,56.23441470987862,43.765585290121365
HO,44.0,73.18868050697951,26.8113194930205,5.463828677979337,51.720789729204874,48.27921027079512,56.25265259708414,43.74734740291587
HO,44.1,73.25893683110436,26.741063168895636,5.475713557375544,51.70587568370504,48.29412431629497,56.2707277206614,43.72927227933861
HO,44.2,73.32825479677433,26.671745203225672,5.4866264234527495,51.69176883557158,48.30823116442842,56.28732890933612,43.712671090663875
HO,44.3,73.3971462430548,26.6028537569452,5.4974877986630615,51.677847216291696,48.322152783708304,56.30542203875118,43.69457796124882
HO,44.4,73.4657266488448,26.534273351155214,5.507850704595488,51.66408781898142,48.33591218101858,56.322016480722404,43.67798351927759
HO,44.5,73.53408940245589,26.465910597544102,5.518118092063076,51.65045884125462,48.34954115874538,56.33997653645692,43.66002346354307
HO,44.6,73.60160292261581,26.3983970773842,5.5279116259744345,51.63701065364673,48.36298934635327,56.356408302514225,43.64359169748576
HO,44.7,73.66891108714685,26.33108891285316,5.53760808500586,51.62435193440128,48.37564806559872,56.374343322468675,43.625656677531325
HO,44.8,73.7357814809701,26.264218519029907,5.546412197809896,51.61151248482392,48.38848751517608,56.39232382964472,43.607676170355276
HO,44.9,73.80222248717455,26.197777512825464,5.555589351928543,51.59915167298475,48.40084832701525,56.40874107568824,43.59125892431175
HO,45.0,73.86814588348317,26.131854116516852,5.564225253325242,51.586942716246696,48.4130572837533,56.424916916569224,43.57508308343078
HO,45.1,73.93394162620591,26.066058373794093,5.572417163275608,51.57455177472096,48.42544822527904,56.442867424662865,43.55713257533713
HO,45.2,73.99909726541352,26.00090273458649,5.580095942062107,51.56260322105791,48.4373967789421,56.460445926774284,43.539554073225716
HO,45.3,74.06351323364673,25.93648676635328,5.58770409240489,51.55112376350578,48.44887623649423,56.47640317267103,43.52359682732897
HO,45.4,74.12791057715476,25.872089422845246,5.595267479354043,51.539760133069215,48.460239866930785,56.4941510977487,43.5058489022513
HO,45.5,74.19199075533615,25.808009244663833,5.6023410428737925,51.52824162811157,48.47175837188842,56.51163948076996,43.48836051923005
HO,45.6,74.25531988354884,25.744680116451168,5.608928133079543,51.517156502707685,48.48284349729231,56.52913559254073,43.470864407459274
HO,45.7,74.31832804183043,25.681671958169577,5.6154462772640645,51.50621419181641,48.493785808183574,56.54496370793611,43.45503629206389
HO,45.8,74.3809956884072,25.619004311592818,5.62148222984776,51.495670451886035,48.50432954811397,56.562035430671045,43.437964569328955
HO,45.9,74.44313028950184,25.556869710498155,5.6270796226252315,51.485581713428516,48.514418286571484,56.577835718739976,43.42216428126003
HO,46.0,74.50494596957286,25.495054030427134,5.632610072174322,51.47533326893945,48.524666731060556,56.595166118682805,43.40483388131719
HO,46.1,74.5667312205143,25.4332687794857,5.638101801706209,51.46516292836202,48.53483707163797,56.612340411705475,43.38765958829453
HO,46.2,74.627468922803,25.372531077196996,5.643086725459745,51.455146938475,48.54485306152499,56.629206593307465,43.37079340669254
HO,46.3,74.68848349952091,25.311516500479087,5.64764113589369,51.44550214703779,48.55449785296221,56.64634098008175,43.35365901991825
HO,46.4,74.74876734919529,25.251232650804717,5.652130987204688,51.4360082459043,48.563991754095696,56.663152723895635,43.336847276104365
HO,46.5,74.80861210776388,25.19138789223613,5.6561663395488075,51.426617300181746,48.573382699818254,56.67849573832176,43.32150426167825
HO,46.6,74.86802410481586,25.131975895184155,5.660163728281502,51.41734571227755,48.58265428772245,56.69523138178037,43.30476861821963
HO,46.7,74.92710454729585,25.072895452704152,5.66368522587254,51.408175416017656,48.591824583982344,56.71192440369963,43.28807559630036
HO,46.8,74.98575303137716,25.01424696862283,5.667169822839653,51.39941414570516,48.60058585429484,56.72857441390264,43.271425586097365
HO,46.9,75.04376234065843,24.956237659341557,5.670157254221472,51.390751312210256,48.60924868778974,56.743263655761936,43.256736344238064
HO,47.0,75.10205980199687,24.897940198003127,5.672719070152767,51.382493158310304,48.61750684168969,56.76126224044965,43.23873775955036
HO,47.1,75.15951544188579,24.840484558114202,5.675246200929431,51.374040888710915,48.625959111289085,56.77774741830661,43.22225258169339
HO,47.2,75.21653696254988,24.78346303745011,5.677738252137762,51.365990261188045,48.63400973881197,56.79223884073493,43.20776115926507
HO,47.3,75.27342763727209,24.726572362727914,5.679809640803265,51.35771636704464,48.642283632955355,56.80844106299584,43.191558937004146
HO,47.4,75.3297948882502,24.670205111749794,5.681363876978169,51.350158001305665,48.64984199869432,56.82425415576776,43.17574584423224
HO,47.5,75.38592665404012,24.614073345959877,5.68334486341546,51.342375019340444,48.65762498065954,56.840308664156545,43.15969133584345
HO,47.6,75.44163179823367,24.558368201766324,5.684471938956682,51.33439748092813,48.66560251907187,56.85628285656901,43.14371714343098
HO,47.7,75.4967995329516,24.50320046704841,5.685497396850309,51.327100649881295,48.672899350118705,56.87169904295973,43.12830095704026
HO,47.8,75.55194933845328,24.44805066154672,5.686587022792522,51.31988033085,48.680119669149995,56.88735111378095,43.112648886219056
HO,47.9,75.60647153095191,24.3935284690481,5.687187312030261,51.312777403500306,48.68722259649969,56.9030586763849,43.09694132361509
HO,48.0,75.66086502352209,24.339134976477897,5.687374232193757,51.305449862607276,48.694550137392724,56.918519791193035,43.081480208806965
HO,48.1,75.7146148282406,24.285385171759398,5.687487783895536,51.29876562778626,48.70123437221375,56.93373082265101,43.06626917734898
HO,48.2,75.76816021083782,24.231839789162184,5.6876162378807,51.29162921002043,48.70837078997956,56.94898437714128,43.05101562285872
HO,48.3,75.82127269911001,24.178727300889996,5.687310843845222,51.28513233680627,48.714867663193736,56.96246166069372,43.03753833930628
HO,48.4,75.874359603886,24.12564039611401,5.686979661893751,51.27840983104485,48.72159016895516,56.97919334686231,43.020806653137676
HO,48.5,75.92671278290389,24.073287217096105,5.686191044233267,51.272350403724076,48.72764959627593,56.99228000505422,43.00771999494579
HO,48.6,75.97895528649474,24.021044713505272,5.685398777115549,51.2658114745924,48.734188525407596,57.00878036749817,42.991219632501846
HO,48.7,76.0307643129859,23.969235687014105,5.68417655075058,51.259903846264464,48.740096153735536,57.02348545571413,42.97651454428587
HO,48.8,76.08215553513247,23.91784446486753,5.682928682179391,51.25379766925134,48.74620233074865,57.03805865149902,42.96194134850098
HO,48.9,76.13342252231678,23.86657747768323,5.681680154080826,51.248038975908685,48.75196102409131,57.052348127016714,42.947651872983286
HO,49.0,76.18386900016743,23.816130999832563,5.6800023181968795,51.242081775122706,48.75791822487731,57.06495802488669,42.93504197511331
HO,49.1,76.23448677958442,23.765513220415592,5.677853232773686,51.23645568003066,48.763544319969334,57.0808592596338,42.919140740366196
HO,49.2,76.2847028902825,23.71529710971751,5.675771893193239,51.230645331117444,48.76935466888256,57.095078017342146,42.904921982657854
HO,49.3,76.33468628945053,23.665313710549466,5.673623768571329,51.225164039591,48.774835960409,57.10899549016669,42.8910045098333
HO,49.4,76.38374918213255,23.61625081786746,5.671075612761851,51.21974719760234,48.78025280239767,57.121056387783156,42.87894361221686
HO,49.5,76.43320013892193,23.566799861078067,5.668505038449439,51.214408083874844,48.785591916125156,57.13657827855775,42.86342172144226
HO,49.6,76.48213436988054,23.51786563011947,5.66593738258163,51.2094077274536,48.7905922725464,57.150238092411634,42.84976190758836
HO,49.7,76.530550527544,23.469449472456,5.66297186258421,51.2041806963847,48.795819303615296,57.16202260245842,42.83797739754157
HO,49.8,76.57905025587117,23.420949744128844,5.659962624242572,51.19959214485378,48.80040785514622,57.1772808431124,42.822719156887594
HO,49.9,76.6269431127881,23.373056887211906,5.656580385080411,51.19450229959012,48.80549770040988,57.19066040351717,42.80933959648282
HO,50.0,76.6746004543136,23.3253995456864,5.6531350339853885,51.18973379475427,48.81026620524574,57.20371041918558,42.79628958081442
HO,50.1,76.72175891189094,23.27824108810905,5.649294057516751,51.18505255571911,48.81494744428088,57.21658703782162,42.78341296217838
HO,50.2,76.76871045104274,23.23128954895726,5.645879562589363,51.18070287433062,48.81929712566937,57.22966002809954,42.77033997190047
HO,50.3,76.81533792685448,23.184662073145525,5.641629652023615,51.17584152818782,48.82415847181219,57.24239542908185,42.75760457091814
HO,50.4,76.86176585630132,23.138234143698675,5.637806620293049,51.17159518856913,48.82840481143087,57.25689772514825,42.74310227485174
HO,50.5,76.90787687166933,23.09212312833067,5.63354557069136,51.16713641769308,48.83286358230692,57.2675308943113,42.732469105688686
HO,50.6,76.95387235264444,23.04612764735556,5.629294036033474,51.16297848146911,48.83702151853089,57.28188677900972,42.71811322099028
HO,50.7,76.99897274502982,23.001027254970186,5.624651183444542,51.15890384343649,48.841096156563516,57.29235463020799,42.707645369792026
HO,50.8,77.04436463491149,22.955635365088522,5.620016508289399,51.15487225590795,48.845127744092046,57.304588366296436,42.69541163370356
HO,50.9,77.08943800090094,22.910561999099063,5.615345632975559,51.15088347012794,48.84911652987206,57.31859424149803,42.681405758501974
HO,51.0,77.13391614971168,22.86608385028833,5.610310278087641,51.14694982567768,48.85305017432233,57.32853047165675,42.67146952834325
HO,51.1,77.17869435925431,22.82130564074569,5.605281822466642,51.143085111334905,48.856914888665095,57.34252419501185,42.657475804988145
HO,51.2,77.22244580599885,22.777554194001155,5.600198367448118,51.13951502974905,48.860484970250944,57.35386572760912,42.64613427239088
HO,51.3,77.26630944959606,22.73369055040394,5.594775149041027,51.135718961379006,48.86428103862099,57.365385720287044,42.63461427971296
HO,51.4,77.31007789100066,22.68992210899934,5.589359611961182,51.13199082734635,48.86800917265364,57.3772481975758,42.6227518024242
HO,51.5,77.35312658677432,22.64687341322567,5.583912305902332,51.128554956262995,48.87144504373701,57.38858061560808,42.61141938439194
HO,51.6,77.39608410700049,22.60391589299953,5.578081331089311,51.124920276115816,48.87507972388419,57.39969756254942,42.60030243745058
HO,51.7,77.43884474421824,22.561155255781753,5.572285452906231,51.12157626935152,48.87842373064848,57.41083182257787,42.589168177422145
HO,51.8,77.48130050204772,22.518699497952266,5.566454874358333,51.118297857626786,48.881702142373214,57.42174604603703,42.578253953962964
HO,51.9,77.52347048745249,22.476529512547526,5.560290523657669,51.11504398055279,48.88495601944721,57.43267752850455,42.56732247149545
HO,52.0,77.56511322197119,22.434886778028822,5.5544412410463355,51.11209186295906,48.88790813704093,57.44322456912507,42.55677543087492
HO,52.1,77.60679204338163,22.393207956618358,5.547886910219136,51.10867818141968,48.89132181858033,57.45410444958012,42.545895550419885
HO,52.2,77.64845592333334,22.35154407666666,5.541715139172753,51.10581354386338,48.89418645613663,57.46660118791744,42.53339881208255
HO,52.3,77.6893298352076,22.310670164792406,5.535145126035709,51.10272415064633,48.89727584935369,57.47494154496731,42.52505845503269
HO,52.4,77.73041054358485,22.26958945641515,5.528997506422124,51.09994540604122,48.90005459395877,57.48722213915354,42.51277786084648
HO,52.5,77.77109464102536,22.228905358974647,5.522065270237935,51.09720308654351,48.9027969134565,57.497505929255766,42.50249407074425
HO,52.6,77.81138330490928,22.18861669509071,5.515512554212729,51.094236716603305,48.905763283396695,57.507394096437245,42.492605903562755
HO,52.7,77.8514924749863,22.148507525013684,5.50860742721271,51.09157871866397,48.90842128133604,57.517449432319054,42.48255056768094
HO,52.8,77.89172158107813,22.108278418921866,5.501758311290837,51.088968001722236,48.91103199827776,57.529282481920575,42.470717518079425
HO,52.9,77.93142124723784,22.068578752762154,5.494840173050361,51.08635533883669,48.9136446611633,57.53894446847349,42.461055531526505
HO,53.0,77.97047393774963,22.029526062250376,5.487592914176855,51.08353114026074,48.91646885973926,57.54659773849695,42.453402261503044
HO,53.1,78.0095211521232,21.99047884787681,5.480723859744694,51.081270355557805,48.918729644442195,57.55602327146727,42.443976728532725
HO,53.2,78.04848073471508,21.951519265284915,5.473484295112655,51.07878601568224,48.921213984317745,57.567220362020855,42.43277963797915
HO,53.3,78.08726312760986,21.91273687239013,5.465896125032063,51.076336363192134,48.92366363680788,57.57697597271345,42.42302402728654
HO,53.4,78.12543556342342,21.87456443657657,5.4586461807463875,51.073895552839865,48.92610444716014,57.58397745547842,42.41602254452159
HO,53.5,78.1639591496098,21.836040850390212,5.4511093020834425,51.071793376310126,48.92820662368987,57.59509547295788,42.404904527042106
HO,53.6,78.20187117170471,21.798128828295287,5.443527113003552,51.06943180000898,48.93056819999101,57.604031166427546,42.39596883357245
HO,53.7,78.2396040748866,21.76039592511339,5.435983116364487,51.06734506815577,48.93265493184423,57.612968439684295,42.387031560315705
HO,53.8,78.27704555036769,21.722954449632322,5.42841100563619,51.06531672042636,48.93468327957364,57.62165028400338,42.37834971599662
HO,53.9,78.31452522578843,21.68547477421157,5.420537125216841,51.063306629155015,48.93669337084498,57.63033208477552,42.36966791522447
HO,54.0,78.35162068954148,21.648379310458523,5.412658519295682,51.06107506013062,48.938924939869395,57.640784077261934,42.35921592273805
HO,54.1,78.38841798585928,21.61158201414073,5.404754956769149,51.05913019334333,48.94086980665668,57.64920639154541,42.35079360845457
HO,54.2,78.42495844449125,21.575041555508754,5.396910580929221,51.05720309293117,48.94279690706881,57.657629309543815,42.34237069045618
HO,54.3,78.46149979729934,21.538500202700654,5.389061807136207,51.055307976896636,48.94469202310336,57.66562881938303,42.33437118061697
HO,54.4,78.49757816086291,21.502421839137085,5.380849978980806,51.053192454199156,48.94680754580084,57.673786200671685,42.32621379932833
HO,54.5,78.53356847458332,21.46643152541667,5.372657135970098,51.05159868206148,48.948401317938526,57.681940536873675,42.31805946312632
HO,54.6,78.56931412692212,21.430685873077884,5.364521545264854,51.049794970946735,48.95020502905327,57.69186102847408,42.30813897152592
HO,54.7,78.60514317787505,21.394856822124947,5.356362145834958,51.04801178686444,48.951988213135536,57.69974744718741,42.30025255281259
HO,54.8,78.64012764487018,21.359872355129802,5.348221357310837,51.04624544584995,48.953754554150045,57.705435848483766,42.29456415151624
HO,54.9,78.67533139085023,21.324668609149764,5.339740670500458,51.04477093411959,48.955229065880424,57.7150812241349,42.2849187758651
HO,55.0,78.71015388798622,21.289846112013784,5.331259404308473,51.04330143406452,48.956698565935504,57.72252958549969,42.27747041450029
HO,55.1,78.74512116510822,21.254878834891784,5.3228334776598905,51.04163749538563,48.95836250461438,57.730295824013744,42.26970417598625
HO,55.2,78.77940423106523,21.22059576893476,5.31438886422169,51.04021373586378,48.95978626413621,57.73730544371352,42.26269455628648
HO,55.3,78.81362056241824,21.186379437581774,5.305959696381653,51.03884445522513,48.96115554477488,57.74463387076308,42.255366129236926
HO,55.4,78.8479588144282,21.152041185571797,5.2972167482276475,51.03720692008286,48.962793079917134,57.75179275677035,42.24820724322964
HO,55.5,78.88193565350366,21.118064346496336,5.288844147056626,51.035882506753225,48.96411749324676,57.76087431733835,42.23912568266166
HO,55.6,78.91545672862131,21.08454327137869,5.280116949601435,51.03456250167257,48.965437498327454,57.76615072682779,42.233849273172204
HO,55.7,78.94898332610923,21.05101667389078,5.271388016711368,51.03302473149826,48.96697526850174,57.77478666495095,42.22521333504904
HO,55.8,78.98256391790724,21.017436082092757,5.262737735228857,51.031748867549744,48.968251132450256,57.78181332576586,42.21818667423414
HO,55.9,79.0155569554186,20.984443044581393,5.254048534321749,51.03047720489966,48.96952279510033,57.78824328482442,42.21175671517558
HO,56.0,79.04832706276152,20.95167293723849,5.245414087648157,51.02926917599778,48.970730824002224,57.794984750405,42.205015249595
HO,56.1,79.08101102529083,20.918988974709162,5.236429608560222,51.02804056574908,48.97195943425092,57.80155951653335,42.19844048346666
HO,56.2,79.11363242638117,20.886367573618827,5.227461607217199,51.026864928401686,48.973135071598314,57.80844752122173,42.19155247877826
HO,56.3,79.14593599287359,20.854064007126414,5.2189445864563995,51.02518998310818,48.97481001689181,57.81457453388761,42.18542546611239
HO,56.4,79.17788252152567,20.822117478474325,5.210052987942245,51.02356922828506,48.976430771714924,57.82101375065248,42.17898624934751
HO,56.5,79.21051751211468,20.789482487885326,5.200991102817421,51.0243661676809,48.97563383231909,57.827285756543404,42.17271424345659
HO,56.6,79.24232140431889,20.757678595681117,5.192138188044851,51.02302978159435,48.97697021840564,57.83546472558374,42.16453527441627
HO,56.7,79.27374692303641,20.726253076963577,5.182918688275571,51.02167336209889,48.9783266379011,57.841287228805626,42.158712771194374
HO,56.8,79.30510816720142,20.694891832798582,5.174086769814791,51.02034550921213,48.97965449078788,57.84725892616329,42.1527410738367
HO,56.9,79.33661579636522,20.663384203634784,5.1649424253065215,51.01929831933811,48.98070168066187,57.85338171139555,42.14661828860445
HO,57.0,79.36776030829586,20.632239691704143,5.156167458682061,51.01825444070294,48.981745559297075,57.85949617404563,42.140503825954376
HO,57.1,79.39854723954795,20.601452760452048,5.147023924716134,51.017489423945065,48.982510576054935,57.86516769132539,42.13483230867461
HO,57.2,79.42926133541948,20.570738664580528,5.1379008628635185,51.016726811808844,48.98327318819115,57.870830447887776,42.129169552112224
HO,57.3,79.45989992660574,20.54010007339426,5.128798016868676,51.01596659297469,48.9840334070253,57.87648445832643,42.12351554167357
HO,57.4,79.49055167852026,20.509448321479738,5.119695077053297,51.01523278371703,48.98476721628297,57.883874923216716,42.11612507678329
HO,57.5,79.52054051396496,20.479459486035037,5.110302892852725,51.015250800740496,48.9847491992595,57.887489488434504,42.11251051156548
HO,57.6,79.55120790526234,20.44879209473766,5.101201947284943,51.014045443787914,48.98595455621209,57.89501583905692,42.10498416094307
HO,57.7,79.58001930542576,20.41998069457424,5.092474349725581,51.01294277796116,48.98705722203886,57.900355834422776,42.09964416557723
HO,57.8,79.6102599580044,20.389740041995598,5.083028237435575,51.01176858289025,48.98823141710976,57.905844756022894,42.094155243977106
HO,57.9,79.64020826780292,20.359791732197074,5.073568509082563,51.01057422031856,48.98942577968143,57.910572140083325,42.089427859916675
HO,58.0,79.66957587235169,20.33042412764832,5.064711167635394,51.011910229325494,48.988089770674506,57.91619798580413,42.08380201419587
HO,58.1,79.69865286177026,20.30134713822974,5.055474965142306,51.008365845610356,48.991634154389644,57.92106456284743,42.078935437152566
HO,58.2,79.72767711019931,20.27232288980068,5.046255314429476,51.0097248918178,48.99027510818222,57.92623704242351,42.07376295757649
HO,58.3,79.75743667999845,20.24256332000155,5.036857020935783,51.00858837296944,48.991411627030566,57.9328169940356,42.067183005964395
HO,58.4,79.78559583909953,20.214404160900468,5.027860454790633,51.00757638702371,48.992423612976275,57.93797069270713,42.06202930729288
HO,58.5,79.8138442347126,20.1861557652874,5.018665043488793,51.00893048786076,48.99106951213924,57.94094662009712,42.05905337990288
HO,58.6,79.84267652498713,20.157323475012877,5.009146659895516,51.00546438613068,48.9945356138693,57.94765058680428,42.05234941319573
HO,58.7,79.87116134022656,20.128838659773432,4.999990112606158,51.006841153099295,48.99315884690071,57.95233827500906,42.04766172499094
HO,58.8,79.89886553008331,20.10113446991667,4.9906714455851295,51.00588476803066,48.99411523196935,57.95717288016704,42.04282711983296
HO,58.9,79.92700733212284,20.07299266787715,4.981519140096538,51.00725685229537,48.99274314770462,57.96340688553191,42.03659311446808
HO,59.0,79.95502142053775,20.04497857946226,4.972043584364347,51.0038607081029,48.99613929189711,57.96606220056334,42.03393779943667
HO,59.1,79.98332989781927,20.01667010218072,4.962948093199882,51.00525513933314,48.99474486066687,57.97243206805979,42.02756793194022
HO,59.2,80.01050327189711,19.9894967281029,4.95368962344896,51.00433008302626,48.995669916973725,57.975226932366986,42.02477306763303
HO,59.3,80.03740031461639,19.96259968538361,4.944415318210212,51.003407691783366,48.99659230821664,57.979577078132415,42.02042292186759
HO,59.4,80.06523985822646,19.934760141773534,4.935001878441266,51.00482003290778,48.99517996709222,57.98391726441342,42.01608273558658
HO,59.5,80.09237406208081,19.907625937919192,4.9257676618416495,51.00389963142423,48.99610036857577,57.98980652709116,42.010193472908846
HO,59.6,80.11909953790204,19.88090046209795,4.916551481407453,51.003005123707446,48.99699487629256,57.99428298802031,42.00571701197969
HO,59.7,80.14583544320045,19.854164556799546,4.907337348859328,51.00211317900508,48.99788682099492,57.998157534567305,42.001842465432695
HO,59.8,80.17244998771181,19.827550012288185,4.8981587155677895,51.00124697425365,48.99875302574635,58.002769040479244,41.99723095952075
HO,59.9,80.19977059280673,19.800229407193267,4.8884534004092535,51.00267550247184,48.99732449752816,58.006625953215476,41.99337404678454
HO,60.0,80.22605134341762,19.77394865658236,4.879280016087891,51.00181100779423,48.99818899220578,58.01062811418654,41.98937188581346
HO,60.1,80.25185998980209,19.74814001019791,4.870314659468349,51.00337529162133,48.996624708378675,58.01477505480004,41.98522494519995
HO,60.2,80.2780962792387,19.721903720761297,4.860807608965009,51.002512221139455,48.997487778860545,58.02030469558785,41.979695304412154
HO,60.3,80.30392245255165,19.69607754744836,4.851673592253394,51.00167462631023,48.99832537368975,58.02229813104554,41.97770186895446
HO,60.4,80.33033165752936,19.66966834247064,4.842222084944839,51.00083940915731,48.9991605908427,58.027958969099934,41.97204103090006
HO,60.5,80.35535082719659,19.644649172803426,4.833298655232416,51.00239622975692,48.99760377024308,58.029938524802226,41.97006147519777
HO,60.6,80.38165318184929,19.618346818150716,4.8238848260076885,51.00158524283038,48.99841475716962,58.0357319617472,41.9642680382528
HO,60.7,80.4073313944134,19.592668605586596,4.8148102631385274,51.00077654915014,48.99922345084986,58.0393880297745,41.96061197022551
HO,60.8,80.4315706694791,19.5684293305209,4.805741313521148,51.00006346054061,48.99993653945939,58.04303432186684,41.956965678133166
HO,60.9,80.45713600380134,19.54286399619867,4.796352308168251,50.999259117744366,49.000740882255634,58.04667298968397,41.95332701031603
HO,61.0,80.48225214935995,19.517747850640042,4.787167288000941,51.00085294811535,48.99914705188465,58.05045508823061,41.94954491176939
HO,61.1,80.50749826114355,19.49250173885645,4.777782457717953,51.0000724892242,48.999927510775805,58.05363971931757,41.94636028068243
HO,61.2,80.53222058533444,19.46777941466556,4.768970181728503,51.001660811212766,48.998339188787234,58.05740423065588,41.942595769344116
HO,61.3,80.55667728477262,19.443322715227385,4.7597917888864485,50.998610685027735,49.00138931497226,58.06057421084789,41.93942578915211
HO,61.4,80.58137183174918,19.41862816825082,4.7506474514411865,51.00021936055934,48.99978063944066,58.06599588311776,41.934004116882235
HO,61.5,80.60565283167253,19.394347168327478,4.741523410602059,51.001801037364245,48.99819896263575,58.06762471124679,41.9323752887532
HO,61.6,80.62996065663633,19.37003934336368,4.732400191617602,50.998785700340754,49.00121429965925,58.070920795363904,41.9290792046361
HO,61.7,80.65422169719275,19.345778302807243,4.722944587987967,51.00041021197358,48.99958978802641,58.07435930812607,41.92564069187393
HO,61.8,80.67781855410931,19.322181445890696,4.714007481907045,50.99975235196585,49.00024764803414,58.07915545703889,41.92084454296111
HO,61.9,80.7019774289332,19.298022571066795,4.70493881298572,51.00137126287196,48.99862873712804,58.08257487330324,41.91742512669677
HO,62.0,80.72580504364237,19.274194956357636,4.695872552750705,50.99839507578401,49.001604924216004,58.08388947597229,41.916110524027694
HO,62.1,80.74992846553324,19.25007153446676,4.6868249376286135,51.00001146144941,48.99998853855058,58.088807373223226,41.911192626776774
HO,62.2,80.77298542338471,19.227014576615286,4.677611003832846,50.99938005195842,49.00061994804158,58.09010969630498,41.90989030369503
HO,62.3,80.79672997768778,19.20327002231223,4.668584478517205,51.00099086275477,48.99900913724523,58.09500706690718,41.904992933092814
HO,62.4,80.81976331515388,19.180236684846115,4.659736573005846,51.00038222441825,48.99961777558175,58.0979537185037,41.90204628149628
HO,62.5,80.8426840725215,19.157315927478496,4.650575882100997,50.99977515719614,49.00022484280387,58.09938935927522,41.90061064072477
HO,62.6,80.86656769255589,19.133432307444114,4.641619016659091,51.00140145647628,48.99859854352372,58.104405139511094,41.895594860488906
HO,62.7,80.88917851169388,19.110821488306115,4.632808676514493,51.000794667765646,48.999205332234354,58.10732835716985,41.89267164283015
HO,62.8,80.91203020646122,19.08796979353877,4.623684795123659,51.00021169943768,48.99978830056232,58.110394511394645,41.88960548860535
HO,62.9,80.93527399657162,19.06472600342837,4.614734774600586,51.00183107972002,48.99816892027998,58.11272197533239,41.887278024667616
HO,63.0,80.95775088799637,19.042249112003635,4.605631443590168,51.00124830368895,48.99875169631105,58.11577222770834,41.88422777229165
HO,63.1,80.98046155478974,19.01953844521025,4.596906686294835,51.00066702084236,48.99933297915763,58.118813208031895,41.88118679196812
HO,63.2,81.00225967293396,18.99774032706604,4.587981436866705,51.00239225475322,48.99760774524679,58.12333779613527,41.87666220386473
HO,63.3,81.02460010704301,18.975399892956986,4.5792754489304395,51.00181096945548,48.998189030544545,58.12429592583096,41.87570407416905
HO,63.4,81.04696760556183,18.953032394438154,4.570226029968315,51.00125325711606,48.99874674288393,58.12895159860122,41.871048401398795
HO,63.5,81.06921863001284,18.93078136998716,4.561555092197069,51.00067490570904,48.999325094290946,58.12989855084029,41.870101449159705
HO,63.6,81.09056732108795,18.909432678912047,4.552681708321555,51.00241345490994,48.99758654509006,58.13247266256203,41.867527337437956
HO,63.7,81.11279973450574,18.887200265494258,4.543685439362361,51.00185707901904,48.99814292098095,58.13709932051967,41.86290067948033
HO,63.8,81.13498753754503,18.86501246245497,4.5350492585594795,51.001302116623535,48.998697883376465,58.13965815392035,41.86034184607965
HO,63.9,81.15620932652784,18.843790673472157,4.526227687985225,51.003033358883854,48.996966641116146,58.142208573821975,41.857791426178025
HO,64.0,81.17803689532953,18.821963104670473,4.51760867663622,51.00250021028969,48.9974997897103,58.14490224848316,41.85509775151684
HO,64.1,81.19944984007482,18.80055015992518,4.508836439215201,51.00422568443932,48.995774315560666,58.14743983191868,41.852560168081325
HO,64.2,81.22119133036821,18.778808669631793,4.499910783977402,51.003692352460995,48.996307647539005,58.15011828373377,41.849881716266225
HO,64.3,81.24225056427935,18.757749435720665,4.4911558092986335,51.00543393467688,48.99456606532311,58.15278804848704,41.84721195151295
HO,64.4,81.26299012642474,18.737009873575264,4.482742429835055,51.002719004043996,48.997280995956,58.15341146536544,41.846588534634556
HO,64.5,81.28402956475797,18.71597043524202,4.4740054218828575,51.004457536010705,48.9955424639893,58.15753621324752,41.842463786752475
HO,64.6,81.30559973013554,18.69440026986447,4.4651487956006335,51.00392652543137,48.996073474568625,58.16018672666979,41.839813273330215
HO,64.7,81.3262176363812,18.673782363618784,4.456784937483314,51.005659301028864,48.994340698971136,58.16079636949611,41.83920363050389
HO,64.8,81.34650626766256,18.653493732337452,4.4482473696963,51.00523886829102,48.99476113170898,58.16504017821794,41.83495982178205
HO,64.9,81.36767404320796,18.632325956792055,4.439426530087419,51.00470880503617,48.99529119496382,58.1656421310675,41.8343578689325
HO,65.0,81.3885148564115,18.6114851435885,4.430771548434798,51.00645600989683,48.99354399010317,58.169869050004685,41.83013094999531
HO,65.1,81.40841222410864,18.591587775891355,4.422605503511372,51.00603617289069,48.99396382710932,58.172060912043996,41.827939087956004
HO,65.2,81.42910904878131,18.570890951218693,4.41399767238925,51.007777642067964,48.99222235793203,58.174814708852495,41.8251852911475
HO,65.3,81.44892867784007,18.55107132215994,4.405525109235219,51.00735726444533,48.99264273555468,58.17699461616171,41.82300538383831
HO,65.4,81.46968858859857,18.530311411401435,4.3967572712333585,51.006849275901644,48.99315072409836,58.179168873072825,41.82083112692717
HO,65.5,81.48942964329943,18.510570356700576,4.388316746380181,51.00643098259984,48.99356901740016,58.18133548927618,41.818664510723835
HO,65.6,81.509765006365,18.490234993634996,4.380079481914311,51.00818519643243,48.99181480356757,58.18364094232987,41.81635905767012
HO,65.7,81.52916080458729,18.4708391954127,4.371655668295056,51.00776634513642,48.99223365486359,58.18579618316466,41.814203816835345
HO,65.8,81.54879789589275,18.45120210410726,4.363260476751813,51.00736991011888,48.99263008988112,58.188089916355466,41.81191008364454
HO,65.9,81.56901661455366,18.430983385446346,4.354734703750393,51.009116860945134,48.99088313905487,58.19037572433036,41.80962427566966
HO,66.0,81.5883065896848,18.411693410315177,4.346356248002692,51.008719801414095,48.991280198585905,58.192655637184785,41.80734436281522
HO,66.1,81.60783438851914,18.39216561148086,4.338342516175063,51.00832365483403,48.99167634516597,58.194931674869984,41.80506832513002
HO,66.2,81.62766445137964,18.37233554862036,4.3298496447003565,51.010063374902,48.98993662509799,58.19719786851911,41.802802131480895
HO,66.3,81.64650609941219,18.353493900587807,4.32167634614697,51.01188703917481,48.98811296082518,58.19946023220018,41.80053976779982
HO,66.4,81.66537825998907,18.334621740010938,4.313344554082054,51.01148862550855,48.98851137449146,58.19972514887769,41.80027485112231
HO,66.5,81.68482786602233,18.315172133977683,4.305041077375331,51.01111239953043,48.98888760046956,58.203548100692004,41.796451899307996
HO,66.6,81.70390216623686,18.296097833763138,4.2970874666339745,51.01071578233193,48.98928421766807,58.20579150830597,41.794208491694036
HO,66.7,81.72328388639946,18.276716113600546,4.288657114407484,51.012463961274456,48.987536038725544,58.206189400476305,41.79381059952368
HO,66.8,81.74200961196257,18.25799038803743,4.280543046499101,51.01427459100295,48.98572540899705,58.20984286345266,41.79015713654734
HO,66.9,81.76098507849854,18.23901492150147,4.272300086517566,51.01389690480976,48.986103095190224,58.212211437402985,41.787788562597015
HO,67.0,81.77971181125814,18.22028818874187,4.264043757580525,51.01352007845436,48.98647992154563,58.21401474481887,41.78598525518114
HO,67.1,81.79801154034413,18.20198845965586,4.256303710834826,51.01534458565563,48.98465541434436,58.21637180267605,41.78362819732395
HO,67.2,81.81667044023146,18.18332955976853,4.2480769863418155,51.01496695481477,48.98503304518523,58.21816481979138,41.781835180208624
HO,67.3,81.8346334935092,18.16536650649079,4.240019803842322,51.01678582142324,48.98321417857676,58.21854148328271,41.781458516717294
HO,67.4,81.85376633319865,18.14623366680135,4.231850849782873,51.01640739697818,48.98359260302181,58.22228932990634,41.777710670093654
HO,67.5,81.87112524604845,18.128874753951553,4.224278548200398,51.016117097505244,48.983882902494756,58.22406738331152,41.77593261668847
HO,67.6,81.88959383082663,18.11040616917337,4.216122876515654,51.015761265431166,48.98423873456882,58.22457351739987,41.77542648260014
HO,67.7,81.90775872085216,18.092241279147828,4.208122468108034,51.01757128398153,48.98242871601846,58.22830075424494,41.77169924575506
HO,67.8,81.92595030730318,18.074049692696814,4.199968478648249,51.01721459844517,48.98278540155484,58.23020207196827,41.76979792803172
HO,67.9,81.94371832749891,18.056281672501093,4.192325795987523,51.01901903785038,48.98098096214962,58.2305582433295,41.7694417566705
HO,68.0,81.96152042836003,18.03847957163997,4.184352379691833,51.016569545452214,48.983430454547786,58.23245157134791,41.76754842865209
HO,68.1,81.97956037949542,18.020439620504565,4.176406725961517,51.01839167453447,48.98160832546553,58.23628483855663,41.763715161443365
HO,68.2,81.99729374415693,18.00270625584306,4.168462698676414,51.020188989706696,48.979811010293304,58.238026175409686,41.76197382459032
HO,68.3,82.01440868840075,17.985591311599237,4.160995805840926,51.019918140894035,48.98008185910595,58.2399002135214,41.76009978647859
HO,68.4,82.03234799466152,17.967652005338465,4.1529414879330036,51.019561132205936,48.98043886779407,58.24038064328462,41.759619356715376
HO,68.5,82.04999395556297,17.950006044437036,4.145037597446586,51.02137218319791,48.978627816802096,58.24224668049823,41.75775331950176
HO,68.6,82.06701936721959,17.932980632780406,4.1376101315088745,51.02110098556136,48.97889901443863,58.244107793032725,41.75589220696728
HO,68.7,82.08433349214229,17.915666507857708,4.129719630819612,51.0229065620149,48.977093437985104,58.24596400035757,41.75403599964243
HO,68.8,82.10130064405294,17.898699355947052,4.121991138013108,51.02263435216361,48.97736564783639,58.24781532183974,41.752184678160276
HO,68.9,82.11856071902254,17.881439280977464,4.114453023312585,51.024455200997274,48.975544799002726,58.249799895229295,41.750200104770705
HO,69.0,82.13605229301983,17.86394770698017,4.106616706341675,51.02202593284638,48.97797406715362,58.251639390787126,41.74836060921289
HO,69.1,82.15324587099654,17.846754129003457,4.098780732977614,51.023822860136136,48.97617713986385,58.25347598551587,41.74652401448414
HO,69.2,82.17010189081694,17.829898109183056,4.091429254397058,51.02357151380807,48.976428486191935,58.25544340868009,41.74455659131992
HO,69.3,82.18665670629596,17.813343293704037,4.08375285546732,51.02330005315954,48.976699946840455,58.257270221082166,41.74272977891783
HO,69.4,82.20403482037092,17.795965179629082,4.075968803665907,51.025110623751324,48.974889376248676,58.25922753280926,41.74077246719073
HO,69.5,82.21968535887302,17.78031464112698,4.068762092351682,51.026983081399045,48.97301691860097,58.25913049180702,41.74086950819297
HO,69.6,82.23616225553234,17.76383774446767,4.06112276950985,51.02672952871521,48.973270471284785,58.261080205970174,41.738919794029826
HO,69.7,82.25323598806365,17.746764011936335,4.053677117488074,51.02851035054425,48.971489649455755,58.26425448083269,41.735745519167324
HO,69.8,82.2699203281208,17.730079671879196,4.04607652510068,51.02825576610229,48.971744233897695,58.26619238749764,41.73380761250236
HO,69.9,82.28631311519369,17.713686884806307,4.038799364705081,51.02800170133529,48.97199829866472,58.268125253712135,41.73187474628787
HO,70.0,82.30267576933161,17.697324230668386,4.031210866693066,51.027748154653615,48.972251845346385,58.27005309911577,41.72994690088424
TO,0.0,0.0,100.0,0.0,nan,nan,nan,nan
TO,0.0,0.0,100.0,0.0,nan,nan,nan,nan
TO,0.0,0.0,100.0,0.0,nan,nan,nan,nan
TO,0.1,17.389258620441378,82.61074137955863,0.003477948005419943,98.91238411731351,1.0876158826865001,76.8646145958822,23.135385404117795
TO,0.2,29.401861617267055,70.59813838273296,0.004111067089572955,98.79061038235874,1.2093896176412768,85.92469173538552,14.075308264614469
TO,0.3,38.0127832452708,61.98721675472919,0.004920697054708867,98.78653216468358,1.213467835316406,88.50503925948368,11.494960740516301
TO,0.4,44.20151609586706,55.798483904132944,0.005926923884369959,98.80660059029668,1.1933994097033067,88.65122104893666,11.348778951063345
TO,0.5,48.480287416709054,51.519712583290946,0.007149649263002478,98.827166383604,1.1728336163960078,87.24517590719026,12.754824092809756
TO,0.6,51.130413126297526,48.86958687370247,0.00860340664797024,98.83972876519421,1.160271234805788,84.5638818355961,15.436118164403908
TO,0.7,52.33663069006597,47.663369309934026,0.010295065968336372,98.83989520137033,1.1601047986296864,80.77267106797538,19.22732893202462
TO,0.8,52.2674297322136,47.73257026778641,0.012223903524943397,98.82470895708572,1.1752910429142882,76.07433821200812,23.925661787991874
TO,0.9,51.133630753320915,48.86636924667909,0.014387762786630067,98.79140082367329,1.208599176326717,70.75667684499352,29.24332315500647
TO,1.0,49.19174069507169,50.808259304928306,0.016795029661590466,98.737342485141,1.2626575148589942,65.15620229340836,34.84379770659164
TO,1.1,46.725280006589664,53.274719993410336,0.019474310707377436,98.65933840341067,1.3406615965893345,59.6016294423374,40.398370557662595
TO,1.2,44.00062082221237,55.99937917778763,0.022481363249953274,98.55407047826732,1.4459295217326722,54.35449756391407,45.645502436085934
TO,1.3,41.232223697311625,58.76777630268837,0.025895303798543264,98.417830598353,1.582169401646997,49.57890882460637,50.42109117539362
TO,1.4,38.57029302048797,61.429706979512034,0.029817658296354983,98.24653607591837,1.7534639240816268,45.349736796353056,54.650263203646944
TO,1.5,36.09884815009934,63.90115184990065,0.03436547202291497,98.03573719217134,1.9642628078286664,41.66842015978398,58.33157984021602
TO,1.6,33.85258695773662,66.14741304226338,0.03965972723789526,97.7809367264247,2.219063273575297,38.49337396787391,61.5066260321261
TO,1.7,31.835457660189153,68.16454233981085,0.04582909648358567,97.47742125809434,2.5225787419056616,35.76371535315581,64.23628464684418
TO,1.8,30.02925801560508,69.97074198439492,0.05299924470758449,97.12032284871671,2.8796771512832904,33.40968480687974,66.59031519312026
TO,1.9,28.410089458548647,71.58991054145135,0.06129240881464826,96.70519445341016,3.2948055465898394,31.36750672181704,68.63249327818295
TO,2.0,26.951132577397136,73.04886742260287,0.07082349216168407,96.22755982002266,3.7724401799773446,29.580276408590528,70.41972359140948
TO,2.1,25.625402167022543,74.37459783297746,0.08169854397180457,95.6828966554838,4.317103344516184,27.99829088200282,72.00170911799718
TO,2.2,24.40989038022845,75.59010961977155,0.09401241740393106,95.06858072765316,4.931419272346855,26.581428481997012,73.41857151800299
TO,2.3,23.285909022620697,76.7140909773793,0.10784724064257739,94.38054770750372,5.619452292496273,25.298307030438327,74.70169296956168
TO,2.4,22.236982999370465,77.76301700062953,0.12326051749470962,93.61760180686822,6.382398193131779,24.122520683229077,75.87747931677093
TO,2.5,21.250163859341566,78.74983614065843,0.1403109773913593,92.77746976881235,7.222530231187651,23.033417639911118,76.96658236008889
TO,2.6,20.315294749856918,79.68470525014308,0.15902904901502474,91.86082967231395,8.139170327686037,22.01457024425813,77.98542975574186
TO,2.7,19.42505345220738,80.57494654779262,0.17945359158175148,90.86749455479341,9.132505445206593,21.05393389646471,78.9460661035353
TO,2.8,18.574226640409357,81.42577335959065,0.2015803139280578,89.80017224378737,10.199827756212633,20.142051818643257,79.85794818135675
TO,2.9,17.759579680351052,82.24042031964895,0.22540061099003977,88.66159368759023,11.338406312409779,19.272423289101738,80.72757671089826
TO,3.0,16.917000245225783,83.0829997547742,0.25141457033935993,87.44984599835325,12.55015400164675,18.362909005608053,81.63709099439194
TO,3.1,16.114340753534716,83.88565924646528,0.2791591018789992,86.17427785051973,13.825722149480265,17.4947787425633,82.5052212574367
TO,3.2,15.35098973536844,84.64901026463156,0.30859682148678136,84.84200663176425,15.157993368235761,16.66472340275109,83.3352765972489
TO,3.3,14.625771530436513,85.37422846956349,0.3396806341482762,83.46086206016511,16.539137939834898,15.868423777128656,84.13157622287135
TO,3.4,13.938000887297722,86.06199911270228,0.37234787209083425,82.03935362475062,17.96064637524939,15.103666888941378,84.89633311105862
TO,3.5,13.288980827541556,86.71101917245845,0.40656354456851307,80.58826358826359,19.41173641173641,14.369365603714432,85.63063439628557
TO,3.6,12.678277675316965,87.32172232468304,0.442212156303415,79.11533744130021,20.88466255869978,13.663702663990698,86.33629733600931
TO,3.7,12.106676578630953,87.89332342136905,0.4792188230450575,77.63210722234064,22.367892777659364,12.985761755765521,87.01423824423448
TO,3.8,11.524705076109878,88.47529492389012,0.5185184064579179,76.12600623703756,23.87399376296244,12.266263976188242,87.73373602381174
TO,3.9,10.992031807645084,89.00796819235492,0.5590301423936433,74.62832878744013,25.37167121255987,11.582745301456399,88.41725469854362
TO,4.0,10.508104880710002,89.49189511928999,0.6006424181080849,73.14890321521804,26.851096784781948,10.933773402145462,89.06622659785454
TO,4.1,10.071893947375775,89.92810605262423,0.6431649211554309,71.6964742744575,28.303525725542507,10.31846534563779,89.68153465436221
TO,4.2,9.682701754799156,90.31729824520085,0.6864626590093358,70.27910341346129,29.720896586538707,9.735168556203941,90.26483144379606
TO,4.3,9.340007682402284,90.65999231759773,0.7304287383843899,68.90399853552655,31.09600146447344,9.18396575602988,90.81603424397012
TO,4.4,9.042203425347646,90.95779657465235,0.7748466003951897,67.5773130944133,32.422686905586694,8.663605087963905,91.33639491203608
TO,4.5,8.7877177119976,91.2122822880024,0.8195637349244596,66.30390759374491,33.6960924062551,8.173050857440622,91.82694914255937
TO,4.6,8.574736767092961,91.42526323290704,0.8644364258673499,65.0875706065982,34.91242939340181,7.710944855544404,92.28905514445559
TO,4.7,8.401730164015293,91.59826983598471,0.9092324090086954,63.93123444381883,36.06876555618116,7.277393234612216,92.7226067653878
TO,4.8,8.265864784906137,91.73413521509387,0.9538012973646062,62.83639649863917,37.16360350136082,6.870383863268927,93.12961613673106
TO,4.9,8.165779893453589,91.83422010654641,0.9980762201656279,61.80384141707936,38.19615858292063,6.489900735880018,93.51009926411999
TO,5.0,8.098135093674648,91.90186490632536,1.0417426094101385,60.834007885735176,39.16599211426483,6.134117129155445,93.86588287084456
TO,5.1,8.061304929831199,91.93869507016879,1.0847929641124365,59.92533316694484,40.07466683305515,5.802758548981752,94.19724145101826
TO,5.2,8.051949335228466,91.94805066477153,1.1269808564616435,59.077223912098816,40.92277608790117,5.494105776879252,94.50589422312075
TO,5.3,8.067996808288234,91.93200319171176,1.1682077439079608,58.28794494761692,41.712055052383086,5.207853336826481,94.79214666317351
TO,5.4,8.107431806842785,91.89256819315722,1.2084777310951085,57.55482080712172,42.44517919287827,4.942997962143799,95.0570020378562
TO,5.5,8.166839204532954,91.83316079546705,1.2475072407436354,56.87612918941962,43.12387081058038,4.697921213276096,95.30207878672391
TO,5.6,8.244148638483697,91.7558513615163,1.285265639449157,56.24845721770233,43.751542782297676,4.472323409207042,95.52767659079295
TO,5.7,8.337558378861086,91.66244162113892,1.3217519352232037,55.669469243304306,44.330530756695694,4.26496404529584,95.73503595470416
TO,5.8,8.444615044105468,91.55538495589454,1.3568273630328551,55.13674857698181,44.863251423018184,4.075391122186557,95.92460887781344
TO,5.9,8.563362461878002,91.436637538122,1.3905008018434908,54.64736655784132,45.35263344215868,3.9025597511625167,96.09744024883747
TO,6.0,8.691529080945424,91.30847091905457,1.4227069575274076,54.19753555833087,45.80246444166913,3.745714725681775,96.25428527431824
TO,6.1,8.827868617131053,91.17213138286895,1.4534193419900512,53.78448900700653,46.21551099299348,3.604272083385586,96.3957279166144
TO,6.2,8.970349957084732,91.02965004291526,1.482620872453419,53.406677822231885,46.59332217776811,3.477636982909375,96.52236301709063
TO,6.3,9.118403934054552,90.88159606594544,1.510409126896465,53.062596967564126,46.937403032435874,3.3650785239985606,96.63492147600145
TO,6.4,9.26948160764558,90.73051839235443,1.5366793008102326,52.746350858462456,47.253649141537544,3.2660888104818016,96.7339111895182
TO,6.5,9.423587100431874,90.57641289956813,1.5614640185557,52.45977885711463,47.54022114288537,3.1803829190331165,96.81961708096688
TO,6.6,9.579127966091013,90.42087203390898,1.584867220472639,52.196636586381764,47.80336341361823,3.107457475258626,96.89254252474137
TO,6.7,9.734970051150945,90.26502994884905,1.606835301359907,51.958143778719176,48.041856221280824,3.04696141712893,96.95303858287107
TO,6.8,9.890927491572032,90.10907250842797,1.6275314889841037,51.740699326827425,48.259300673172575,2.9987429637754413,97.00125703622456
TO,6.9,10.045625630886144,89.95437436911385,1.6468817398207758,51.541099968499914,48.45890003150008,2.9626336059226084,97.0373663940774
TO,7.0,10.1989665687684,89.8010334312316,1.6649586972779393,51.36049877532843,48.63950122467157,2.938395917379898,97.0616040826201
TO,7.1,10.351085471341397,89.64891452865862,1.6818850389598246,51.197982067233525,48.80201793276647,2.926153581921544,97.07384641807846
TO,7.2,10.499930398286994,89.50006960171302,1.6975697166133465,51.04835446083846,48.95164553916154,2.925797881427422,97.07420211857259
TO,7.3,10.646516938208677,89.35348306179132,1.712206926452479,50.91512627710445,49.08487372289555,2.937467678266221,97.06253232173378
TO,7.4,10.790335660250228,89.20966433974978,1.725820699017338,50.791083318499716,49.208916681500284,2.961476639277566,97.03852336072242
TO,7.5,10.93073141147498,89.069268588525,1.738376021702601,50.67992554881319,49.32007445118681,2.9980288766587844,97.00197112334122
TO,7.6,11.068107468655043,88.93189253134494,1.750048073451174,50.580959084500634,49.41904091549936,3.047369721190376,96.95263027880962
TO,7.7,11.201540212428478,88.79845978757152,1.7608202812073954,50.49152091825483,49.50847908174518,3.1100730658926237,96.88992693410738
TO,7.8,11.331749404369202,88.66825059563081,1.7707109669768926,50.40691283968146,49.59308716031855,3.1864392342901304,96.81356076570987
TO,7.9,11.458969096702381,88.54103090329761,1.7799215387355543,50.33297001330889,49.667029986691105,3.277417675802112,96.72258232419789
TO,8.0,11.581665920017869,88.41833407998213,1.7882826840553958,50.26712489132446,49.73287510867554,3.3832543054191047,96.6167456945809
TO,8.1,11.702223936484444,88.29777606351556,1.796028338394428,50.206929603320624,49.793070396679376,3.5048134565717945,96.49518654342822
TO,8.2,11.817988002348336,88.18201199765166,1.8030724564789133,50.15209917825734,49.84790082174267,3.6430187646792773,96.35698123532073
TO,8.3,11.930834912409404,88.0691650875906,1.8095630091789832,50.10427614194677,49.89572385805322,3.7989184938480727,96.20108150615194
TO,8.4,12.040046896111216,87.9599531038888,1.81546707633214,50.0591744175887,49.9408255824113,3.9736208746976978,96.0263791253023
TO,8.5,12.146463677981398,87.8535363220186,1.8208853980096258,50.02052249766486,49.97947750233515,4.167746647240542,95.83225335275945
TO,8.6,12.249257534425,87.750742465575,1.825786359988259,49.98608223266827,50.01391776733174,4.382888420780027,95.61711157921997
TO,8.7,12.348661503382779,87.65133849661721,1.8302484514528472,49.953655031694986,50.04634496830502,4.619989938460107,95.38001006153989
TO,8.8,12.445638853518615,87.55436114648137,1.8342887716438143,49.926977646896184,50.073022353103816,4.880667380706997,95.119332619293
TO,8.9,12.539270817576828,87.46072918242317,1.8379520869068804,49.900037898141456,50.09996210185855,5.166161367012303,94.83383863298769
TO,9.0,12.630067542393855,87.36993245760615,1.8412106013373823,49.87847826898792,50.121521731012095,5.477832645345024,94.52216735465497
TO,9.1,12.717902061202635,87.28209793879736,1.8441483799251774,49.858283295739355,50.141716704260645,5.817311718729526,94.18268828127047
TO,9.2,12.803720122263373,87.19627987773663,1.8468697090538861,49.83935387128105,50.160646128718945,6.18622130777019,93.8137786922298
TO,9.3,12.886585699295408,87.11341430070459,1.849270044639823,49.82344913737763,50.17655086262236,6.585938670011972,93.41406132998803
TO,9.4,12.967001765216803,87.0329982347832,1.8513619665976921,49.81230530619659,50.187694693803394,7.017984174007285,92.98201582599272
TO,9.5,13.045273922116685,86.95472607788331,1.8532643076034367,49.800220542098515,50.19977945790149,7.484215604353809,92.51578439564618
TO,9.6,13.121267821303015,86.87873217869699,1.8548977108193514,49.78899145950081,50.2110085404992,7.985528609427016,92.01447139057298
TO,9.7,13.194663254450656,86.80533674554934,1.8563370686425502,49.780363954323064,50.21963604567694,8.5238408517364,91.4761591482636
TO,9.8,13.265533371996991,86.734466628003,1.8575507656015209,49.77061052711699,50.229389472883,9.100306352192982,90.89969364780703
TO,9.9,13.334996878476282,86.66500312152372,1.8586814533772973,49.765123966022884,50.234876033977116,9.715857597399735,90.28414240260027
TO,10.0,13.402503740419949,86.59749625958004,1.8596082605022386,49.76020347925766,50.23979652074233,10.371883945179498,89.6281160548205
TO,10.1,13.46811317521886,86.53188682478114,1.8603905395483091,49.75579594743677,50.244204052563234,11.068910174185206,88.9310898258148
TO,10.2,13.531482073523224,86.46851792647676,1.8610032896319282,49.75007075615125,50.24992924384875,11.807628786540675,88.19237121345932
TO,10.3,13.593724528672347,86.40627547132765,1.8615846762272545,49.74832791459699,50.25167208540302,12.588067237997253,87.41193276200275
TO,10.4,13.654252731984625,86.34574726801539,1.8620552246569937,49.74695623932017,50.25304376067983,13.409859792289433,86.59014020771058
TO,10.5,13.712482976027927,86.28751702397207,1.862290946274035,49.742422475454745,50.25757752454525,14.273505635179726,85.72649436482027
TO,10.6,13.76975290566632,86.23024709433369,1.8625246186617292,49.74171246935812,50.25828753064188,15.17722547973368,84.82277452026632
TO,10.7,13.826126868872787,86.1738731311272,1.8627167457349856,49.741282380272835,50.25871761972716,16.120560829481647,83.87943917051834
TO,10.8,13.880342318743526,86.11965768125648,1.8627465120083402,49.74110386993845,50.25889613006155,17.101999488211668,82.89800051178833
TO,10.9,13.93266915927693,86.06733084072306,1.8627168222838857,49.74286162592974,50.257138374070266,18.11729211677573,81.88270788322427
TO,11.0,13.984645187367423,86.01535481263258,1.8627060840195826,49.743111507462785,50.25688849253721,19.16617576808654,80.83382423191345
TO,11.1,14.035235412689723,85.96476458731028,1.8625933253891926,49.74354874221985,50.25645125778016,20.244733781916107,79.7552662180839
TO,11.2,14.084222584087366,85.91577741591263,1.862382793208336,49.74585772019302,50.25414227980699,21.350544818383913,78.64945518161608
TO,11.3,14.132550957307396,85.8674490426926,1.8621684130126406,49.74493028733666,50.255069712663335,22.477981783450453,77.52201821654954
TO,11.4,14.17959765660706,85.82040234339293,1.8618688221437178,49.74751732767725,50.25248267232275,23.62466182726687,76.37533817273314
TO,11.5,14.22498714344727,85.77501285655273,1.8615905957498402,49.748530060807624,50.251469939192376,24.785550260891036,75.21444973910897
TO,11.6,14.26995165093065,85.73004834906935,1.8612171005567384,49.74967194414588,50.25032805585411,25.954816918647744,74.04518308135225
TO,11.7,14.314793923505261,85.68520607649474,1.860942958282466,49.75258352782027,50.24741647217973,27.129567931058386,72.87043206894162
TO,11.8,14.357381516440022,85.64261848355997,1.8605197719400033,49.7539082710128,50.246091728987196,28.30291508667198,71.69708491332803
TO,11.9,14.399218808713787,85.60078119128622,1.8600684789353956,49.75696977061922,50.24303022938078,29.47172573282054,70.52827426717946
TO,12.0,14.440602835447333,85.55939716455268,1.8596874103750236,49.76008924420135,50.239910755798654,30.631042008063307,69.36895799193668
TO,12.1,14.480600150391199,85.5193998496088,1.8591497639590577,49.761632649483914,50.238367350516086,31.775755433290648,68.22424456670936
TO,12.2,14.51950427926551,85.4804957207345,1.8586474548084368,49.763232596852156,50.23676740314785,32.90154357436224,67.09845642563775
TO,12.3,14.5584151739354,85.4415848260646,1.858167297431369,49.766511511968275,50.23348848803173,34.004883019474576,65.99511698052542
TO,12.4,14.59666379245394,85.40333620754606,1.857717990488136,49.76821336553067,50.23178663446933,35.08084660109846,64.91915339890154
TO,12.5,14.63359201268492,85.36640798731509,1.8571217513254394,49.77157218621601,50.228427813783995,36.127424688141744,63.87257531185825
TO,12.6,14.6701747317656,85.3298252682344,1.8566088557799367,49.77495259699955,50.225047403000445,37.141408448079495,62.858591551920505
TO,12.7,14.706141385445587,85.29385861455442,1.856085623703271,49.7767565945939,50.2232434054061,38.119765556986465,61.88023444301353
TO,12.8,14.74110911064011,85.25889088935989,1.8555622657659174,49.778585461213176,50.221414538786824,39.06069695097432,60.93930304902568
TO,12.9,14.774805674145759,85.22519432585425,1.8549456157370348,49.782031565034984,50.21796843496501,39.96347529280378,60.03652470719623
TO,13.0,14.808996002257532,85.19100399774247,1.8544005079157246,49.78549782799139,50.214502172008615,40.82522266019827,59.17477733980173
TO,13.1,14.841831589010656,85.15816841098933,1.8538214928644103,49.78738121881482,50.21261878118517,41.64675938742875,58.353240612571255
TO,13.2,14.874894721422995,85.12510527857701,1.8532680370233416,49.790870408646036,50.20912959135397,42.42732605825131,57.57267394174869
TO,13.3,14.906618959152897,85.0933810408471,1.852729018245853,49.79278148737812,50.20721851262188,43.16625716811009,56.83374283188991
TO,13.4,14.938194020817688,85.06180597918231,1.8521337713099673,49.79471170295536,50.20528829704464,43.8647498418668,56.135250158133196
TO,13.5,14.969233078555183,85.03076692144481,1.8515377545601792,49.7982124044623,50.20178759553771,44.522592207416956,55.477407792583044
TO,13.6,14.999744236124215,85.00025576387577,1.8509878573140157,49.80015633878926,50.19984366121073,45.14093721105992,54.85906278894008
TO,13.7,15.029347430635262,84.97065256936474,1.8504011161351155,49.80210044972857,50.197899550271416,45.721125080577,54.278874919423004
TO,13.8,15.058438513196606,84.9415614868034,1.8498160060390925,49.805595888301056,50.19440411169893,46.26477529477056,53.735224705229435
TO,13.9,15.088488252246151,84.91151174775385,1.8493008010359353,49.80755548816218,50.192444511837806,46.77126309031273,53.22873690968728
TO,14.0,15.116569979281511,84.88343002071849,1.8487203122036955,49.81104246490126,50.18895753509873,47.24408974616382,52.75591025383617
TO,14.1,15.144933137385925,84.85506686261408,1.848126153796919,49.812999685993184,50.187000314006816,47.684185577798196,52.315814422201804
TO,14.2,15.172028175307368,84.82797182469264,1.8475525953286511,49.81647388198215,50.18352611801784,48.09278515904152,51.90721484095848
TO,14.3,15.199722802236556,84.80027719776345,1.8470589342242705,49.81689433220399,50.18310566779603,48.471845129481004,51.528154870519
TO,14.4,15.226625587914425,84.77337441208557,1.846477074022949,49.82036725481778,50.179632745182225,48.82247725631755,51.177522743682445
TO,14.5,15.252281714375899,84.7477182856241,1.8459168906720196,49.8223010920057,50.1776989079943,49.14703945780815,50.85296054219185
TO,14.6,15.279315706944782,84.72068429305521,1.845420912087788,49.82424707580132,50.17575292419868,49.446503493527814,50.55349650647217
TO,14.7,15.304801815646577,84.69519818435343,1.8448091512415574,49.82618272110098,50.17381727889902,49.72249670206204,50.277503297937976
TO,14.8,15.329437911452839,84.67056208854716,1.84425720067256,49.828107853425955,50.17189214657404,49.97671247012363,50.023287529876356
TO,14.9,15.355077646319282,84.64492235368073,1.843778225024912,49.83153794232922,50.168462057670794,50.20994642891716,49.79005357108285
TO,15.0,15.379182465832644,84.62081753416734,1.8431848665749269,49.831954863298414,50.168045136701586,50.425004404302044,49.57499559569796
TO,15.1,15.403909495434664,84.59609050456534,1.8427186831257496,49.83536400707646,50.16463599292354,50.62186357840407,49.378136421595926
TO,15.2,15.427489486393869,84.57251051360613,1.8421302868834941,49.837268739322326,50.162731260677674,50.80194540930898,49.198054590691015
TO,15.3,15.451701485958747,84.54829851404126,1.8416239785143032,49.83917078262189,50.16082921737811,50.967222513723854,49.03277748627615
TO,15.4,15.474381622168213,84.52561837783178,1.8410950272372377,49.841059989113916,50.15894001088609,51.117284218113035,48.88271578188697
TO,15.5,15.497702968094096,84.50229703190591,1.8406029707061269,49.842945631083964,50.15705436891604,51.25504417973519,48.74495582026482
TO,15.6,15.520267685100219,84.47973231489978,1.8400268530983495,49.84482743751299,50.15517256248702,51.38057634889663,48.61942365110337
TO,15.7,15.542708252424193,84.45729174757581,1.8395496031227783,49.84669611519448,50.15330388480551,51.49451528779736,48.505484712202644
TO,15.8,15.565092472909523,84.43490752709047,1.83911657810274,49.848560390547476,50.15143960945253,51.597879991225845,48.40212000877414
TO,15.9,15.58672515824287,84.41327484175713,1.8385552457188086,49.85041999980252,50.14958000019748,51.69215988045611,48.30784011954389
TO,16.0,15.60900376238958,84.39099623761042,1.8380761342545915,49.85227482826589,50.1477251717341,51.77749276700193,48.22250723299806
TO,16.1,15.63047279938706,84.36952720061295,1.8376131697602314,49.8541159604829,50.1458840395171,51.85492175809129,48.145078241908706
TO,16.2,15.651189816190739,84.34881018380926,1.8370675391402376,49.85595204814704,50.14404795185297,51.92454143208425,48.07545856791576
TO,16.3,15.672180928003185,84.32781907199681,1.8366123397724254,49.85632686336701,50.143673136632984,51.987386781308295,48.01261321869169
TO,16.4,15.692750318135651,84.30724968186435,1.8361650466595019,49.85814731961998,50.14185268038002,52.043984462316764,47.95601553768324
TO,16.5,15.713269895181206,84.28673010481879,1.8356731011504597,49.85996234122654,50.140037658773466,52.094484995230964,47.905515004769036
TO,16.6,15.733044925853074,84.26695507414692,1.8351438102531763,49.861771818575306,50.13822818142471,52.13982621302855,47.86017378697146
TO,16.7,15.753477329406518,84.24652267059348,1.8346966228031478,49.8635756430244,50.136424356975596,52.180578211052165,47.81942178894782
TO,16.8,15.773489991108464,84.22651000889154,1.8342577074686333,49.863933461494454,50.13606653850554,52.21681010873458,47.78318989126543
TO,16.9,15.793088088052635,84.20691191194737,1.8337824500421387,49.86572096618988,50.13427903381012,52.24900931162988,47.75099068837012
TO,17.0,15.812640472719004,84.18735952728099,1.8333519655644799,49.867502578243744,50.13249742175625,52.276864391428965,47.723135608571035
TO,17.1,15.831408428980737,84.16859157101926,1.8328935720645867,49.869271014131606,50.1307289858684,52.302160692192516,47.69783930780749
TO,17.2,15.850176727553162,84.14982327244684,1.832382328783333,49.871040923946715,50.12895907605329,52.323684158271554,47.676315841728446
TO,17.3,15.868864971108373,84.13113502889162,1.8319688915189178,49.872797675353276,50.12720232464674,52.342305253712155,47.657694746287845
TO,17.4,15.887142710894524,84.11285728910546,1.8315196169334111,49.873126263730214,50.12687373626979,52.358538317377324,47.64146168262267
TO,17.5,15.905759499729347,84.09424050027064,1.83106258324794,49.87487407131043,50.12512592868957,52.37282928057571,47.62717071942429
TO,17.6,15.92396309354893,84.07603690645107,1.8306583633656732,49.87519950515571,50.12480049484428,52.38442463009012,47.61557536990988
TO,17.7,15.942501308749419,84.05749869125057,1.8302022290904607,49.876938322633436,50.123061677366564,52.39376788762471,47.60623211237529
TO,17.8,15.960264502946917,84.03973549705309,1.829762671144893,49.87866405973042,50.121335940269574,52.401694474270286,47.59830552572972
TO,17.9,15.977622179917695,84.02237782008231,1.8293757466905862,49.878975988596316,50.121024011403684,52.407860265167606,47.592139734832394
TO,18.0,15.995316419557776,84.00468358044223,1.8289371724073442,49.88069283153594,50.11930716846407,52.41271391206398,47.58728608793602
TO,18.1,16.012606169835134,83.98739383016488,1.828507127129166,49.88100124213843,50.11899875786157,52.415860031255725,47.58413996874428
TO,18.2,16.030201818730415,83.9697981812696,1.8281659563410384,49.88270244983049,50.1172975501695,52.41811615325521,47.58188384674479
TO,18.3,16.047057236072753,83.95294276392725,1.82774498451764,49.884397854822474,50.11560214517752,52.41916447730844,47.58083552269155
TO,18.4,16.064251713738848,83.93574828626116,1.8273163464627489,49.884699325881584,50.115300674118416,52.418956546003436,47.58104345399656
TO,18.5,16.081046343290918,83.91895365670908,1.8268964064313105,49.886385761558024,50.11361423844196,52.41835702843528,47.58164297156472
TO,18.6,16.097440485651322,83.90255951434868,1.826484910576583,49.8866770409249,50.1133229590751,52.41616902055486,47.58383097944514
TO,18.7,16.113437433021257,83.88656256697874,1.8260820636323924,49.888348383951545,50.111651616048455,52.41361958894889,47.58638041105111
TO,18.8,16.13014182251886,83.86985817748113,1.825663714615705,49.89002021090547,50.109979789094524,52.410679069654556,47.589320930345444
TO,18.9,16.14641758549854,83.85358241450146,1.8253497358185575,49.89029847140095,50.10970152859906,52.40663762494086,47.59336237505914
TO,19.0,16.162328641764372,83.83767135823562,1.8249047321751006,49.89195540627924,50.10804459372077,52.40222548177229,47.597774518227716
TO,19.1,16.178210783789627,83.82178921621038,1.8245040511927018,49.893606967491934,50.106393032508066,52.397492661101296,47.602507338898704
TO,19.2,16.193698076454876,83.8063019235451,1.8241118714277984,49.89387840535412,50.10612159464588,52.39204329274318,47.60795670725682
TO,19.3,16.210228242828183,83.78977175717182,1.8237482400105518,49.895521250481615,50.10447874951838,52.38629070617811,47.613709293821906
TO,19.4,16.225662243908584,83.77433775609143,1.8233570840763527,49.895788926240655,50.10421107375935,52.38019507631695,47.61980492368305
TO,19.5,16.24070138677191,83.75929861322808,1.822974618480866,49.897417540943586,50.10258245905641,52.37383517923696,47.626164820763044
TO,19.6,16.256058752323398,83.7439412476766,1.8226362309966204,49.897675952501686,50.1023240474983,52.36714807823706,47.63285192176294
TO,19.7,16.27141069289319,83.7285893071068,1.822246829794345,49.897939315160436,50.10206068483956,52.36016993946492,47.63983006053509
TO,19.8,16.287078107063248,83.71292189293675,1.8219015620550307,49.89955642865406,50.100443571345956,52.35291027275897,47.64708972724103
TO,19.9,16.30128732834886,83.69871267165114,1.8215369788165983,49.901162793848954,50.09883720615106,52.34536690575099,47.65463309424901
TO,20.0,16.315833563135268,83.68416643686473,1.8211217790890435,49.90141398030573,50.09858601969426,52.33755583551567,47.66244416448433
TO,20.1,16.33106440725143,83.66893559274857,1.8207859651665728,49.90166432462079,50.098335675379204,52.330168093800246,47.669831906199754
TO,20.2,16.345198266872334,83.65480173312766,1.8204231037420118,49.9032608182719,50.09673918172809,52.32220905013809,47.677790949861915
TO,20.3,16.360377796252177,83.63962220374783,1.820088275131913,49.903507247139174,50.09649275286083,52.31427540854865,47.68572459145135
TO,20.4,16.374464446565913,83.62553555343409,1.8196832676697885,49.90509408672087,50.09490591327913,52.30607543302249,47.693924566977515
TO,20.5,16.388873196857364,83.61112680314264,1.8193652106287908,49.90533291259073,50.09466708740927,52.298007713501484,47.701992286498516
TO,20.6,16.40291130467074,83.59708869532926,1.8189614099860505,49.90691295852628,50.093087041473716,52.28967500093459,47.71032499906541
TO,20.7,16.417274993797225,83.58272500620278,1.8186442364680577,49.907148088688494,50.0928519113115,52.28140806883799,47.718591931162
TO,20.8,16.43161139073681,83.5683886092632,1.8183276643288602,49.90738112696296,50.09261887303704,52.27288393652928,47.72711606347072
TO,20.9,16.44486292343644,83.55513707656355,1.817941220708466,49.908945351080625,50.091054648919375,52.26480836236933,47.735191637630656
TO,21.0,16.459156380189985,83.54084361981002,1.8176255814540516,49.90917611029181,50.09082388970819,52.256481425211184,47.74351857478882
TO,21.1,16.472362187690607,83.52763781230938,1.8172402894799489,49.910733895584706,50.089266104415294,52.24827725391374,47.75172274608625
TO,21.2,16.486608960673937,83.51339103932605,1.8169256625889343,49.910961074843854,50.08903892515614,52.239791450064665,47.76020854993535
TO,21.3,16.500475066611504,83.4995249333885,1.816619315754485,49.912509823569955,50.08749017643004,52.23140115961243,47.76859884038757
TO,21.4,16.513258083998323,83.48674191600168,1.816243376691198,49.912728848702216,50.087271151297784,52.22307590966682,47.776924090333196
TO,21.5,16.52672276466638,83.47327723533363,1.815945759911571,49.91294852493713,50.087051475062886,52.214565848757644,47.78543415124237
TO,21.6,16.54052564263523,83.45947435736477,1.8155980783029917,49.914487023005236,50.085512976994764,52.20642629834153,47.793573701658474
TO,21.7,16.553949937039107,83.4460500629609,1.8153013056501288,49.91470333374497,50.08529666625503,52.19807375928045,47.80192624071955
TO,21.8,16.566290075095168,83.43370992490483,1.8149353453089891,49.916229965111725,50.083770034888275,52.18978262110671,47.81021737889329
TO,21.9,16.579671858451654,83.42032814154835,1.814596966214769,49.916442965449534,50.083557034550466,52.18161226414952,47.818387735850486
TO,22.0,16.59267649977175,83.40732350022826,1.8143093508101868,49.917963700628164,50.08203629937184,52.17320296847946,47.82679703152055
TO,22.1,16.605663743446538,83.39433625655347,1.8139795766822675,49.91686136172746,50.08313863827254,52.16515036742598,47.83484963257401
TO,22.2,16.618627333830087,83.38137266616992,1.813692912089885,49.91837693728192,50.08162306271808,52.15692020442889,47.84307979557111
TO,22.3,16.630513378252886,83.36948662174711,1.813294819111647,49.91858116146409,50.08141883853591,52.14907388619835,47.85092611380165
TO,22.4,16.6434391458713,83.35656085412869,1.8130089971405452,49.92008971234876,50.079910287651245,52.14099066794158,47.85900933205842
TO,22.5,16.65599107374715,83.34400892625285,1.8126889055433617,49.92029083697431,50.07970916302569,52.132993255703155,47.867006744296845
TO,22.6,16.66852331762708,83.33147668237292,1.8123693159154175,49.92049137569081,50.079508624309184,52.125080290407965,47.87491970959202
TO,22.7,16.681388700873082,83.31861129912693,1.812084895235246,49.92199047739565,50.07800952260435,52.11724728809375,47.88275271190626
TO,22.8,16.69352822498066,83.30647177501933,1.8117738688627867,49.92348118301819,50.07651881698181,52.1091856220942,47.89081437790579
TO,22.9,16.706001693918488,83.29399830608152,1.8114557450560138,49.92367622246087,50.07632377753913,52.1015198177718,47.898480182228205
TO,23.0,16.717754868371852,83.28224513162816,1.8111532670099892,49.923866764008515,50.07613323599149,52.093908338409925,47.90609166159007
TO,23.1,16.730192836235066,83.26980716376492,1.8108781782137688,49.924060691811455,50.07593930818853,52.08637225517765,47.913627744822364
TO,23.2,16.742256023592557,83.25774397640744,1.8105689792900423,49.92553996564461,50.0744600343554,52.07832699045903,47.92167300954095
TO,23.3,16.753953876945825,83.24604612305416,1.810267889282618,49.92572710580991,50.07427289419009,52.070950385701295,47.929049614298705
TO,23.4,16.765983502355848,83.23401649764415,1.8099595652001095,49.92719987636295,50.07280012363705,52.06334485572231,47.93665514427769
TO,23.5,16.777648145985417,83.22235185401458,1.8096592490911227,49.927385475181595,50.072614524818405,52.05611943570748,47.94388056429251
TO,23.6,16.789290918628407,83.21070908137158,1.8093594721860264,49.92756927740685,50.072430722593154,52.04866511540608,47.95133488459392
TO,23.7,16.8012654067654,83.19873459323459,1.8090105490737873,49.92903330576139,50.07096669423861,52.04128543462034,47.958714565379665
TO,23.8,16.81287598767252,83.18712401232749,1.8087116561021528,49.929215599004614,50.070784400995386,52.03427806932436,47.96572193067565
TO,23.9,16.82517000964807,83.17482999035192,1.8084890963140827,49.92939611229691,50.07060388770309,52.02674682420303,47.97325317579696
TO,24.0,16.8363963006658,83.1636036993342,1.8081986303952795,49.93084924524118,50.069150754758816,52.01988341316069,47.9801165868393
TO,24.1,16.8479527097575,83.15204729024249,1.807900965781274,49.93102701987147,50.06897298012852,52.01276439403502,47.98723560596498
TO,24.2,16.858792302371338,83.14120769762866,1.8075771022848,49.93120208276445,50.068797917235564,52.00547577756832,47.994524222431686
TO,24.3,16.870313896785884,83.12968610321411,1.8072803601726573,49.9313788947976,50.0686211052024,51.99849916978911,48.00150083021088
TO,24.4,16.882176440461123,83.11782355953888,1.807067143617154,49.9328215107367,50.0671784892633,51.99161397636547,48.00838602363452
TO,24.5,16.89297176534478,83.10702823465522,1.806744417170087,49.932992237716164,50.067007762283836,51.9847496266625,48.0152503733375
TO,24.6,16.904095118945403,83.0959048810546,1.8064565136921784,49.93442885818534,50.06557114181466,51.97799950788836,48.02200049211164
TO,24.7,16.914854069677997,83.085145930322,1.8061348117237437,49.934597020442325,50.065402979557675,51.97100031274859,48.02899968725141
TO,24.8,16.926306574416454,83.07369342558356,1.8059305036814972,49.934766003120444,50.065233996879556,51.96464149191006,48.035358508089935
TO,24.9,16.93703328113208,83.06296671886791,1.8056096558373338,49.934934542921965,50.06506545707804,51.95780078854615,48.04219921145385
TO,25.0,16.947746996210913,83.05225300378909,1.805330836780175,49.93510138317919,50.06489861682082,51.95125515146728,48.04874484853273
TO,25.1,16.959495256042477,83.04050474395753,1.8050783972352185,49.93652577010056,50.06347422989943,51.94479963123707,48.05520036876293
TO,25.2,16.969482644267256,83.03051735573274,1.8047738311452142,49.93668817441095,50.06331182558904,51.937869963237404,48.0621300367626
TO,25.3,16.98014862994668,83.01985137005333,1.8044962491934504,49.93685333380872,50.06314666619128,51.9315341137632,48.06846588623681
TO,25.4,16.991159094385985,83.00884090561401,1.8042599327889282,49.938266781276866,50.061733218723134,51.92525974016002,48.074740259839984
TO,25.5,17.001792235089432,82.99820776491056,1.8039416205243217,49.93842821249022,50.061571787509784,51.91874422120566,48.08125577879434
TO,25.6,17.01242757857481,82.98757242142518,1.8037135023593462,49.93858740965575,50.061412590344254,51.912583502862084,48.08741649713791
TO,25.7,17.0226862288874,82.97731377111259,1.803403518710028,49.93999325724391,50.06000674275608,51.90621069702658,48.09378930297343
TO,25.8,17.033637586471396,82.9663624135286,1.8031685067529997,49.93890765412756,50.06109234587244,51.900146040294814,48.09985395970519
TO,25.9,17.043865586972434,82.95613441302757,1.8028593768842818,49.940309527760235,50.05969047223977,51.893884773489596,48.1061152265104
TO,26.0,17.05444018669202,82.94555981330798,1.8026326075015369,49.940465584442336,50.05953441555767,51.88768270758022,48.11231729241977
TO,26.1,17.064299097369,82.935700902631,1.8023316869913004,49.940621253818776,50.059378746181224,51.88178319464488,48.11821680535511
TO,26.2,17.075199964469483,82.92480003553051,1.8020978812400872,49.94201571437511,50.05798428562489,51.876673720900015,48.123326279099985
TO,26.3,17.084662986907485,82.91533701309251,1.801805659694675,49.9434038554606,50.0565961445394,51.86889697802791,48.13110302197209
TO,26.4,17.095192493425216,82.90480750657477,1.801579977979999,49.943555314853086,50.056444685146914,51.863890184494196,48.136109815505804
TO,26.5,17.105707338036737,82.89429266196326,1.8013546105178597,49.94370640020618,50.05629359979381,51.85892779468732,48.14107220531268
TO,26.6,17.115127927382616,82.88487207261738,1.8010635546797782,49.94508739607447,50.054912603925516,51.85133385190554,48.14866614809447
TO,26.7,17.125272588055495,82.87472741194452,1.800805095176302,49.944004699088055,50.05599530091194,51.84620852356259,48.153791476437405
TO,26.8,17.13470020874658,82.8652997912534,1.8005141895781502,49.9453820050294,50.054617994970606,51.84138846775399,48.15861153224602
TO,26.9,17.14512298757699,82.85487701242302,1.8002908684967425,49.945530114240725,50.054469885759275,51.833969139668625,48.166030860331375
TO,27.0,17.154885756177706,82.84511424382231,1.800040871385981,49.94567519651066,50.05432480348935,51.828988296551245,48.17101170344874
TO,27.1,17.16497498134076,82.83502501865925,1.799824817433623,49.947046757004706,50.052953242995294,51.824074180420446,48.17592581957956
TO,27.2,17.174312654827244,82.82568734517277,1.7995361035917694,49.94596820484359,50.05403179515642,51.816824054715006,48.183175945284994
TO,27.3,17.18437386635301,82.815626133647,1.799279783630115,49.94733490382089,50.052665096179105,51.81197803463612,48.18802196536388
TO,27.4,17.19408265516665,82.80591734483336,1.7990720802635745,49.94747717840401,50.052522821596,51.80717590526456,48.19282409473545
TO,27.5,17.203778107032868,82.79622189296714,1.798823783079189,49.94761911968294,50.052380880317045,51.802414606625824,48.197585393374176
TO,27.6,17.212385726066106,82.7876142739339,1.7985104422614078,49.94897775132018,50.051022248679836,51.79540072440084,48.20459927559915
TO,27.7,17.222395057233932,82.77760494276606,1.7982965699205433,49.95033447161109,50.0496655283889,51.79147239075059,48.208527609249415
TO,27.8,17.23204543168897,82.76795456831104,1.798048740018712,49.95047258070274,50.049527419297256,51.784862817352675,48.215137182647325
TO,27.9,17.241318912056947,82.75868108794305,1.7978100261856633,49.94939756505299,50.05060243494701,51.77850063705552,48.22149936294447
TO,28.0,17.25061321528565,82.74938678471435,1.7976116402666755,49.9507466598962,50.0492533401038,51.774446719820375,48.225553280179625
TO,28.1,17.260231787684972,82.73976821231503,1.797365511999388,49.950883814247476,50.04911618575253,51.77042634117222,48.229573658827775
TO,28.2,17.26879162001499,82.73120837998502,1.79705318809047,49.952229325537644,50.04777067446236,51.76403596373637,48.23596403626363
TO,28.3,17.278350794483696,82.72164920551631,1.7968085130843692,49.95236444413925,50.04763555586075,51.757840164121674,48.242159835878326
TO,28.4,17.28725860136416,82.71274139863584,1.7965780276798817,49.95249695822318,50.04750304177682,51.75393691949209,48.24606308050791
TO,28.5,17.296490578807287,82.7035094211927,1.7963405605234597,49.95383606352013,50.04616393647987,51.75009017122535,48.249909828774655
TO,28.6,17.305367243029078,82.69463275697093,1.7961099697836893,49.95396664927717,50.04603335072283,51.74386450314774,48.25613549685226
TO,28.7,17.314876271375386,82.68512372862462,1.795866584372201,49.954100355429006,50.045899644571,51.73787139382525,48.26212860617475
TO,28.8,17.323735696601812,82.67626430339818,1.7956373487125754,49.95423035373408,50.04576964626592,51.73411119664303,48.26588880335698
TO,28.9,17.33257632932885,82.66742367067114,1.7954077000235522,49.95436006479288,50.04563993520712,51.728025017318735,48.271974982681265
TO,29.0,17.34107810419542,82.65892189580457,1.7951863404594588,49.95568746101405,50.044312538985935,51.724358493965774,48.275641506034226
TO,29.1,17.34986890827953,82.65013109172047,1.7949587429689051,49.95581528287469,50.04418471712532,51.71851540772309,48.28148459227692
TO,29.2,17.35868192072167,82.64131807927832,1.7947307384255533,49.95594401950224,50.04405598049776,51.71491303555702,48.28508696444298
TO,29.3,17.367475631710917,82.63252436828908,1.794461925678072,49.95607127795117,50.04392872204883,51.70900163190697,48.29099836809302
TO,29.4,17.375898253140637,82.62410174685937,1.7942424975738078,49.95739103215934,50.042608967840664,51.70330852180505,48.29669147819495
TO,29.5,17.38537680470877,82.61462319529123,1.7940877483793602,49.95751642606461,50.04248357393539,51.69978639359586,48.300213606404135
TO,29.6,17.394135906623433,82.60586409337657,1.7938601764769486,49.957642736030294,50.04235726396969,51.694025046751655,48.30597495324833
TO,29.7,17.402557413018588,82.59744258698142,1.793600590382393,49.95895531188257,50.04104468811743,51.69056642043517,48.30943357956484
TO,29.8,17.410602541466076,82.58939745853392,1.7933895213142437,49.95907783059136,50.04092216940863,51.68503404324333,48.31496595675668
TO,29.9,17.41933419861979,82.58066580138022,1.793123376355798,49.95920084181848,50.040799158181514,51.68163651194708,48.318363488052924
TO,30.0,17.42738460340013,82.57261539659987,1.7929115293520714,49.95932284239957,50.04067715760042,51.67603395081386,48.32396604918614
TO,30.1,17.436462639320922,82.56353736067908,1.7927252453026603,49.96062923993826,50.03937076006175,51.67271791276185,48.32728208723815
TO,30.2,17.444464399768865,82.55553560023114,1.7925153032426766,49.96074831136149,50.03925168863851,51.667316005011884,48.33268399498811
TO,30.3,17.4528132448357,82.5471867551643,1.7922568901991867,49.962050440407666,50.03794955959234,51.661832088953766,48.338167911046234
TO,30.4,17.46082689933438,82.53917310066564,1.7920067254804088,49.96216778341442,50.037832216585585,51.65858650453811,48.3414134954619
TO,30.5,17.469530227649543,82.53046977235047,1.7918687206396569,49.96228606225116,50.03771393774884,51.65538824932961,48.34461175067039
TO,30.6,17.477483118503674,82.52251688149633,1.7916191197874072,49.96240409558912,50.03759590441088,51.64794967995186,48.35205032004815
TO,30.7,17.48546600468346,82.51453399531655,1.7913699236216114,49.96252070700942,50.037479292990575,51.644794502541835,48.35520549745816
TO,30.8,17.493807669960677,82.50619233003933,1.791239735337462,49.96381248486311,50.03618751513689,51.641683272412685,48.35831672758732
TO,30.9,17.501729193206785,82.49827080679322,1.790991028151077,49.96392740064505,50.03607259935495,51.63435566999767,48.36564433000233
TO,31.0,17.509680663060685,82.49031933693932,1.7907426385901444,49.964043252418804,50.03595674758119,51.63130598041265,48.36869401958735
TO,31.1,17.517991697631636,82.48200830236837,1.790573172197897,49.965329522997735,50.034670477002265,51.62827873715917,48.371721262840836
TO,31.2,17.525593336907782,82.47440666309221,1.7903325141454363,49.96427139545849,50.03572860454152,51.62525351871315,48.374746481286834
TO,31.3,17.533845151147656,82.46615484885234,1.7901635801171267,49.965554845706706,50.034445154293294,51.61811525180555,48.38188474819445
TO,31.4,17.54109891412633,82.45890108587368,1.7899306103805703,49.96566694943692,50.034333050563085,51.61516907719344,48.38483092280655
TO,31.5,17.548999465784195,82.45100053421581,1.7896836991846201,49.96577926262753,50.03422073737248,51.612226441021846,48.387773558978154
TO,31.6,17.556892799068212,82.44310720093179,1.789522525943297,49.965890921166135,50.034109078833865,51.605212630469275,48.394787369530725
TO,31.7,17.564445820932825,82.43555417906718,1.789283293691123,49.96716762768846,50.03283237231153,51.6023447357135,48.397655264286506
TO,31.8,17.572360155087754,82.42763984491224,1.7891226397499511,49.96727654208176,50.03272345791824,51.599477668278546,48.400522331721454
TO,31.9,17.5795268474299,82.42047315257011,1.7888910657374433,49.967386406442216,50.032613593557784,51.59258465008808,48.407415349911915
TO,32.0,17.587749004397697,82.41225099560229,1.7886839872248663,49.96865784643471,50.0313421535653,51.58979447424541,48.410205525754584
TO,32.1,17.59493628833626,82.40506371166374,1.7884529883752422,49.968764985215536,50.03123501478446,51.58700247722548,48.41299752277452
TO,32.2,17.602453136705627,82.39754686329438,1.7883009494570108,49.970031151749815,50.029968848250185,51.58230394397204,48.41769605602797
TO,32.3,17.61031375165316,82.38968624834683,1.7881406618378566,49.97013790511066,50.029862094889346,51.57750959928848,48.42249040071152
TO,32.4,17.61744087960731,82.38255912039268,1.7878715555785087,49.97024329348787,50.02975670651214,51.57285768587669,48.427142314123316
TO,32.5,17.62463730951595,82.37536269048405,1.7877265045238209,49.97034826267072,50.02965173732928,51.570183212889,48.429816787110994
TO,32.6,17.631780164554563,82.36821983544543,1.7874573489191705,49.970454401947805,50.029545598052195,51.567529441260696,48.43247055873932
TO,32.7,17.6392449172252,82.3607550827748,1.7873056646188399,49.971711759284084,50.02828824071591,51.56091969363364,48.43908030636636
TO,32.8,17.64706585037794,82.35293414962206,1.7871076066970624,49.97181637354635,50.02818362645365,51.558316388367395,48.44168361163261
TO,32.9,17.653498257379415,82.34650174262057,1.7868935389864287,49.97191949233849,50.02808050766151,51.55382908315883,48.44617091684118
TO,33.0,17.660977064246694,82.33902293575332,1.7867030865594393,49.97317305367561,50.0268269463244,51.55126797647074,48.44873202352925
TO,33.1,17.668439033139975,82.33156096686002,1.7865515101832299,49.97212529174693,50.02787470825306,51.54669563596072,48.453304364039276
TO,33.2,17.675867017639792,82.32413298236021,1.7863621180981952,49.97337629550234,50.02662370449765,51.542291565375145,48.45770843462485
TO,33.3,17.682299059257,82.317700940743,1.7861090277667222,49.97347759466829,50.02652240533171,51.539795899043696,48.460204100956304
TO,33.4,17.6893856395925,82.3106143604075,1.7859665092884571,49.973577561508876,50.026422438491124,51.535427977352235,48.46457202264777
TO,33.5,17.69649660834089,82.30350339165912,1.7857841252414246,49.973678490227044,50.02632150977296,51.53297428738437,48.46702571261564
TO,33.6,17.70388406030145,82.29611593969855,1.7855950069201751,49.97492342082965,50.02507657917036,51.52670153503392,48.47329846496608
TO,33.7,17.70995901963594,82.29004098036405,1.7853499490216136,49.97616378257805,50.023836217421945,51.52427315187621,48.4757268481238
TO,33.8,17.71701286875887,82.28298713124111,1.785168953486035,49.97626206858921,50.02373793141079,51.52003338945844,48.47996661054156
TO,33.9,17.724091441165914,82.2759085588341,1.7850267698818176,49.976360174951125,50.023639825048875,51.517661767997836,48.48233823200217
TO,34.0,17.730483351240014,82.26951664875999,1.7848601785240967,49.97645588910207,50.023544110897944,51.513455391507975,48.486544608492025
TO,34.1,17.73753819026108,82.26246180973892,1.784678386172291,49.976553644112435,50.02344635588756,51.50917911552103,48.490820884478964
TO,34.2,17.744560213308176,82.25543978669181,1.784498273912352,49.97665122092458,50.02334877907542,51.50504452349946,48.49495547650054
TO,34.3,17.751283310562076,82.24871668943791,1.7843245949681799,49.977883356033324,50.02211664396666,51.5027371731015,48.4972628268985
TO,34.4,17.756951160469615,82.24304883953039,1.7840890691238207,49.97797854761964,50.02202145238035,51.498652393345836,48.501347606654164
TO,34.5,17.763980857299543,82.23601914270046,1.7839088529400364,49.97807456969529,50.02192543030473,51.49639709567692,48.50360290432309
TO,34.6,17.77032738169284,82.22967261830716,1.7837044193814982,49.97816829377973,50.02183170622027,51.4923412524596,48.50765874754039
TO,34.7,17.777020800295187,82.22297919970481,1.7835316702016608,49.97939588671916,50.02060411328084,51.490122949187786,48.509877050812214
TO,34.8,17.783345904337498,82.2166540956625,1.7833660100350843,49.97948944095421,50.020510559045796,51.4842319700235,48.5157680299765
TO,34.9,17.789671066621782,82.21032893337822,1.7832013127188573,49.97958170323458,50.02041829676542,51.48025410734359,48.51974589265641
TO,35.0,17.796341080408244,82.20365891959175,1.7830290824173958,49.98080485432189,50.01919514567811,51.47809605465864,48.52190394534136
TO,35.1,17.80265152460291,82.19734847539708,1.7828258097084242,49.98089582586039,50.019104174139606,51.47416303764469,48.525836962355314
TO,35.2,17.80895436982878,82.19104563017122,1.7826616288974795,49.98098776916649,50.01901223083352,51.47027255007575,48.52972744992425
TO,35.3,17.81528267572838,82.18471732427163,1.7824580985177814,49.981079554755,50.018920445244994,51.46816680980456,48.53183319019544
TO,35.4,17.82194428030963,82.17805571969036,1.7823705726657628,49.98229524533968,50.01770475466032,51.46430220829921,48.53569779170079
TO,35.5,17.828226250165173,82.17177374983483,1.7822069959128908,49.98238575630065,50.01761424369935,51.460479309999585,48.53952069000042
TO,35.6,17.83453195780215,82.16546804219786,1.7820040039735345,49.98247498831591,50.01752501168409,51.45840871270375,48.541591287296235
TO,35.7,17.840480573448385,82.15951942655163,1.7818477415371852,49.98368755042696,50.01631244957304,51.45462809644153,48.54537190355846
TO,35.8,17.846421435608356,82.15357856439164,1.7816527898566894,49.98265333890862,50.01734666109139,51.4508536105843,48.54914638941569
TO,35.9,17.852388444247556,82.14761155575245,1.7814962131431213,49.98386373767127,50.01613626232873,51.44884969873231,48.55115030126768
TO,36.0,17.857997771637503,82.14200222836249,1.7813085787320369,49.983951812564875,50.016048187435125,51.4451336734455,48.55486632655451
TO,36.1,17.864929596220016,82.13507040377999,1.7811764319350756,49.98403934027901,50.015960659720996,51.441425140958906,48.5585748590411
TO,36.2,17.870525760752713,82.12947423924729,1.781027900739041,49.984127127530684,50.01587287246932,51.4377564651433,48.562243534856684
TO,36.3,17.87643379766484,82.12356620233516,1.780834023968095,49.98533120529677,50.01466879470324,51.4340913273031,48.56590867269689
TO,36.4,17.882048967166618,82.11795103283339,1.780646489004755,49.98541780896434,50.01458219103565,51.432169656969684,48.567830343030316
TO,36.5,17.88762647126209,82.1123735287379,1.7804599283715903,49.98550315754993,50.014496842450086,51.42854567092241,48.57145432907758
TO,36.6,17.894206180559465,82.10579381944055,1.7803354754160257,49.98670316773987,50.01329683226013,51.42494362802758,48.57505637197242
TO,36.7,17.899770449208415,82.10022955079158,1.7801878265804976,49.986788458725385,50.013211541274615,51.421380201725285,48.57861979827472
TO,36.8,17.90533577242648,82.09466422757353,1.7800025163301338,49.98687249981652,50.01312750018349,51.41960191260301,48.580398087397
TO,36.9,17.911261789242896,82.0887382107571,1.7798921620622004,49.98806904915225,50.01193095084775,51.41607577629947,48.58392422370053
TO,37.0,17.916807800380674,82.08319219961933,1.7797065302594899,49.9881519312352,50.011848068764785,51.4125540140144,48.58744598598559
TO,37.1,17.92237955790044,82.07762044209956,1.7795204141629384,49.98823579089342,50.01176420910658,51.41073920555226,48.58926079444774
TO,37.2,17.928286780486378,82.07171321951363,1.7794104958696175,49.989427324815026,50.01057267518496,51.4072543767238,48.5927456232762
TO,37.3,17.933498403258138,82.06650159674186,1.7792322833215746,49.98840037670292,50.01159962329707,51.403790210541665,48.59620978945834
TO,37.4,17.93871147363153,82.06128852636847,1.7790549463729943,49.989591039598324,50.010408960401676,51.40211313838435,48.597886861615656
TO,37.5,17.94491614594935,82.05508385405066,1.7789386073862559,49.989672381562535,50.010327618437465,51.39868442819957,48.601315571800434
TO,37.6,17.949794845542325,82.05020515445767,1.7787293583239643,49.98975314058446,50.01024685941554,51.39527760726041,48.604722392739575
TO,37.7,17.955673084010293,82.0443269159897,1.778620204947647,49.99093998736018,50.009060012639814,51.391907138400974,48.608092861599026
TO,37.8,17.96054757614766,82.03945242385234,1.7784504167384763,49.991019669595374,50.00898033040462,51.39026586136987,48.609734138630145
TO,37.9,17.96609833817325,82.03390166182675,1.778348283456637,49.991099232045094,50.0089007679549,51.38691322305835,48.613086776941635
TO,38.0,17.97123844555553,82.02876155444447,1.7781336592632868,49.99228233772698,50.00771766227303,51.38197137708486,48.61802862291514
TO,38.1,17.97677855359901,82.023221446401,1.778031864033236,49.992360831366256,50.00763916863373,51.37866207086537,48.621337929134626
TO,38.2,17.98163117437715,82.01836882562284,1.777862758197103,49.99243920727493,50.00756079272507,51.37707916394485,48.62292083605514
TO,38.3,17.98715944795214,82.01284055204786,1.7777228596073316,49.99251746571766,50.007482534282346,51.37380289513014,48.62619710486986
TO,38.4,17.991994697522205,82.0080053024778,1.7775534144365661,49.992596706184905,50.0074032938151,51.37056150863515,48.62943849136485
TO,38.5,17.99751943900342,82.00248056099659,1.7774145692799992,49.992674729662376,50.007325270337624,51.36901676631885,48.630983233681135
TO,38.6,18.00203021900779,81.99796978099221,1.7772522707433354,49.993849921761,50.006150078238996,51.365791471502455,48.63420852849757
TO,38.7,18.00751273251415,81.99248726748584,1.7771144025489367,49.99392689401621,50.006073105983795,51.362673822538355,48.63732617746165
TO,38.8,18.012012678319593,81.98798732168041,1.77695236995849,49.995099449612965,50.00490055038704,51.35948631627778,48.64051368372221
TO,38.9,18.017508796445764,81.98249120355425,1.776813443019589,49.99517537648816,50.00482462351182,51.35631685753004,48.64368314246997
TO,39.0,18.02238086546392,81.97761913453608,1.7767270280067402,49.99525098230257,50.00474901769743,51.35483185211929,48.6451681478807
TO,39.1,18.027148030557758,81.97285196944225,1.7765213015141266,49.99532778001408,50.00467221998591,51.35013303802083,48.64986696197917
TO,39.2,18.0320102133071,81.96798978669291,1.7763970218013343,49.99540316976521,50.00459683023478,51.34867509497205,48.651324905027955
TO,39.3,18.037172811346018,81.96282718865397,1.7763035073059055,49.99657042596969,50.003429574030314,51.3455710897702,48.65442891022978
TO,39.4,18.041307225461615,81.9586927745384,1.7761125321271636,49.99664483902592,50.003355160974074,51.34257067500626,48.65742932499374
TO,39.5,18.046459794125106,81.9535402058749,1.7759812150034167,49.99780954207087,50.00219045792913,51.33950075042593,48.66049924957407
TO,39.6,18.051301768601334,81.94869823139867,1.7758573898909387,49.99788298367117,50.00211701632883,51.33808804035591,48.66191195964411
TO,39.7,18.056108467286087,81.9438915327139,1.7757344303770275,49.99795632270747,50.00204367729253,51.33513250670006,48.66486749329994
TO,39.8,18.06024861892938,81.93975138107062,1.7755427986349,49.99802955939447,50.00197044060554,51.332108260105805,48.66789173989419
TO,39.9,18.06504560760612,81.93495439239389,1.7754580952580006,49.99810160662358,50.00189839337642,51.32917110953256,48.67082889046744
TO,40.0,18.06986236985257,81.93013763014743,1.7753341745365148,49.998174640012934,50.00182535998706,51.326179654080164,48.67382034591985
TO,40.1,18.074650133864182,81.9253498661358,1.7752117242645207,49.99824757169245,50.001752428307555,51.323289611612296,48.676710388387704
TO,40.2,18.07915364310188,81.92084635689812,1.7750954510808419,49.999405400680516,50.000594599319484,51.32194351679309,48.6780564832069
TO,40.3,18.083240038053212,81.9167599619468,1.7749053158582058,49.99947737667726,50.00052262332273,51.317471466451636,48.68252853354837
TO,40.4,18.087734707318553,81.91226529268144,1.7747514431519513,50.0006327936557,49.99936720634431,51.31614983186247,48.68385016813753
TO,40.5,18.092503985086857,81.90749601491314,1.7746295278984074,50.000703818921465,49.999296181078535,51.31331721598665,48.686682784013364
TO,40.6,18.096648505410037,81.90335149458996,1.7745211670619538,50.00077369706979,49.99922630293022,51.31048441645187,48.68951558354812
TO,40.7,18.101432814173418,81.89856718582658,1.774398143503082,50.00084452918428,49.99915547081572,51.307600522243746,48.69239947775627
TO,40.8,18.10556922514685,81.89443077485315,1.7742899950713333,50.00091530268735,49.99908469731265,51.304812852089995,48.69518714791002
TO,40.9,18.11004159582614,81.88995840417385,1.7741745859947322,50.002064798740875,49.99793520125913,51.30352717302606,48.696472826973945
TO,41.0,18.114170460924296,81.8858295390757,1.7740289600276353,50.00213468696229,49.99786531303771,51.30076479519795,48.69923520480206
TO,41.1,18.118603659305972,81.88139634069401,1.7739144551286827,50.00328292865881,49.99671707134119,51.2980183876795,48.7019816123205
TO,41.2,18.122723342194906,81.8772766578051,1.773806759564768,50.00335085759645,49.99664914240356,51.29526977625286,48.70473022374712
TO,41.3,18.126870207422314,81.87312979257769,1.773660790090829,50.00341977556578,49.99658022443421,51.29403892787299,48.705961072127
TO,41.4,18.13097535030593,81.86902464969408,1.7735526472564913,50.003488604319536,49.99651139568048,51.28976786273495,48.71023213726505
TO,41.5,18.135083035047746,81.86491696495226,1.7734076176610651,50.00355626840606,49.99644373159395,51.28706351138855,48.71293648861145
TO,41.6,18.13918704299895,81.86081295700106,1.7733003709771034,50.003624919944315,49.99637508005569,51.28438782774655,48.71561217225345
TO,41.7,18.142979419775443,81.85702058022456,1.7731623442378763,50.00476682245163,49.99523317754838,51.28171270115569,48.7182872988443
TO,41.8,18.147075645960935,81.85292435403908,1.7730553206161137,50.00483460528653,49.995165394713474,51.27906594746301,48.720934052537
TO,41.9,18.15116759630167,81.84883240369834,1.772910813010831,50.004901227813356,49.995098772186644,51.27641805690085,48.723581943099155
TO,42.0,18.154948042600978,81.84505195739902,1.7728106829867103,50.006040150476835,49.99395984952316,51.27378364674037,48.72621635325963
TO,42.1,18.158731986087513,81.84126801391248,1.7726737500177792,50.00503550259728,49.994964497402734,51.27271074032609,48.7272892596739
TO,42.2,18.162505788654286,81.83749421134571,1.7725363495054416,50.00617292359515,49.99382707640487,51.27008368968553,48.729916310314465
TO,42.3,18.1662753575645,81.8337246424355,1.772436543154614,50.007308929293984,49.992691070706016,51.26748517086096,48.732514829139035
TO,42.4,18.17004161873065,81.82995838126935,1.7722993216432088,50.00630536649261,49.99369463350739,51.26491421487869,48.73508578512132
TO,42.5,18.173803963394455,81.82619603660554,1.7721622382946995,50.00743987808861,49.99256012191138,51.26234175388,48.73765824612
TO,42.6,18.17793790786665,81.82206209213335,1.7720983899121852,50.00750485679079,49.99249514320923,51.25978219262887,48.740217807371145
TO,42.7,18.18138659817778,81.81861340182222,1.771968164735985,50.00756975761187,49.99243024238812,51.25723543433818,48.74276456566181
TO,42.8,18.18514539506542,81.81485460493457,1.771869521269889,50.00870248916799,49.99129751083202,51.256222038115894,48.74377796188411
TO,42.9,18.18858806033696,81.81141193966303,1.7717395950483963,50.008766594066344,49.99123340593366,51.253696741707685,48.746303258292315
TO,43.0,18.192026779382,81.807973220618,1.7716097258251167,50.00883062227048,49.99116937772952,51.2511839831606,48.7488160168394
TO,43.1,18.19611864740496,81.80388135259504,1.7715475262015394,50.00889457391795,49.99110542608204,51.24875652369242,48.75124347630758
TO,43.2,18.19924570396852,81.80075429603149,1.7714245511969848,50.010023117037825,49.98997688296218,51.246268237583806,48.75373176241619
TO,43.3,18.202674631563504,81.79732536843649,1.7712950103342597,50.01008628159106,49.98991371840892,51.24379221497022,48.75620778502979
TO,43.4,18.20675622201366,81.79324377798635,1.7712330334964481,50.0101493707539,49.98985062924611,51.241400260689,48.758599739311016
TO,43.5,18.209873975045333,81.79012602495467,1.7711103756090556,50.01127519681333,49.988724803186656,51.23894817667664,48.76105182332335
TO,43.6,18.21299498315545,81.78700501684453,1.7709884339033477,50.01027575993684,49.989724240063154,51.23799939712407,48.76200060287593
TO,43.7,18.216076398343198,81.7839236016568,1.7708293876620491,50.01140021975965,49.988599780240364,51.23416559745609,48.76583440254391
TO,43.8,18.220175124771597,81.7798248752284,1.7707670674378835,50.01146238037426,49.98853761962573,51.23321819472917,48.76678180527084
TO,43.9,18.222945819620957,81.77705418037905,1.7706521078076816,50.01152495572205,49.988475044277955,51.22941427402886,48.77058572597113
TO,44.0,18.226733141571078,81.77326685842891,1.7705965189186392,50.01264570506402,49.98735429493599,51.228468864355946,48.77153113564405
TO,44.1,18.229498313370456,81.77050168662954,1.7704817413130558,50.012707556760425,49.987292443239575,51.22469445993113,48.77530554006887
TO,44.2,18.23290568701603,81.76709431298399,1.7703166411248306,50.01276879963652,49.987231200363475,51.22377865716842,48.77622134283158
TO,44.3,18.23634337718965,81.76365662281036,1.7702679131847172,50.01283051263028,49.98716948736972,51.220033348862884,48.77996665113711
TO,44.4,18.239136510892003,81.760863489108,1.7701533848777522,50.01289110070887,49.98710889929114,51.21911915375795,48.780880846242056
TO,44.5,18.242575331870995,81.757424668129,1.770068288984232,50.01295267835797,49.98704732164202,51.216861584145455,48.783138415854545
TO,44.6,18.245326272903174,81.75467372709682,1.7699539483392872,50.015126195385506,49.9848738046145,51.213159019545444,48.786840980454556
TO,44.7,18.248789374231443,81.75121062576855,1.7698683560486292,50.0151854204428,49.98481457955721,51.21226744416176,48.78773255583824
TO,44.8,18.251542443674673,81.74845755632533,1.7697549316195171,50.01524563488877,49.984754365111236,51.210027284709305,48.7899727152907
TO,44.9,18.25496883998335,81.74503116001665,1.7696700905131355,50.015304729208765,49.98469527079123,51.20778386860796,48.79221613139204
TO,45.0,18.257413660354306,81.74258633964568,1.7695634165797673,50.0164188414203,49.98358115857972,51.20556442226606,48.79443557773395
TO,45.1,18.260555308707193,81.73944469129279,1.769483982476433,50.015424425727126,49.984575574272874,51.20328894342525,48.79671105657474
TO,45.2,18.262995421854708,81.73700457814529,1.769377487542548,50.016537299045915,49.98346270095407,51.20109016715729,48.7989098328427
TO,45.3,18.26641160114637,81.73358839885363,1.7692930214743003,50.01659555912307,49.98340444087695,51.19888797191913,48.801112028080865
TO,45.4,18.268543526353582,81.73145647364642,1.7691561973648147,50.01665445578246,49.98334554421754,51.19669585935582,48.80330414064418
TO,45.5,18.27195472607852,81.72804527392148,1.7690718992172272,50.01671364085312,49.983286359146874,51.19454131834548,48.80545868165452
TO,45.6,18.274385038668754,81.72561496133125,1.7689657863290784,50.017822418131566,49.98217758186842,51.19236910170268,48.807630898297305
TO,45.7,18.27718648165537,81.72281351834462,1.7688947147059806,50.017880601923714,49.982119398076286,51.190206762642546,48.809793237357454
TO,45.8,18.279984918832096,81.7200150811679,1.768823636882003,50.01793872694974,49.98206127305026,51.188054233944314,48.8119457660557
TO,45.9,18.282408503731947,81.71759149626806,1.7686808637657006,50.0190451579993,49.9809548420007,51.18592542709099,48.814074572909
TO,46.0,18.285203005305604,81.7147969946944,1.7686100020622713,50.01910263566059,49.98089736433943,51.183792287735066,48.816207712264934
TO,46.1,18.28799548638522,81.71200451361479,1.7685760787763558,50.01916110264105,49.98083889735896,51.18168203231639,48.8183179676836
TO,46.2,18.29011711343283,81.70988288656716,1.7684407090663767,50.01921846393319,49.98078153606681,51.18097015431437,48.81902984568562
TO,46.3,18.292904833424874,81.70709516657513,1.7683700378743636,50.01927576743709,49.98072423256289,51.17886242671691,48.82113757328309
TO,46.4,18.295660141220278,81.70433985877973,1.7683000767470451,50.01933301324003,49.980666986759964,51.175445693426,48.824554306574
TO,46.5,18.29814216237796,81.70185783762204,1.7682360467675697,50.02043515931477,49.97956484068522,51.17336029177193,48.82663970822808
TO,46.6,18.300249496617525,81.69975050338248,1.7681004670631157,50.02049176558757,49.97950823441242,51.17128355127323,48.82871644872678
TO,46.7,18.303035107372516,81.69696489262749,1.7680307133075488,50.020548314946254,49.97945168505375,51.17060238468808,48.82939761531191
TO,46.8,18.305481124060748,81.69451887593925,1.7679307360396332,50.02164928097994,49.978350719020064,51.16723388708142,48.83276611291858
TO,46.9,18.308255478576204,81.6917445214238,1.767860453558293,50.021705193384925,49.97829480661507,51.16518438615265,48.83481561384734
TO,47.0,18.309730163647195,81.6902698363528,1.7677395101564715,50.021760914976845,49.97823908502315,51.1632065523425,48.83679344765751
TO,47.1,18.312200345912192,81.6877996540878,1.7676758596254976,50.022859709523736,49.97714029047626,51.16117485043411,48.83882514956589
TO,47.2,18.31464530401793,81.68535469598208,1.7676135657203744,50.021873375921885,49.97812662407811,51.15922717127237,48.84077282872762
TO,47.3,18.317111150765975,81.68288884923403,1.767550025377933,50.022970019572945,49.97702998042705,51.15720007804949,48.84279992195052
TO,47.4,18.3192523870317,81.6807476129683,1.7674576262406854,50.02302609483886,49.97697390516114,51.15525580164109,48.84474419835891
TO,47.5,18.321714706734422,81.67828529326559,1.7673942014699433,50.02412219537076,49.975877804629235,51.15327249539076,48.84672750460924
TO,47.6,18.3231803944012,81.6768196055988,1.767273822388369,50.024176649610396,49.975823350389604,51.151332100328474,48.84866789967152
TO,47.7,18.3253461810041,81.6746538189959,1.7671810164162625,50.02423105388992,49.97576894611009,51.150695625080886,48.84930437491912
TO,47.8,18.327473821857556,81.67252617814245,1.767124896985317,50.024286446899055,49.97571355310095,51.14744205428757,48.85255794571242
TO,47.9,18.3296068903968,81.6703931096032,1.7670329379706196,50.02434075098721,49.975659249012786,51.14553975639915,48.85446024360085
TO,48.0,18.331737796074002,81.668262203926,1.7669775704291513,50.02439604298862,49.97560395701139,51.14364488572419,48.856355114275814
TO,48.1,18.333591180195334,81.66640881980467,1.7668908512010761,50.025488474440195,49.974511525559805,51.141699157320694,48.858300842679306
TO,48.2,18.335718463875107,81.6642815361249,1.7668355920429857,50.02554215492807,49.97445784507192,51.13980772237392,48.86019227762608
TO,48.3,18.33784409736613,81.66215590263387,1.7667438334017256,50.0255957862999,49.9744042137001,51.13793746890032,48.86206253109969
TO,48.4,18.33966966311997,81.66033033688002,1.7666951393644243,50.02668621797521,49.97331378202478,51.136075037642435,48.86392496235755
TO,48.5,18.341791929423163,81.65820807057685,1.7666035045897268,50.02673927850644,49.97326072149357,51.13420718279169,48.865792817208316
TO,48.6,18.343316650116336,81.65668334988368,1.7665248416164034,50.02679443505739,49.97320556494261,51.13237286302223,48.86762713697777
TO,48.7,18.345131751583587,81.65486824841642,1.7664757067514865,50.02788291786741,49.972117082132584,51.12920639824087,48.870793601759125
TO,48.8,18.346951493011808,81.6530485069882,1.7663907199148552,50.026901429537254,49.97309857046276,51.12737757216871,48.87262242783129
TO,48.9,18.3487694845598,81.6512305154402,1.7663058073382711,50.027987883953415,49.972012116046585,51.125543806808906,48.874456193191094
TO,49.0,18.350288655783338,81.64971134421666,1.7662638358746194,50.02804139463461,49.971958605365394,51.12371704086441,48.876282959135594
TO,49.1,18.35211152643199,81.647888473568,1.766179742687111,50.029127462237625,49.97087253776238,51.123213885626996,48.876786114373004
TO,49.2,18.353628240042525,81.64637175995747,1.76610144100191,50.02918045521923,49.970819544780774,51.12141238464167,48.878587615358335
TO,49.3,18.355811939082002,81.64418806091798,1.7660874897243088,50.02923340429817,49.97076659570183,51.11960530270415,48.880394697295856
TO,49.4,18.35729604202008,81.64270395797992,1.7660099325039351,50.0292852782349,49.97071472176509,51.116567855015774,48.88343214498422
TO,49.5,18.359106632498907,81.64089336750109,1.7659254277382672,50.03036898497245,49.96963101502755,51.11479094272651,48.88520905727349
TO,49.6,18.36061817958691,81.63938182041308,1.7658473407973951,50.03042137553941,49.96957862446058,51.11300838483977,48.88699161516023
TO,49.7,18.36213564713158,81.63786435286842,1.7657700342718523,50.03047269280656,49.96952730719344,51.11252057437279,48.88747942562722
TO,49.8,18.36361521476359,81.63638478523642,1.7656927180241633,50.03052499719227,49.969475002807734,51.10953416124876,48.89046583875125
TO,49.9,18.365196935055174,81.63480306494483,1.7656917784211985,50.03057748871955,49.969422511280456,51.10776075768143,48.892239242318574
TO,50.0,18.366681534133004,81.633318465867,1.7656152555925873,50.030629708767016,49.96937029123299,51.106074921318225,48.89392507868178
TO,50.1,18.367890692633896,81.6321093073661,1.7655438614396124,50.03171044741632,49.968289552583684,51.104328343669835,48.895671656330165
TO,50.2,18.369372776533808,81.6306272234662,1.7654674629549054,50.03176112997214,49.96823887002785,51.10264377744457,48.89735622255543
TO,50.3,18.370284137554716,81.6297158624453,1.7654025716968862,50.03181410650417,49.96818589349583,51.10091049268306,48.89908950731693
TO,50.4,18.372134230748088,81.62786576925191,1.7653966856720973,50.03289311069958,49.967106889300425,51.099239298546706,48.900760701453294
TO,50.5,18.37330984899486,81.62669015100515,1.7652898862344903,50.03191657649816,49.96808342350184,51.09630841848695,48.90369158151305
TO,50.6,18.374521443227056,81.62547855677295,1.765219458273818,50.03299469568855,49.96700530431145,51.095862257777235,48.90413774222277
TO,50.7,18.376065061290813,81.62393493870918,1.7652193323857706,50.03304610701339,49.96695389298662,51.0929495865896,48.907050413410396
TO,50.8,18.37724514650548,81.62275485349451,1.765149622692028,50.03412296289154,49.965877037108456,51.09130696446462,48.90869303553537
TO,50.9,18.378158075296287,81.6218419247037,1.7650494546377116,50.034174942057696,49.9658250579423,51.09087270307974,48.90912729692026
TO,51.0,18.379705713913914,81.6202942860861,1.7650500967929064,50.034224833314276,49.96577516668572,51.08922849504979,48.91077150495022
TO,51.1,18.380580642136437,81.61941935786358,1.7649862104983502,50.03427571194495,49.96572428805506,51.086351438823286,48.913648561176714
TO,51.2,18.381462205967413,81.61853779403259,1.764886931504908,50.03432655291098,49.96567344708902,51.08473427835606,48.91526572164394
TO,51.3,18.383302153114293,81.61669784688571,1.7648812463845938,50.035400894569335,49.96459910543067,51.083123339659366,48.91687666034063
TO,51.4,18.384181361240806,81.61581863875918,1.7647820168614967,50.03545128072552,49.96454871927449,51.08151858689622,48.91848141310376
TO,51.5,18.384471244210236,81.61552875578977,1.7647317727027063,50.03550308309892,49.9644969169011,51.07991998450435,48.92008001549565
TO,51.6,18.386013247631272,81.61398675236875,1.7646964329286856,50.03555237388115,49.96444762611884,51.07831563045242,48.92168436954757
TO,51.7,18.386596007572468,81.61340399242752,1.7646398272812545,50.036626170252674,49.96337382974732,51.07672924547122,48.92327075452878
TO,51.8,18.38813615348076,81.61186384651924,1.764604545085244,50.036675010859575,49.96332498914043,51.07513708342153,48.92486291657846
TO,51.9,18.388688926208733,81.61131107379127,1.764548715151961,50.03774764475567,49.96225235524433,51.07238272890381,48.92761727109618
TO,52.0,18.389932456357894,81.6100675436421,1.7645197856087917,50.03677510770057,49.963224892299436,51.07080482182943,48.929195178170566
TO,52.1,18.39051354966596,81.60948645033405,1.7644273675228572,50.03784695905566,49.96215304094434,51.069244649692095,48.930755350307905
TO,52.2,18.391462325716308,81.6085376742837,1.7644409307599311,50.03789682804254,49.96210317195746,51.06767864311762,48.932321356882376
TO,52.3,18.392306530428815,81.60769346957117,1.7643428989246397,50.0379451151436,49.962054884856414,51.064947201464584,48.93505279853541
TO,52.4,18.393260927396668,81.60673907260335,1.7643211228831002,50.03799593676105,49.96200406323895,51.064626891383135,48.935373108616865
TO,52.5,18.393546068169343,81.60645393183066,1.7642352657064109,50.03804570588609,49.961954294113895,51.06307832569844,48.936921674301566
TO,52.6,18.39475591000851,81.60524408999149,1.764207140250001,50.03911427547275,49.96088572452725,51.06037065663167,48.939629343368324
TO,52.7,18.395046898954774,81.60495310104523,1.7641579689220115,50.03916364483586,49.96083635516415,51.060048968652694,48.939951031347306
TO,52.8,18.395962777040452,81.60403722295956,1.7641362928749995,50.039212981881334,49.960787018118666,51.05735688881015,48.94264311118985
TO,52.9,18.396907350243765,81.60309264975623,1.7641139977592504,50.03926228664087,49.96073771335914,51.05583334102658,48.94416665897342
TO,53.0,18.397167925900646,81.60283207409937,1.7640296366315489,50.03931155914617,49.960688440853836,51.054365293241034,48.94563470675897
TO,53.1,18.397789193901477,81.60221080609853,1.7640143590768826,50.040379564444706,49.959620435555294,51.05169847481727,48.94830152518272
TO,53.2,18.398078538388727,81.60192146161127,1.7639294618402142,50.040428440520536,49.959571559479464,51.05139562613957,48.94860437386042
TO,53.3,18.39899838463472,81.60100161536529,1.7639085337591385,50.04047728465325,49.95952271534675,51.049943613073125,48.95005638692688
TO,53.4,18.39961845855763,81.60038154144237,1.7638933189230648,50.04154390789355,49.95845609210645,51.04731138707478,48.95268861292521
TO,53.5,18.399877274669603,81.60012272533041,1.7638091940866365,50.0415913410305,49.95840865896952,51.04586051837031,48.95413948162969
TO,53.6,18.400210733005547,81.59978926699445,1.7638009694447856,50.041641451521535,49.95835854847846,51.04442630234548,48.95557369765452
TO,53.7,18.401150945588725,81.59884905441128,1.7637788560056402,50.04168882379236,49.95831117620762,51.04293714241989,48.95706285758012
TO,53.8,18.401483761850486,81.59851623814951,1.7637348356978813,50.04173887577499,49.958261124225025,51.04151335681962,48.95848664318038
TO,53.9,18.401449490170723,81.59855050982927,1.7636572048076293,50.04280246738474,49.95719753261525,51.040095141170546,48.959904858829454
TO,54.0,18.401781975846763,81.59821802415324,1.7636490414345767,50.0428521718538,49.957147828146184,51.03868149962572,48.96131850037428
TO,54.1,18.402697769210036,81.59730223078996,1.7636282712055247,50.04289909252178,49.95710090747822,51.037261548902826,48.96273845109719
TO,54.2,18.40234298883375,81.59765701116623,1.7635577475795385,50.042948739045556,49.95705126095445,51.034725785354084,48.965274214645916
TO,54.3,18.402966316279436,81.59703368372057,1.7635075841961996,50.04401068297108,49.95598931702893,51.03332963257981,48.96667036742019
TO,54.4,18.40329755892159,81.5967024410784,1.763499487439406,50.04405897019504,49.95594102980497,51.03192666401545,48.96807333598456
TO,54.5,18.40362858378976,81.59637141621023,1.7634913960057903,50.044107229892006,49.95589277010797,51.030528653804886,48.96947134619511
TO,54.6,18.40395939109862,81.59604060890139,1.7634475959423956,50.044155462085584,49.955844537914416,51.02913557570887,48.97086442429112
TO,54.7,18.403313214678548,81.59668678532145,1.7633835646611151,50.04521763853015,49.95478236146984,51.02663667563433,48.97336332436566
TO,54.8,18.403643897789745,81.59635610221027,1.7633398301646923,50.04526552798825,49.954734472011765,51.02525530427741,48.974744695722606
TO,54.9,18.4039809298937,81.5960190701063,1.7633324311405734,50.04531339017666,49.95468660982335,51.02504414907175,48.974955850928254
TO,55.0,18.404282140709412,81.59571785929059,1.7632893772969542,50.04536122511869,49.95463877488131,51.02256533962011,48.9774346603799
TO,55.1,18.40432191357895,81.59567808642106,1.7632877207113977,50.04642189534829,49.95357810465171,51.02119827121779,48.97880172878221
TO,55.2,18.404331987263888,81.59566801273611,1.7632509942880397,50.04545865285942,49.95454134714058,51.018734684557266,48.981265315442734
TO,55.3,18.404377329397686,81.59562267060231,1.7632499229464484,50.04651772646702,49.95348227353297,51.01852509210604,48.981474907893954
TO,55.4,18.40467860911922,81.59532139088078,1.7632070085742135,50.04656516748325,49.95343483251676,51.016063002110336,48.98393699788966
TO,55.5,18.4044045646165,81.5955954353835,1.7632128584803632,50.0466144663088,49.95338553369121,51.014774035781564,48.98522596421843
TO,55.6,18.403788828910823,81.59621117108917,1.7631128779448981,50.04767239616671,49.95232760383329,51.01342111652786,48.98657888347214
TO,55.7,18.40351525484521,81.5964847451548,1.7630831699070375,50.04772140013812,49.952278599861884,51.01214100634242,48.98785899365759
TO,55.8,18.403815472222924,81.59618452777708,1.7630403104749486,50.047767441055214,49.95223255894478,51.00969552384884,48.990304476151145
TO,55.9,18.403542430723473,81.59645756927652,1.7630462748368096,50.04781538716326,49.95218461283674,51.008415002102566,48.99158499789743
TO,56.0,18.403559206930385,81.59644079306962,1.7630103430224524,50.04887291447129,49.951127085528704,51.007138323166465,48.99286167683354
TO,56.1,18.403279882270965,81.59672011772903,1.7629801483523913,50.04892056716569,49.95107943283431,51.0047250775486,48.9952749224514
TO,56.2,18.403006554869844,81.59699344513017,1.7629505303959399,50.04896819666585,49.951031803334175,51.003447917678876,48.996552082321124
TO,56.3,18.40273412077801,81.597265879222,1.7629565157589289,50.04901580298865,49.95098419701135,51.00218639386846,48.997813606131544
TO,56.4,18.402461795070813,81.5975382049292,1.76292698681701,50.04906338615106,49.95093661384894,51.00091771755939,48.9990822824406
TO,56.5,18.402552602202466,81.59744739779752,1.762966250471067,50.0501202917252,49.94987970827479,50.99966459653007,49.00033540346993
TO,56.6,18.402280497264687,81.59771950273532,1.762936736094087,50.0501675841677,49.9498324158323,50.99840431941038,49.00159568058962
TO,56.7,18.402007978205855,81.59799202179416,1.762907184240334,50.05021485361881,49.949785146381195,50.9971595176098,49.002840482390205
TO,56.8,18.40173628525978,81.59826371474021,1.7628777137218574,50.050262100095274,49.949737899904726,50.99591883495378,49.00408116504622
TO,56.9,18.401175439578804,81.59882456042119,1.7628545048777509,50.05131773271304,49.94868226728696,50.994670991403154,49.00532900859685
TO,57.0,18.400874325228113,81.59912567477188,1.7628256382619352,50.05136368317783,49.94863631682217,50.992347397089965,49.00765260291004
TO,57.1,18.400025022750555,81.59997497724945,1.7628087055464232,50.05141268790785,49.94858731209215,50.99110951579136,49.00889048420864
TO,57.2,18.399754303116612,81.60024569688339,1.7627793035161012,50.051459600524026,49.948540399475974,50.98988690773329,49.01011309226669
TO,57.3,18.398876117080093,81.60112388291991,1.7627629700235976,50.05150755855179,49.9484924414482,50.98758244660549,49.01241755339451
TO,57.4,18.398974768247207,81.60102523175279,1.7627674546470442,50.052561739264064,49.947438260735936,50.98747506071935,49.01252493928065
TO,57.5,18.398097992237073,81.60190200776294,1.7627511968223633,50.05260945386212,49.94739054613787,50.98518192969452,49.01481807030548
TO,57.6,18.397799349251095,81.6022006507489,1.7627224723479253,50.052656035359725,49.947343964640275,50.98290688782499,49.01709311217501
TO,57.7,18.3969587843511,81.6030412156489,1.7627062324388427,50.05270370965774,49.947296290342265,50.9827968594439,49.017203140556106
TO,57.8,18.39637127891787,81.60362872108213,1.7626837153151866,50.05375570360714,49.94624429639287,50.980522289523144,49.01947771047686
TO,57.9,18.396153019504414,81.60384698049559,1.7626950800235364,50.05380313530796,49.94619686469202,50.97936253989882,49.02063746010118
TO,58.0,18.39530728500095,81.60469271499905,1.7626782466511022,50.05385054783081,49.94614945216919,50.97816401800115,49.02183598199884
TO,58.1,18.394439684568887,81.60556031543112,1.7626626626000854,50.05389794118727,49.94610205881274,50.977000653795336,49.02299934620466
TO,58.2,18.393566191377193,81.6064338086228,1.7626111640474298,50.05394531538896,49.94605468461103,50.9747498017852,49.02525019821479
TO,58.3,18.393060903865933,81.60693909613408,1.7626640552110606,50.05499815922847,49.945001840771525,50.97360648988961,49.026393510110395
TO,58.4,18.39219483394972,81.60780516605028,1.7626132080677945,50.0550452929923,49.94495470700771,50.97246676594261,49.02753323405739
TO,58.5,18.391329299305283,81.60867070069472,1.762597668997478,50.055092407717424,49.944907592282576,50.9713306130811,49.02866938691891
TO,58.6,18.390818578878655,81.60918142112135,1.7626498952022112,50.05614442629924,49.94385557370076,50.96910288289011,49.03089711710989
TO,58.7,18.389953905816146,81.61004609418386,1.7625990913754792,50.05619130104585,49.94380869895415,50.967964622804416,49.03203537719558
TO,58.8,18.38908954386636,81.61091045613364,1.7625835766720666,50.056237154587414,49.94376284541258,50.96683032710884,49.033169672891155
TO,58.9,18.388298795953094,81.61170120404691,1.762607356285124,50.05628625037581,49.943713749624195,50.965710048966095,49.034289951033905
TO,59.0,18.387147959803492,81.6128520401965,1.7625628315236372,50.05733626434612,49.94266373565387,50.96458278351581,49.0354172164842
TO,59.1,18.38596937302611,81.61403062697387,1.7625541628330441,50.05638113070708,49.94361886929292,50.96242403879118,49.03757596120883
TO,59.2,18.38546718524001,81.61453281475998,1.7625717305103232,50.05743074599647,49.94256925400353,50.9613053343128,49.03869466568721
TO,59.3,18.38403098229741,81.6159690177026,1.7625334588364148,50.05747861286913,49.94252138713088,50.96019009119872,49.03980990880129
TO,59.4,18.383141533287397,81.6168584667126,1.762518605486976,50.057525159025374,49.94247484097462,50.95804799789487,49.04195200210514
TO,59.5,18.382354112786654,81.61764588721336,1.7625424288851905,50.057572993271314,49.942427006728686,50.95694119526593,49.04305880473408
TO,59.6,18.381184867164567,81.61881513283544,1.7624992414357703,50.05862165122378,49.94137834877623,50.95587824606359,49.0441217539364
TO,59.7,18.380397768855477,81.61960223114453,1.762558148590753,50.05866929205454,49.94133070794546,50.95477813662947,49.045221863370514
TO,59.8,18.37893647923994,81.62106352076006,1.7625205556525283,50.058716917505976,49.94128308249403,50.95264691403229,49.04735308596771
TO,59.9,18.37815688065599,81.621843119344,1.7625449088210812,50.05876452758552,49.94123547241449,50.95262815943019,49.04737184056981
TO,60.0,18.376697735782816,81.62330226421717,1.7625074030228247,50.05881212230061,49.941187877699385,50.9505066172302,49.04949338276981
TO,60.1,18.375603890412854,81.62439610958714,1.762538553862926,50.05986208592387,49.94013791407614,50.94946124370951,49.05053875629049
TO,60.2,18.374174053043323,81.62582594695668,1.762500396631042,50.05990848934707,49.94009151065294,50.948368922020336,49.05163107797965
TO,60.3,18.373368592732152,81.62663140726785,1.7625254081152466,50.059955877486594,49.94004412251341,50.94732985827629,49.052670141723716
TO,60.4,18.371911882103156,81.62808811789685,1.7625229727136205,50.06000325034285,49.93999674965715,50.94522895629441,49.054771043705585
TO,60.5,18.370820230436678,81.62917976956332,1.7625540906124952,50.06105139026991,49.93894860973008,50.94418738521823,49.05581261478177
TO,60.6,18.369372185775557,81.63062781422444,1.7625172633069581,50.06109857219641,49.9389014278036,50.943159110973276,49.05684088902672
TO,60.7,18.367989205046918,81.63201079495309,1.7625539260908862,50.06114718639617,49.938852813603816,50.94106355872772,49.05893644127228
TO,60.8,18.366542170201523,81.63345782979849,1.7624820125957747,50.06119433956461,49.938805660435406,50.940042925776716,49.05995707422327
TO,60.9,18.36545384486507,81.63454615513493,1.7625131743532856,50.062241698750185,49.93775830124982,50.93902568071426,49.06097431928574
TO,61.0,18.364079435289486,81.6359205647105,1.762550425597433,50.06229015393221,49.93770984606779,50.93800086519672,49.06199913480328
TO,61.1,18.362635108276166,81.63736489172383,1.762513656119264,50.06233610455111,49.9376638954489,50.93697905094331,49.063020949056686
TO,61.2,18.361233607374828,81.63876639262517,1.7625515035557136,50.062384534632955,49.93761546536704,50.934946652387744,49.065053347612256
TO,61.3,18.36014776715341,81.6398522328466,1.7625826076291489,50.063431155997385,49.93656884400261,50.93393226015527,49.06606773984474
TO,61.4,18.358133920472977,81.64186607952702,1.762558136629248,50.063479440843686,49.93652055915633,50.932931316851835,49.06706868314816
TO,61.5,18.35673534857463,81.64326465142537,1.7625610246397665,50.063527714002696,49.93647228599729,50.93091356209598,49.06908643790403
TO,61.6,18.355366044778695,81.64463395522131,1.7625982649057237,50.0635759754787,49.93642402452131,50.92990943567509,49.0700905643249
TO,61.7,18.353612039411317,81.64638796058868,1.7625682571312056,50.06462190144026,49.935378098559745,50.92790182229183,49.07209817770817
TO,61.8,18.35224435553651,81.64775564446349,1.7626054811784344,50.06467001790256,49.935329982097436,50.92691538141746,49.073084618582556
TO,61.9,18.350854906060686,81.64914509393931,1.7626089760411352,50.064717125311255,49.93528287468875,50.92594921681598,49.074050783184006
TO,62.0,18.348846945096547,81.65115305490346,1.7625845306048031,50.06476521861808,49.93523478138191,50.92495800936302,49.07504199063698
TO,62.1,18.347459187841718,81.65254081215829,1.7625880350665721,50.06481230312284,49.935187696877165,50.92400772380445,49.07599227619555
TO,62.2,18.345780869166553,81.65421913083344,1.7626319779203747,50.06586003169844,49.934139968301565,50.92202275850736,49.07797724149264
TO,62.3,18.34441599428585,81.65558400571416,1.7626690753370817,50.06590697340959,49.9340930265904,50.921031441343544,49.078968558656456
TO,62.4,18.342105406043814,81.65789459395619,1.7626171978872656,50.06495707850094,49.935042921499054,50.920090677015516,49.07990932298448
TO,62.5,18.340436169988603,81.65956383001141,1.7626617133800278,50.06600445437748,49.93399554562251,50.919152163289475,49.080847836710525
TO,62.6,18.339045906033395,81.6609540939666,1.7626645726606351,50.06605136348979,49.93394863651021,50.91717529730669,49.082824702693294
TO,62.7,18.337377426598483,81.66262257340152,1.7627090044777927,50.06709740023217,49.93290259976782,50.91624383803903,49.08375616196097
TO,62.8,18.335710362248328,81.66428963775168,1.762718609474862,50.06614778748077,49.93385221251922,50.91530468425027,49.084695315749734
TO,62.9,18.333398874121247,81.66660112587876,1.762666170814943,50.067193603492974,49.932806396507026,50.91335176060569,49.08664823939431
TO,63.0,18.33144916623337,81.66855083376664,1.7627167638949341,50.067243032093046,49.932756967906954,50.91241923139113,49.08758076860887
TO,63.1,18.329784966715366,81.67021503328465,1.7627263655311458,50.068288547600424,49.93171145239958,50.91149951870767,49.088500481292336
TO,63.2,18.32809309895685,81.67190690104316,1.7627713936650329,50.06733917880371,49.9326608211963,50.90958636070272,49.090413639297275
TO,63.3,18.326145948015704,81.67385405198429,1.7627871200056262,50.06738758575331,49.932612414246705,50.90866322780039,49.091336772199604
TO,63.4,18.324484265193064,81.67551573480694,1.7627966906285333,50.068432791356685,49.931567208643315,50.907742273206615,49.092257726793385
TO,63.5,18.32253897961901,81.67746102038099,1.762812402857019,50.06848110110257,49.93151889889744,50.906824214429314,49.093175785570686
TO,63.6,18.319929130294575,81.68007086970543,1.7628021711761512,50.06853039866592,49.93146960133408,50.90492785461082,49.09507214538919
TO,63.7,18.31798600266405,81.68201399733594,1.7628178737267532,50.068578692711526,49.931421307288474,50.904016154363916,49.09598384563608
TO,63.8,18.31601565527758,81.68398434472242,1.762834169192831,50.06862797441551,49.93137202558447,50.90212874101107,49.097871258988924
TO,63.9,18.313796865824376,81.68620313417563,1.7628565969031604,50.06967439431123,49.93032560568878,50.902235764151115,49.09776423584888
TO,64.0,18.311828236175945,81.68817176382404,1.7628728809342655,50.06972258516205,49.93027741483796,50.9003460753333,49.09965392466669
TO,64.1,18.309860642600587,81.69013935739942,1.7628891630466024,50.06977076822472,49.93022923177529,50.898471562881106,49.101528437118894
TO,64.2,18.30792904085238,81.69207095914763,1.7629054309943735,50.069819938640414,49.93018006135959,50.898592790338526,49.10140720966149
TO,64.3,18.30567961138075,81.69432038861925,1.762962541083122,50.070865968644625,49.92913403135537,50.89671558406103,49.10328441593897
TO,64.4,18.303715337152916,81.69628466284709,1.7629788563985498,50.07091305364144,49.92908694635857,50.89484375747053,49.10515624252947
TO,64.5,18.30147445107464,81.69852554892536,1.7630018278175101,50.071958868986385,49.9280411310136,50.893990780606,49.106009219394
TO,64.6,18.29923458996044,81.70076541003954,1.7630247819604155,50.07101202021755,49.92898797978244,50.89313001918262,49.10686998081737
TO,64.7,18.29698953207903,81.70301046792096,1.7630471194005508,50.07205770226824,49.92794229773176,50.89128004911762,49.10871995088239
TO,64.8,18.294751911364084,81.70524808863591,1.763035371892192,50.07111096270732,49.92888903729268,50.89043512097721,49.109564879022784
TO,64.9,18.292515664299565,81.70748433570043,1.763058368425796,50.07215551684852,49.92784448315148,50.88957277974811,49.11042722025189
TO,65.0,18.289990595194773,81.71000940480523,1.7630867938454735,50.07220635089583,49.92779364910417,50.887734831103906,49.11226516889611
TO,65.1,18.28775601029415,81.71224398970585,1.7631097118240708,50.073250732158726,49.92674926784129,50.88688824990765,49.113111750092344
TO,65.2,18.28615707944391,81.71384292055609,1.7631937720118964,50.07230413149393,49.92769586850607,50.88605347952379,49.11394652047622
TO,65.3,18.283924430115416,81.7160755698846,1.7632166537340783,50.07334837977787,49.926651620222124,50.8852112956546,49.11478870434539
TO,65.4,18.2813814508304,81.7186185491696,1.7632462362475705,50.07339815931206,49.92660184068793,50.88340366386963,49.116596336130364
TO,65.5,18.278868679683622,81.72113132031637,1.763240632876336,50.07344793477561,49.926552065224406,50.8825670968517,49.117432903148284
TO,65.6,18.27635647584974,81.72364352415026,1.7632695912114673,50.073497706168965,49.926502293831035,50.88173270156412,49.11826729843589
TO,65.7,18.273818100124217,81.72618189987578,1.7632992009556627,50.0735484677293,49.92645153227069,50.87995593130661,49.120044068693396
TO,65.8,18.271308017524444,81.72869198247555,1.7632935340389098,50.07359723674725,49.926402763252746,50.87911753232154,49.120882467678456
TO,65.9,18.26940380833474,81.73059619166526,1.7633841348837955,50.07563823563339,49.924361764366616,50.87733913673215,49.122660863267846
TO,66.0,18.266619725152516,81.73338027484749,1.7634197355622347,50.07469381747372,49.925306182526256,50.87749035050854,49.12250964949146
TO,66.1,18.26408570853197,81.73591429146802,1.7634147084008862,50.07474352875671,49.925256471243294,50.875718541015345,49.124281458984655
TO,66.2,18.261552267327076,81.73844773267291,1.7634441945832338,50.074793235975704,49.925206764024296,50.87395122764652,49.12604877235348
TO,66.3,18.258744164059582,81.74125583594041,1.7634458747185624,50.07583893197377,49.92416106802624,50.87315954122089,49.1268404587791
TO,66.4,18.256872314457297,81.74312768554269,1.7635356701706641,50.07588859134708,49.92411140865293,50.87234569712287,49.12765430287713
TO,66.5,18.254066536734616,81.7459334632654,1.7635373281515014,50.07693419976278,49.92306580023722,50.8715580101659,49.128441989834094
TO,66.6,18.25125605090508,81.74874394909492,1.7635729107076972,50.075989929592346,49.92401007040764,50.8698048387995,49.130195161200504
TO,66.7,18.2484522717224,81.7515477282776,1.763574498295602,50.07703549206839,49.92296450793162,50.86902227729656,49.13097772270344
TO,66.8,18.246562635572953,81.75343736442704,1.7636654710076087,50.07708410357053,49.92291589642947,50.86824165644403,49.13175834355597
TO,66.9,18.24347330949671,81.75652669050329,1.76367257608989,50.077135782068595,49.92286421793139,50.86648980325077,49.133510196749235
TO,67.0,18.240673504521958,81.75932649547805,1.763708642662038,50.078182248635294,49.9218177513647,50.86572364904979,49.134276350950216
TO,67.1,18.23787535623618,81.76212464376381,1.7637102579272375,50.07723705744059,49.9227629425594,50.86495001103063,49.13504998896938
TO,67.2,18.235397278909772,81.76460272109023,1.763779403269744,50.077288733561396,49.9227112664386,50.863241706724835,49.136758293275165
TO,67.3,18.232601564699706,81.7673984353003,1.763815487870502,50.07833415826137,49.92166584173862,50.86247301916196,49.13752698083804
TO,67.4,18.229525005561147,81.77047499443886,1.7638231706606267,50.07838483838406,49.921615161615925,50.861706551456834,49.13829344854317
TO,67.5,18.227049564712054,81.77295043528794,1.763892187561586,50.07843651212871,49.92156348787128,50.86000843961026,49.13999156038974
TO,67.6,18.22397581120911,81.77602418879088,1.7639343012326871,50.07848818576639,49.92151181423362,50.859246538251504,49.14075346174849
TO,67.7,18.221812816772925,81.77818718322708,1.763996647861947,50.07953256655118,49.92046743344882,50.85847719590323,49.14152280409677
TO,67.8,18.218713413675534,81.78128658632446,1.764004877949231,50.079584237919825,49.920415762080154,50.85678918531895,49.14321081468104
TO,67.9,18.21561515233602,81.78438484766397,1.7640131103322454,50.079634915504414,49.92036508449557,50.85509595308254,49.144904046917446
TO,68.0,18.213173898016997,81.78682610198301,1.7640814686912438,50.0796865866612,49.9203134133388,50.85434374851944,49.14565625148056
TO,68.1,18.209802980435338,81.79019701956467,1.7640963665784124,50.080734131299764,49.91926586870022,50.853625887995655,49.146374112004345
TO,68.2,18.207335455324888,81.79266454467512,1.7641652931804257,50.080784808570414,49.91921519142957,50.851942546510166,49.148057453489834
TO,68.3,18.20398937548991,81.79601062451009,1.764213351815929,50.07984279071953,49.920157209280475,50.85119688541779,49.1488031145822
TO,68.4,18.200622647770984,81.799377352229,1.7642282042445123,50.080890376803175,49.91910962319682,50.85047575733154,49.14952424266845
TO,68.5,18.198158570704116,81.80184142929589,1.764297066637615,50.08094105577745,49.919058944222556,50.84881176110334,49.15118823889666
TO,68.6,18.194794573197672,81.80520542680233,1.764311893944438,50.08198868133579,49.91801131866422,50.84809514528171,49.15190485471829
TO,68.7,18.19205757695091,81.80794242304908,1.7643873782270132,50.081045640050334,49.918954359949666,50.84738021217077,49.15261978782923
TO,68.8,18.188689884367776,81.81131011563222,1.7644015846070453,50.08209231343055,49.91790768656944,50.84571659771876,49.154283402281244
TO,68.9,18.186236381423143,81.81376361857686,1.7644365869539873,50.082142994006375,49.917857005993625,50.845006138470595,49.1549938615294
TO,69.0,18.182597373244743,81.81740262675527,1.7644574939543882,50.082196947134335,49.917803052865644,50.84429734159095,49.15570265840904
TO,69.1,18.179864766050155,81.82013523394984,1.7645328997093879,50.08324370163536,49.91675629836464,50.84359051559668,49.156409484403326
TO,69.2,18.176193700804955,81.82380629919504,1.7645537161180458,50.08329770058847,49.91670229941154,50.84102406445773,49.158975935542266
TO,69.3,18.173463380627847,81.82653661937215,1.764629066340448,50.08235356446779,49.91764643553222,50.84031325100993,49.15968674899007
TO,69.4,18.170734445671393,81.82926555432861,1.764704387809497,50.08340139599231,49.91659860400769,50.83962265902478,49.16037734097522
TO,69.5,18.16707419727433,81.83292580272567,1.7647258260546517,50.08345441132046,49.91654558867955,50.838003434910014,49.161996565089986
TO,69.6,18.164066463567067,81.83593353643293,1.7647728408292924,50.08350743076553,49.916492569234464,50.83730801098295,49.162691989017056
TO,69.7,18.16040856181396,81.83959143818605,1.7647941946234924,50.083560454328,49.916439545671984,50.835695156938684,49.16430484306131
TO,69.8,18.157690925135746,81.84230907486425,1.7648700948918628,50.08460745656752,49.91539254343248,50.83594350062799,49.164056499372
TO,69.9,18.15403593782916,81.84596406217084,1.7648914183970021,50.08466052590768,49.91533947409234,50.83433587536271,49.16566412463728
TO,70.0,18.151005041148938,81.84899495885107,1.7649389688884858,50.0847135993695,49.91528640063051,50.832741281814734,49.16725871818526
HA,0.0,0.0,100.0,0.0,nan,nan,nan,nan
HA,0.0,0.0,100.0,0.0,nan,nan,nan,nan
HA,0.0,0.0,100.0,0.0,nan,nan,nan,nan
HA,0.1,2.4340335078998705,97.56596649210015,3.427438447141894e-05,98.50308466005828,1.4969153399417277,91.61829829907259,8.381701700927401
HA,0.2,2.4352943888147327,97.56470561118526,4.0102149309657706e-05,97.85056890164044,2.149431098359548,86.30345672573226,13.69654327426774
HA,0.3,2.437941631891503,97.5620583681085,4.787506678583443e-05,97.51402592099059,2.4859740790094,82.58291286203311,17.417087137966895
HA,0.4,2.4415656678382156,97.55843433216178,5.7898966348026556e-05,97.3543017316985,2.6456982683014907,79.71262392976939,20.287376070230604
HA,0.5,2.4462384525585263,97.55376154744147,7.058592534499804e-05,97.28728023687574,2.7127197631242437,77.30266150576053,22.697338494239467
HA,0.6,2.4517188640402257,97.54828113595977,8.653830156510832e-05,97.2626161641408,2.7373838358592173,75.12987127646424,24.870128723535753
HA,0.7,2.45788797669302,97.54211202330698,0.00010654442649319458,97.25473764217799,2.745262357822012,73.05945842363508,26.940541576364925
HA,0.8,2.4646242413777557,97.53537575862225,0.00013151923793598819,97.25083629230184,2.7491637076981728,71.00758476666415,28.992415233335844
HA,0.9,2.471816137431922,97.52818386256807,0.00016259110332254685,97.24498151577374,2.7550184842262495,68.92005067305685,31.07994932694316
HA,1.0,2.4794636642551606,97.52053633574485,0.00020112454370240057,97.23431941485734,2.7656805851426656,66.76522823813781,33.234771761862206
HA,1.1,2.487627651872105,97.51237234812791,0.00024875790058141294,97.21781547531106,2.782184524688951,64.52785216647209,35.47214783352792
HA,1.2,2.496160738596074,97.50383926140391,0.00030747314679830843,97.19493716689408,2.805062833105923,62.20446318089395,37.79553681910604
HA,1.3,2.505020219884975,97.49497978011502,0.00037960156097614236,97.16577319646251,2.834226803537488,59.80300886313948,40.19699113686052
HA,1.4,2.5141544522335484,97.48584554776644,0.00046787674566804764,97.1303040032445,2.869695996755496,57.33947378853752,42.66052621146248
HA,1.5,2.5233691930590956,97.4766308069409,0.000575454833333998,97.08885623414531,2.911143765854695,54.836913140423206,45.163086859576815
HA,1.6,2.532926272499348,97.46707372750065,0.0007060582974674817,97.04153765335587,2.9584623466441133,52.32034836398404,47.679651636015954
HA,1.7,2.5425601247450142,97.45743987525499,0.0008638277449013848,96.98856188057157,3.01143811942844,49.81977377368877,50.18022622631122
HA,1.8,2.5521714765821257,97.44782852341788,0.0010534572574897292,96.93011289201243,3.0698871079875714,47.35994933257805,52.64005066742197
HA,1.9,2.5617799779275705,97.43822002207241,0.0012801285308108909,96.86621572993862,3.133784270061382,44.967048616313875,55.03295138368611
HA,2.0,2.571502949578045,97.42849705042195,0.0015494556862995258,96.7970486777636,3.2029513222364017,42.66689199774505,57.33310800225496
HA,2.1,2.580909796522434,97.41909020347757,0.0018674750012150972,96.72263046582998,3.277369534170018,40.47340251135817,59.52659748864183
HA,2.2,2.5902414930912787,97.40975850690872,0.002240307299819177,96.64303108196837,3.356968918031613,38.402852223877616,61.597147776122384
HA,2.3,2.5994653169955124,97.40053468300448,0.0026744325912674487,96.55831899601078,3.4416810039892174,36.46693242664506,63.53306757335493
HA,2.4,2.6082707957913667,97.39172920420864,0.003175684018317146,96.46850702998341,3.53149297001659,34.66721666052413,65.33278333947587
HA,2.5,2.6166236449079374,97.38337635509207,0.0037501009944863636,96.37362289036898,3.626377109631023,33.008480604386385,66.99151939561361
HA,2.6,2.624789294851238,97.37521070514876,0.004402584406861624,96.27367141820106,3.726328581798947,31.49066728375623,68.50933271624378
HA,2.7,2.6326101994077042,97.36738980059229,0.005156868878304029,96.1695182381859,3.8304817618140876,30.057682495954563,69.94231750404542
HA,2.8,2.639920777355857,97.36007922264415,0.00600009578866891,96.05979796153584,3.940202038464146,28.768082808806216,71.23191719119379
HA,2.9,2.646664887190596,97.3533351128094,0.006933818283491933,95.94492571152259,4.055074288477417,27.612174370074406,72.3878256299256
HA,3.0,2.652724768226001,97.347275231774,0.007956700812658944,95.82506047545584,4.174939524544157,26.58208491460623,73.41791508539377
HA,3.1,2.6580785632528423,97.34192143674716,0.00906571661473315,95.70018452715573,4.299815472844269,25.67117829712745,74.32882170287255
HA,3.2,2.6626127553214904,97.3373872446785,0.01025537581961642,95.57047742619831,4.4295225738017,24.871102454700356,75.12889754529965
HA,3.3,2.666396342166756,97.33360365783324,0.011517995067324486,95.4359215354457,4.564078464554296,24.17374076151506,75.82625923848494
HA,3.4,2.6694268620954325,97.33057313790457,0.012843754428931469,95.29667065089994,4.703329349100066,23.571831331322496,76.4281686686775
HA,3.5,2.6716283499161086,97.3283716500839,0.014221821093043499,95.15282521452941,4.8471747854705916,23.058431835842487,76.94156816415752
HA,3.6,2.6730265508365387,97.32697344916346,0.015639064979220747,95.00442503348033,4.995574966519673,22.625418103326002,77.374581896674
HA,3.7,2.6739900903596356,97.32600990964036,0.017135997815578344,94.85103758427411,5.148962415725884,22.240040340922928,77.75995965907705
HA,3.8,2.674126168001419,97.32587383199858,0.018645214360013904,94.69310466944503,5.306895330554974,21.92946743716089,78.0705325628391
HA,3.9,2.673523041196883,97.32647695880311,0.020151847739914807,94.53074420643314,5.46925579356686,21.688023583339028,78.31197641666097
HA,4.0,2.672200998140456,97.32779900185955,0.021641210884781662,94.36418092566716,5.63581907433284,21.508313326625633,78.49168667337436
HA,4.1,2.6702028872354884,97.32979711276451,0.023099957757105598,94.1935781200248,5.806421879975197,21.38515557394868,78.6148444260513
HA,4.2,2.667723849945252,97.33227615005475,0.02451781146868271,94.01905652923584,5.980943470764157,21.31449500883596,78.68550499116404
HA,4.3,2.66460494241855,97.33539505758145,0.025883763569061087,93.84093307762512,6.1590669223748815,21.290744453990424,78.70925554600957
HA,4.4,2.6610332014339586,97.33896679856603,0.027189913443196836,93.6592197061695,6.3407802938305124,21.309238303306387,78.69076169669361
HA,4.5,2.65711247093626,97.34288752906373,0.02843239194656693,93.47424982267604,6.52575017732397,21.36721392237284,78.63278607762716
HA,4.6,2.6527154552142065,97.3472845447858,0.02960356550983757,93.28622237480553,6.7137776251944725,21.459162159172106,78.54083784082789
HA,4.7,2.6481589289084355,97.35184107109156,0.03070490296856231,93.09534031293124,6.904659687068753,21.583640011062425,78.41635998893757
HA,4.8,2.6434043561633604,97.35659564383664,0.03173395353322092,92.90165042829416,7.098349571705831,21.737051520688535,78.26294847931146
HA,4.9,2.6384420270385673,97.36155797296145,0.03269114635251179,92.70558500903479,7.294414990965209,21.915091271250034,78.08490872874997
HA,5.0,2.6333197274425504,97.36668027255745,0.03357691288781053,92.50729479426566,7.492705205734343,22.116344543119954,77.88365545688004
HA,5.1,2.628154489198517,97.37184551080148,0.03439443827226424,92.30694823970789,7.693051760292121,22.337487944899063,77.66251205510095
HA,5.2,2.62280869614276,97.37719130385724,0.03514592717170393,92.1049151188442,7.895084881155802,22.57621329250812,77.4237867074919
HA,5.3,2.617598023535034,97.38240197646496,0.035836003993267855,91.90128011878782,8.098719881212176,22.83196834452931,77.1680316554707
HA,5.4,2.612446712478802,97.3875532875212,0.03646889999969063,91.69635642400647,8.303643575993537,23.10065423706881,76.89934576293119
HA,5.5,2.6072190383194243,97.39278096168057,0.03704572743896156,91.49041793896706,8.509582061032953,23.38039926607327,76.61960073392673
HA,5.6,2.6021620729422943,97.3978379270577,0.037573575525965866,91.2836001092702,8.716399890729798,23.671252806972674,76.32874719302734
HA,5.7,2.5970919569982978,97.4029080430017,0.038052519613609136,91.07621183249775,8.923788167502257,23.970625790627096,76.02937420937289
HA,5.8,2.5921808981912693,97.40781910180874,0.03848933050645203,90.86840859726397,9.131591402736033,24.27709778722363,75.72290221277636
HA,5.9,2.5873967795979342,97.41260322040208,0.03888736146038997,90.66062356848721,9.339376431512788,24.588693296357413,75.41130670364258
HA,6.0,2.582674392335696,97.41732560766431,0.03924814976184433,90.45283543222392,9.547164567776067,24.906034948076535,75.09396505192348
HA,6.1,2.578109493440382,97.42189050655963,0.03957677390685929,90.24530537706286,9.754694622937148,25.224950789535754,74.77504921046425
HA,6.2,2.5736088978897746,97.42639110211023,0.03987446064783087,90.03848573042931,9.961514269570687,25.547921253827973,74.45207874617203
HA,6.3,2.569316231496267,97.43068376850373,0.0401462469456158,89.83233899143153,10.167661008568473,25.869838825425845,74.13016117457416
HA,6.4,2.5652219418430797,97.43477805815691,0.04039382355500201,89.62712417508031,10.372875824919687,26.193809731991173,73.80619026800883
HA,6.5,2.56118414798587,97.43881585201414,0.04061841331439008,89.42330639459776,10.57669360540224,26.51675944881956,73.48324055118044
HA,6.6,2.5572533727717133,97.44274662722829,0.04082254956136679,89.22079488983134,10.779205110168661,26.839194792849565,73.16080520715045
HA,6.7,2.553547765625245,97.44645223437476,0.04100997415415868,89.01970484345236,10.980295156547628,27.158916193349814,72.84108380665019
HA,6.8,2.5499139038730987,97.45008609612691,0.04117921787936274,88.82063291124389,11.179367088756106,27.476206591605575,72.52379340839443
HA,6.9,2.5464815194583372,97.45351848054167,0.04133571607815157,88.62326630073127,11.376733699268723,27.789784105122155,72.21021589487785
HA,7.0,2.5431022487681165,97.45689775123189,0.04147806810872908,88.42832720002318,11.571672799976817,28.100208117730034,71.89979188226997
HA,7.1,2.5399265713664314,97.46007342863358,0.041609180909478384,88.23536611936242,11.764633880637573,28.40721858605803,71.59278141394198
HA,7.2,2.5367711034865357,97.46322889651346,0.04172725808904785,88.04492363874527,11.955076361254726,28.70976033332127,71.29023966667873
HA,7.3,2.533840429145821,97.46615957085417,0.04183801864151138,87.85714465222296,12.142855347777026,29.00666146023625,70.99333853976376
HA,7.4,2.5310865698298977,97.4689134301701,0.041940689095509,87.67177320846906,12.328226791530945,29.29864856306758,70.70135143693243
HA,7.5,2.5282919300893125,97.47170806991068,0.04203286228047998,87.4892779590901,12.510722040909897,29.585549875687768,70.41445012431222
HA,7.6,2.5257978010785926,97.47420219892142,0.04212096989012707,87.30995424697771,12.690045753022295,29.86691482267043,70.13308517732956
HA,7.7,2.523288175075093,97.4767118249249,0.04220143443879115,87.13325425069198,12.866745749308025,30.141988353982068,69.85801164601793
HA,7.8,2.520812350845647,97.47918764915435,0.04227405866355885,86.95988219851682,13.040117801483179,30.411358918387133,69.58864108161286
HA,7.9,2.518583758021551,97.48141624197845,0.04234426777361814,86.79207670072655,13.207923299273455,30.67500051022189,69.32499948977812
HA,8.0,2.5160962222639394,97.48390377773607,0.0424072245580506,86.64694570197373,13.353054298026269,30.93477678930241,69.06522321069758
HA,8.1,2.5137058830124612,97.48629411698755,0.04246017338135666,86.50117330806773,13.498826691932267,31.190632198000547,68.80936780199947
HA,8.2,2.511239088092588,97.4887609119074,0.04249992308777996,86.35699776262058,13.64300223737941,31.442062811167933,68.55793718883207
HA,8.3,2.5088322673886605,97.49116773261134,0.042528554313213715,86.21575258126572,13.784247418734283,31.68933429750772,68.31066570249227
HA,8.4,2.5064656266513503,97.49353437334864,0.04254812455699793,86.07788262998926,13.922117370010751,31.931909953390335,68.06809004660967
HA,8.5,2.5043285590133126,97.49567144098667,0.04256084330579079,85.9440543367083,14.055945663291691,32.16927545207351,67.8307245479265
HA,8.6,2.5021202394693924,97.49787976053061,0.04256396891895303,85.81410160619438,14.18589839380561,32.40201142144347,67.59798857855654
HA,8.7,2.5000852521457375,97.49991474785425,0.04256183340337069,85.68800297647819,14.311997023521794,32.629153386202894,67.3708466137971
HA,8.8,2.4980507281501225,97.50194927184988,0.04255224971326164,85.56622533691129,14.433774663088716,32.85075508072087,67.14924491927913
HA,8.9,2.4960577661426395,97.50394223385737,0.04253623370114385,85.44859955302663,14.551400446973384,33.06739539340597,66.93260460659404
HA,9.0,2.4941962550939634,97.50580374490603,0.04251566050057285,85.3352396719091,14.664760328090901,33.27882665448002,66.72117334551999
HA,9.1,2.492486079275722,97.50751392072428,0.04249127327356081,85.22571175741128,14.774288242588721,33.484912575020594,66.51508742497941
HA,9.2,2.4907182895538895,97.50928171044612,0.042461103872175894,85.12044956819966,14.879550431800336,33.68514470697911,66.3148552930209
HA,9.3,2.488956832219871,97.51104316778013,0.042425906094635764,85.01966833783263,14.980331662167373,33.88052994881555,66.11947005118444
HA,9.4,2.4874174026650913,97.51258259733491,0.04238912762824537,84.92287793851999,15.077122061480011,34.07044781346213,65.92955218653788
HA,9.5,2.485808430171318,97.5141915698287,0.042347205130845986,84.82988914053372,15.170110859466284,34.25498488717246,65.74501511282753
HA,9.6,2.4843095878316097,97.51569041216838,0.04230238629655236,84.74100298336039,15.258997016639611,34.43411337985381,65.56588662014619
HA,9.7,2.482919148107848,97.51708085189215,0.04225504014141047,84.65636205628294,15.343637943717065,34.60869590946514,65.39130409053486
HA,9.8,2.481569476931943,97.51843052306806,0.04220520325742313,84.57541933399236,15.424580666007632,34.77797413047079,65.2220258695292
HA,9.9,2.4801414718399473,97.51985852816006,0.04215133795808463,84.49817484457598,15.50182515542402,34.94203239026427,65.05796760973573
HA,10.0,2.478818078551679,97.52118192144832,0.04209476372119171,84.42476040461399,15.575239595386027,35.10171660099676,64.89828339900323
HA,10.1,2.477652044138311,97.52234795586169,0.04203857921969385,84.3554230815639,15.644576918436096,35.25612848689772,64.74387151310229
HA,10.2,2.476411759452451,97.52358824054755,0.04197822623052704,84.28940280242908,15.710597197570925,35.40613576866005,64.59386423133996
HA,10.3,2.475146397351685,97.5248536026483,0.041913959618894596,84.22744214209936,15.772557857900635,35.551882349826194,64.44811765017381
HA,10.4,2.474037238009274,97.52596276199071,0.041850092997916734,84.16834664874686,15.831653351253141,35.69260913876618,64.30739086123381
HA,10.5,2.4729619919280807,97.52703800807193,0.04178424066455112,84.1133968506065,15.886603149393494,35.829157853314875,64.17084214668513
HA,10.6,2.4719745553671086,97.52802544463289,0.041716822369740336,84.06149057280959,15.938509427190425,35.962042534222626,64.03795746577737
HA,10.7,2.470899598806861,97.52910040119315,0.041646108912560424,84.01297357073261,15.987026429267406,36.09045286897636,63.909547131023636
HA,10.8,2.469854568874776,97.53014543112522,0.04157368945153721,83.96765509611816,16.03234490388183,36.214847496643,63.78515250335699
HA,10.9,2.468960279109338,97.53103972089066,0.041502076991712225,83.92546465427135,16.074535345728655,36.335372673052866,63.664627326947134
HA,11.0,2.468034929068536,97.53196507093146,0.0414274240565202,83.88675766598881,16.113242334011183,36.45220925517333,63.54779074482667
HA,11.1,2.467127141495503,97.53287285850449,0.04135094427997729,83.85089432821871,16.149105671781285,36.565538256145274,63.43446174385472
HA,11.2,2.466249849924835,97.53375015007516,0.0412735291195413,83.81780688357966,16.182193116420333,36.675345306914956,63.32465469308504
HA,11.3,2.4653250730851064,97.53467492691489,0.04119297990657361,83.7875355924155,16.2124644075845,36.78201040963705,63.21798959036295
HA,11.4,2.4645477781684932,97.53545222183149,0.041113288374468517,83.76041305932942,16.239586940670577,36.885033158281644,63.11496684171834
HA,11.5,2.463792159661592,97.5362078403384,0.04103299580310317,83.73592389072833,16.264076109271667,36.984883159746545,63.01511684025345
HA,11.6,2.462939567962602,97.5370604320374,0.0409491822552335,83.7142566470095,16.285743352990494,37.081561862377654,62.918438137622346
HA,11.7,2.4621479008294056,97.53785209917059,0.04086431255274002,83.6945842298577,16.305415770142307,37.17565704094588,62.824342959054114
HA,11.8,2.461395156206051,97.53860484379395,0.040779079444806576,83.6780967293279,16.321903270672106,37.26678447992743,62.73321552007257
HA,11.9,2.460695932323126,97.53930406767688,0.040692122902729756,83.66396075391921,16.3360392460808,37.355297227422454,62.644702772577546
HA,12.0,2.4600179232025488,97.53998207679744,0.04060483748387065,83.6519225703566,16.34807742964339,37.440960406137535,62.55903959386247
HA,12.1,2.4593653978945436,97.54063460210546,0.040517044172778544,83.64258492661897,16.357415073381027,37.52408428695992,62.47591571304009
HA,12.2,2.458647732949981,97.54135226705002,0.040425676471899256,83.63539283263425,16.36460716736575,37.605376416738295,62.39462358326171
HA,12.3,2.4580672203813223,97.54193277961868,0.04033590309615592,83.63037620637155,16.369623793628453,37.68343205503669,62.31656794496332
HA,12.4,2.4573881018870045,97.54261189811298,0.040243760466633735,83.6275510388079,16.372448961192116,37.7593589622493,62.2406410377507
HA,12.5,2.4567692448530227,97.54323075514698,0.040150685929606716,83.62664274371208,16.373357256287914,37.83367536247868,62.16632463752132
HA,12.6,2.4561741923669755,97.54382580763303,0.040056874087669364,83.62782091285102,16.372179087148968,37.90557251011689,62.094427489883095
HA,12.7,2.4556320814722454,97.54436791852775,0.03996242036135528,83.6312496475036,16.3687503524964,37.97581799276402,62.024182007235986
HA,12.8,2.4549764293680836,97.54502357063191,0.039865162482516106,83.63620440513202,16.363795594867973,38.04350571845377,61.95649428154623
HA,12.9,2.454383599460904,97.5456164005391,0.03976751272597541,83.64299004890472,16.35700995109528,38.11010598931656,61.889894010683456
HA,13.0,2.453936204275963,97.54606379572404,0.03967151516694532,83.65222687364479,16.34777312635522,38.1745135521068,61.8254864478932
HA,13.1,2.4533632856086314,97.54663671439138,0.03957261369535744,83.66257596492002,16.337424035079973,38.23721942179861,61.762780578201394
HA,13.2,2.4528615965889045,97.5471384034111,0.03947347758188255,83.67494841197394,16.325051588026046,38.298192056436946,61.70180794356306
HA,13.3,2.452298141811599,97.5477018581884,0.0393721274372181,83.68875356113506,16.31124643886495,38.358228910620376,61.641771089379624
HA,13.4,2.451850331134468,97.54814966886553,0.03927162321174413,83.70414712210815,16.295852877891836,38.41657777200974,61.58342222799027
HA,13.5,2.451303763164617,97.54869623683538,0.039169091373524256,83.72114625423808,16.27885374576192,38.47292414486364,61.52707585513636
HA,13.6,2.450815918817037,97.54918408118296,0.03906621901953465,83.73975110286793,16.260248897132076,38.528353747355894,61.47164625264412
HA,13.7,2.4503353892431172,97.54966461075688,0.03896256010512313,83.75997864751413,16.24002135248587,38.58232305957765,61.41767694042235
HA,13.8,2.4497990787388586,97.55020092126114,0.038856746949859806,83.78167043294772,16.218329567052276,38.63540806396569,61.364591936034294
HA,13.9,2.449420079568999,97.550579920431,0.03875241423627771,83.80439204834141,16.195607951658594,38.687148626177844,61.31285137382216
HA,14.0,2.448940379180538,97.55105962081946,0.03864598224004905,83.82874622333789,16.17125377666211,38.7377614487119,61.26223855128809
HA,14.1,2.448468907364011,97.551531092636,0.03853878897353598,83.8544343958711,16.14556560412889,38.78693441395048,61.21306558604953
HA,14.2,2.448042669430791,97.55195733056922,0.03843177332118719,83.88101101016105,16.118988989838954,38.83535653183163,61.16464346816838
HA,14.3,2.447562400729178,97.55243759927082,0.03832223497097668,83.90939343518379,16.090606564816216,38.883426821757716,61.1165731782423
HA,14.4,2.4472102170334615,97.55278978296654,0.03821435954789497,83.93866020984665,16.061339790153347,38.92973290414799,61.070267095852
HA,14.5,2.446783135805014,97.553216864195,0.03810427150317141,83.96929175114472,16.030708248855273,38.97558042002311,61.02441957997689
HA,14.6,2.4463612198189346,97.55363878018106,0.03799393276741,84.00081410145454,15.999185898545463,39.020270671171794,60.97972932882821
HA,14.7,2.445891793628224,97.55410820637177,0.037881285501125024,84.03369351857147,15.966306481428544,39.06423378100391,60.93576621899608
HA,14.8,2.4455296081209097,97.5544703918791,0.037770456366227195,84.06778884340441,15.932211156595589,39.107292798284604,60.89270720171539
HA,14.9,2.4451457808462833,97.55485421915373,0.037657166487040705,84.10263865668387,15.89736134331613,39.150407281590994,60.849592718409
HA,15.0,2.444732881365662,97.55526711863433,0.037544300075740264,84.13854957589602,15.861450424103976,39.19182102971908,60.80817897028091
HA,15.1,2.444248076910014,97.55575192308999,0.03742886665224255,84.17552374516188,15.824476254838116,39.23311243319488,60.76688756680512
HA,15.2,2.443936588103771,97.55606341189623,0.03731509291154334,84.21356310343502,15.78643689656499,39.27365851656073,60.72634148343927
HA,15.3,2.4435643731948136,97.55643562680518,0.03719986311353625,84.25266938196727,15.747330618032732,39.3140757761309,60.6859242238691
HA,15.4,2.443178860399249,97.55682113960076,0.0370838330758458,84.29223779543972,15.70776220456028,39.35383528194386,60.64616471805615
HA,15.5,2.4428631943894223,97.55713680561058,0.036967746435330004,84.33331980040869,15.666680199591305,39.39288833673349,60.6071116632665
HA,15.6,2.4424287428329783,97.55757125716701,0.03684980930790407,84.37472766884532,15.625272331154683,39.43127991957366,60.56872008042633
HA,15.7,2.442038482980113,97.55796151701989,0.036731514176931455,84.41734785324391,15.582652146756104,39.46922277981242,60.53077722018758
HA,15.8,2.441706262856479,97.55829373714352,0.03661367451518862,84.46073945406536,15.539260545934635,39.50702490688152,60.492975093118474
HA,15.9,2.441376767791763,97.55862323220825,0.036495227472090226,84.50473979304883,15.495260206951178,39.544160754158426,60.45583924584158
HA,16.0,2.440985834160995,97.559014165839,0.03637494308562593,84.54998031273512,15.450019687264874,39.580888542699114,60.41911145730088
HA,16.1,2.4406381049780332,97.55936189502196,0.03625451067588124,84.59536550937811,15.404634490621882,39.61737431054011,60.38262568945989
HA,16.2,2.4402978100602173,97.55970218993978,0.036134414403683104,84.64199326946957,15.358006730530446,39.653595720380395,60.346404279619605
HA,16.3,2.44000331365132,97.55999668634867,0.03601370062361861,84.68923322783817,15.310766772161816,39.68930808137856,60.31069191862143
HA,16.4,2.4396453131934166,97.56035468680658,0.035891219386494574,84.73708573939241,15.262914260607582,39.72486772486772,60.27513227513228
HA,16.5,2.4392952191995168,97.56070478080049,0.03576909079154822,84.78601652463963,15.213983475360374,39.7601119780305,60.23988802196951
HA,16.6,2.438990780206752,97.56100921979325,0.03564636605459373,84.83556003234304,15.164439967656959,39.79484177175559,60.20515822824441
HA,16.7,2.43872477120026,97.56127522879974,0.035523983158131926,84.88528802124792,15.11471197875208,39.82967800869207,60.170321991307944
HA,16.8,2.438360606126887,97.56163939387312,0.035399896038311174,84.9362263019148,15.063773698085212,39.86388433685227,60.13611566314773
HA,16.9,2.438082415844082,97.56191758415592,0.03527523574860596,84.98748149890031,15.012518501099692,39.89839915421122,60.101600845788774
HA,17.0,2.4377042883886113,97.5622957116114,0.035149387402624424,85.03964743760996,14.960352562390048,39.932857369110486,60.067142630889514
HA,17.1,2.4374321386185316,97.56256786138148,0.03502501293525985,85.09229991775746,14.907700082242547,39.96637125233176,60.033628747668246
HA,17.2,2.437098462321847,97.56290153767816,0.03489898909011775,85.14556748496696,14.854432515033045,39.999984422863186,60.000015577136814
HA,17.3,2.4368229857031345,97.56317701429687,0.03477348998220967,85.19944990301758,14.800550096982418,40.033741720205185,59.9662582797948
HA,17.4,2.436474324174594,97.5635256758254,0.034645758128914184,85.25394686827718,14.74605313172281,40.06728299988571,59.93271700011429
HA,17.5,2.4361718529700522,97.56382814702995,0.03451795324466164,85.3090580092826,14.690941990717397,40.10065302514461,59.89934697485538
HA,17.6,2.435869939018264,97.56413006098174,0.03439056668776851,85.36449083035662,14.63550916964339,40.13396172677302,59.866038273226984
HA,17.7,2.4356246910516615,97.56437530894834,0.03426281602115649,85.42053833703015,14.579461662969845,40.167050320555816,59.83294967944419
HA,17.8,2.4353073700884065,97.56469262991159,0.03413379108460611,85.47737104758704,14.522628952412969,40.20027482018178,59.79972517981822
HA,17.9,2.43500400552341,97.5649959944766,0.034004875638959126,85.53464664112717,14.465353358872843,40.23281314203335,59.76718685796666
HA,18.0,2.434775344421463,97.56522465557853,0.03387575621612597,85.59224609927513,14.40775390072487,40.26594679672565,59.734053203274364
HA,18.1,2.4344490189950037,97.56555098100499,0.03374558203711992,85.65057554390405,14.349424456095944,40.29901463718275,59.70098536281725
HA,18.2,2.434174308520052,97.56582569147994,0.03361507954276629,85.70940067787063,14.290599322129358,40.3319009080599,59.6680990919401
HA,18.3,2.433888380733046,97.56611161926695,0.033484861108611326,85.76855139688097,14.231448603119038,40.36436335834561,59.635636641654386
HA,18.4,2.4335993869062826,97.56640061309372,0.0333528390401223,85.82842784341959,14.171572156580414,40.39714704541815,59.602852954581856
HA,18.5,2.4332960963069556,97.56670390369305,0.033221134544717555,85.88834414299446,14.11165585700555,40.42981593270734,59.57018406729265
HA,18.6,2.4330544225031994,97.5669455774968,0.033090002720237786,85.94898295455694,14.051017045443057,40.46260848988836,59.53739151011164
HA,18.7,2.4328530640438313,97.56714693595616,0.03295841474596648,86.01012145748987,13.98987854251012,40.49521195851541,59.5047880414846
HA,18.8,2.432583874421834,97.56741612557816,0.032825280916344284,86.07169567341114,13.928304326588853,40.52846550592738,59.47153449407262
HA,18.9,2.4322176064688157,97.56778239353117,0.03269130424309283,86.13342208116367,13.86657791883632,40.560760545368915,59.43923945463108
HA,19.0,2.432039803292066,97.56796019670794,0.03255861957579073,86.19603731876991,13.803962681230091,40.5939382350129,59.40606176498709
HA,19.1,2.431761380687145,97.56823861931285,0.032424688485324364,86.25869879635714,13.741301203642866,40.62637523837465,59.37362476162535
HA,19.2,2.4315302329110082,97.568469767089,0.03229079735983613,86.32179226069246,13.678207739307535,40.65923667011609,59.340763329883906
HA,19.3,2.4312442239627026,97.56875577603729,0.03215597776425497,86.38576916489271,13.614230835107296,40.69221006414435,59.307789935855645
HA,19.4,2.4309436008575247,97.56905639914247,0.03202107851987951,86.44961885980493,13.55038114019508,40.72475188725574,59.27524811274426
HA,19.5,2.430740883789872,97.56925911621013,0.031885916730372554,86.514072920435,13.485927079564986,40.75785413574088,59.24214586425912
HA,19.6,2.4305393334810663,97.56946066651894,0.031751682265166926,86.5785009648026,13.42149903519739,40.79087788645514,59.20912211354485
HA,19.7,2.430323497186258,97.56967650281375,0.0316156821761183,86.64398224305383,13.356017756946164,40.824146770560624,59.17585322943939
HA,19.8,2.430005309189964,97.56999469081003,0.03147885300252855,86.7094344885294,13.290565511470609,40.857334886163265,59.142665113836735
HA,19.9,2.4298307422212395,97.57016925777877,0.031342993140125286,86.7752135348226,13.224786465177395,40.89027095301629,59.1097290469837
HA,20.0,2.4295926486903947,97.57040735130961,0.03120617059434121,86.84186185136844,13.158138148631565,40.92361694794319,59.076383052056826
HA,20.1,2.429295276580094,97.57070472341991,0.03106866542482131,86.90793927782842,13.092060722171578,40.95697218493853,59.04302781506148
HA,20.2,2.4291540204668767,97.57084597953313,0.030932131165128402,86.97515172240465,13.02484827759535,40.99042417562036,59.009575824379645
HA,20.3,2.4289107646404537,97.57108923535954,0.030794819275278964,87.04250970816723,12.957490291832766,41.02383578869692,58.976164211303086
HA,20.4,2.4286463053532357,97.57135369464676,0.030656278694049348,87.11001370835879,12.889986291641204,41.057431779504554,58.94256822049544
HA,20.5,2.428423924827272,97.57157607517273,0.03051827701145969,87.1776641982759,12.822335801724083,41.0913389540534,58.90866104594661
HA,20.6,2.4282136926209406,97.57178630737906,0.030379968102732996,87.24625327915656,12.753746720843434,41.12493783972512,58.87506216027487
HA,20.7,2.4280869998062347,97.57191300019376,0.030242299273114788,87.3144575543502,12.685542445649812,41.15897802356666,58.841021976433325
HA,20.8,2.427855916901592,97.5721440830984,0.030103357885253527,87.38351180171868,12.616488198281314,41.192663707374145,58.807336292625855
HA,20.9,2.427565617053792,97.5724343829462,0.02996329820257332,87.45252671993359,12.54747328006641,41.22669862042535,58.77330137957465
HA,21.0,2.427462431042833,97.57253756895717,0.029825030318284672,87.52212462917875,12.477875370821248,41.26156263312089,58.738437366879104
HA,21.1,2.4271513347747886,97.57284866522521,0.029684401486282,87.59142302789326,12.408576972106749,41.295365584364305,58.704634415635695
HA,21.2,2.426991680354029,97.57300831964598,0.029545168882175045,87.66137795226419,12.338622047735818,41.32986337407411,58.67013662592589
HA,21.3,2.4267802808578587,97.57321971914214,0.029405375131815598,87.73165415758525,12.268345842414746,41.364087537444725,58.635912462555275
HA,21.4,2.426648758684733,97.57335124131527,0.029265190106315796,87.80239559674052,12.19760440325948,41.399129448371184,58.60087055162882
HA,21.5,2.4264128122417037,97.5735871877583,0.029124378189541424,87.87301825894889,12.12698174105111,41.43376589508871,58.56623410491129
HA,21.6,2.4262319566985955,97.5737680433014,0.028984268977403145,87.94403010805716,12.055969891942834,41.46873763136187,58.531262368638124
HA,21.7,2.4260254556881513,97.57397454431185,0.02884259277222836,88.01542779932147,11.984572200678521,41.50416798409045,58.495832015909556
HA,21.8,2.4258182572237303,97.57418174277626,0.028701502791155353,88.08677410845507,11.913225891544926,41.53892683790443,58.46107316209558
HA,21.9,2.425666281866903,97.57433371813309,0.028561134642307605,88.15868605399199,11.841313946008018,41.57432151727918,58.42567848272083
HA,22.0,2.425485164985059,97.57451483501495,0.028419243314775324,88.23054416560923,11.769455834390762,41.6101666242518,58.3898333757482
HA,22.1,2.4253166951600336,97.57468330483997,0.028278061746406725,88.30277877492071,11.697221225079298,41.645294814057536,58.35470518594247
HA,22.2,2.425222651852904,97.5747773481471,0.028136949774497856,88.37520065217208,11.624799347827915,41.68121715140986,58.31878284859013
HA,22.3,2.425040656469216,97.5749593435308,0.02799543106727298,88.44774832557015,11.552251674429852,41.71703222272828,58.28296777727172
HA,22.4,2.4248285897532806,97.57517141024672,0.027852445873638373,88.52042212315995,11.479577876840052,41.75298169782585,58.24701830217413
HA,22.5,2.424674437277799,97.5753255627222,0.027710201125900016,88.59370293367374,11.40629706632626,41.789289492068846,58.210710507931154
HA,22.6,2.4245106424539005,97.5754893575461,0.02756847073324223,88.66691824588848,11.333081754111527,41.825181803140204,58.1748181968598
HA,22.7,2.424338727989572,97.57566127201044,0.02742596059849264,88.74006743384267,11.259932566157325,41.86181063423942,58.138189365760574
HA,22.8,2.4242472859973607,97.57575271400263,0.027283651956303376,88.81376118117086,11.186238818829134,41.898562087324,58.10143791267599
HA,22.9,2.4240534714207707,97.57594652857922,0.027140383981599847,88.88743306128143,11.112566938718581,41.93493625226893,58.065063747731074
HA,23.0,2.423909664045829,97.57609033595416,0.026997883739981125,88.96140839172375,11.038591608276247,41.9719203548092,58.0280796451908
HA,23.1,2.423754926046705,97.57624507395329,0.026854538001313908,89.03577558929292,10.964224410707066,42.00936522572364,57.99063477427636
HA,23.2,2.423596465029852,97.57640353497014,0.02671185055526883,89.10983364187463,10.890166358125366,42.04634559482912,57.95365440517087
HA,23.3,2.4235083113483893,97.57649168865161,0.026568886958543793,89.18423367566479,10.81576632433521,42.08347810541522,57.91652189458477
HA,23.4,2.423377226339252,97.57662277366073,0.02642603242957258,89.25878237775945,10.741217622240558,42.12090680100756,57.87909319899245
HA,23.5,2.4231930308440752,97.57680696915591,0.026282006349486374,89.33347484610485,10.666525153895137,42.158368078931844,57.841631921068156
HA,23.6,2.423045167346904,97.5769548326531,0.02613866962586452,89.40804608688447,10.591953913115516,42.19638252161843,57.803617478381575
HA,23.7,2.422983116055356,97.57701688394464,0.025995570383024445,89.48339483394835,10.516605166051662,42.23427544706062,57.76572455293939
HA,23.8,2.422861729785939,97.57713827021406,0.025852132301066807,89.55823891130532,10.441761088694667,42.27241335428549,57.72758664571451
HA,23.9,2.4227827923675282,97.57721720763246,0.025708985624528384,89.63340399628807,10.366596003711933,42.310876628011215,57.689123371988785
HA,24.0,2.42264985126546,97.57735014873454,0.025565113847744323,89.70888591198639,10.291114088013614,42.34901815487218,57.65098184512782
HA,24.1,2.422500978866208,97.57749902113379,0.025420948174626812,89.78408006001091,10.21591993998909,42.388151427510564,57.611848572489436
HA,24.2,2.4223585231532905,97.57764147684671,0.02527708756786912,89.85980062903141,10.140199370968602,42.42658999679753,57.573410003202476
HA,24.3,2.422287809982872,97.57771219001712,0.02513352324213506,89.93520278732561,10.064797212674394,42.46537083913115,57.53462916086885
HA,24.4,2.422206832531077,97.57779316746891,0.02498968287660218,90.01112223571882,9.988877764281186,42.50491261315639,57.4950873868436
HA,24.5,2.4221260788534833,97.57787392114652,0.024846167196572348,90.08674181015057,9.913258189849437,42.54397551978775,57.45602448021225
HA,24.6,2.4220397897362775,97.57796021026373,0.02470248539313676,90.16265566196003,9.837344338039967,42.5834520300667,57.41654796993328
HA,24.7,2.4218888368181273,97.57811116318187,0.024558094225215255,90.23845772250637,9.761542277493628,42.62289312496744,57.377106875032545
HA,24.8,2.421819963568356,97.57818003643165,0.0244140304750552,90.3145617442945,9.685438255705497,42.66274047733975,57.337259522660254
HA,24.9,2.4217940553430974,97.57820594465689,0.024270786147163922,90.3905343681374,9.609465631862605,42.70280657778738,57.29719342221262
HA,25.0,2.4217142440925286,97.57828575590747,0.024126853577259952,90.46680942184155,9.53319057815846,42.742611278000204,57.25738872199979
HA,25.1,2.4215768145735823,97.57842318542642,0.023982747586897776,90.54275522992384,9.457244770076159,42.78263130016477,57.21736869983523
HA,25.2,2.4215302550800004,97.57846974492,0.023839086599447452,90.61917314987463,9.380826850125375,42.82334329849016,57.176656701509835
HA,25.3,2.421452375495914,97.57854762450407,0.02369478027586313,90.69506654344997,9.304933456550032,42.8641050454979,57.1358949545021
HA,25.4,2.421431616277526,97.57856838372247,0.02355131165868873,90.77161989987431,9.228380100125694,42.90515208730453,57.09484791269547
HA,25.5,2.4213435822406164,97.57865641775938,0.023407241310896568,90.84783877501975,9.15216122498026,42.946104860418934,57.053895139581066
HA,25.6,2.4212136494058063,97.5787863505942,0.023263128691158947,90.92392167637627,9.076078323623733,42.98674361480882,57.01325638519117
HA,25.7,2.421151706262739,97.57884829373727,0.023119314258312103,91.0002533809174,8.999746619082588,43.0280558269635,56.97194417303649
HA,25.8,2.421175551857103,97.5788244481429,0.02297633950282235,91.07663359488608,8.923366405113917,43.06999660679358,56.930003393206405
HA,25.9,2.42114827881705,97.57885172118294,0.022832887221403995,91.15286109630955,8.847138903690462,43.111575515778284,56.88842448422171
HA,26.0,2.4210624304469257,97.57893756955308,0.022688910806662695,91.22932199127854,8.77067800872146,43.153424060864246,56.84657593913575
HA,26.1,2.421054088682055,97.57894591131794,0.0225457819751129,91.30524514461878,8.694754855381227,43.19555515024269,56.80444484975731
HA,26.2,2.421038769790011,97.57896123021,0.02240221689637813,91.38157187399204,8.618428126007956,43.23808116040811,56.7619188395919
HA,26.3,2.4209688228404183,97.57903117715958,0.022258604308074,91.45793274917948,8.542067250820525,43.28019778988922,56.71980221011078
HA,26.4,2.4209365068211905,97.57906349317882,0.02211542742322644,91.53393396494307,8.466066035056922,43.322868115074684,56.677131884925316
HA,26.5,2.420896530291491,97.5791034697085,0.021972212170677206,91.61031299150338,8.38968700849662,43.36558902059488,56.63441097940512
HA,26.6,2.4208324751865797,97.57916752481341,0.02182862375421499,91.68596293395082,8.314037066049185,43.40857449132618,56.59142550867381
HA,26.7,2.4208173848547263,97.57918261514527,0.021685470066834887,91.76235109279327,8.237648907206733,43.45155221136173,56.54844778863828
HA,26.8,2.420866166212458,97.57913383378755,0.021543113528387302,91.83820632976514,8.161793670234863,43.49508182533651,56.50491817466349
HA,26.9,2.420785826221747,97.57921417377825,0.021400002364454128,91.91421024646364,8.085789753536362,43.538559740033655,56.461440259966345
HA,27.0,2.4207711334182496,97.57922886658174,0.021257329572263187,91.98985545312453,8.010144546875472,43.58203287024817,56.41796712975184
HA,27.1,2.4208375772719593,97.57916242272803,0.02111510397908757,92.06563137146831,7.934368628531692,43.62612190374054,56.37387809625945
HA,27.2,2.4207647682728943,97.5792352317271,0.020972184065737927,92.14141153167118,7.858588468328811,43.670112826069754,56.329887173930246
HA,27.3,2.4207998857228925,97.57920011427711,0.020829717816745034,92.21696640607675,7.783033593923252,43.71479540013303,56.28520459986698
HA,27.4,2.4207569674036775,97.57924303259632,0.020687418839559227,92.29232289610061,7.707677103899376,43.75895991234226,56.241040087657744
HA,27.5,2.4208157075946106,97.57918429240539,0.020545503861251257,92.3678091629349,7.632190837065105,43.8038444881234,56.19615551187661
HA,27.6,2.4208229585902092,97.57917704140979,0.020403692344448915,92.44289057336552,7.55710942663449,43.84858211952056,56.15141788047945
HA,27.7,2.420825100698267,97.57917489930172,0.020262062123014006,92.51792645149902,7.482073548500981,43.893618729238995,56.106381270761005
HA,27.8,2.42089435729623,97.57910564270377,0.020120845553647633,92.59307090952923,7.406929090470779,43.93924047951459,56.060759520485426
HA,27.9,2.420922696138347,97.57907730386165,0.01997946861660985,92.66795650143439,7.332043498565616,43.984163061808054,56.015836938191946
HA,28.0,2.4209264086294535,97.57907359137054,0.01983817150043675,92.74262093659289,7.257379063407118,44.029626954253935,55.97037304574607
HA,28.1,2.4209259320780907,97.57907406792191,0.019696758719979737,92.81721836637222,7.182781633627794,44.07566357539592,55.92433642460408
HA,28.2,2.420995433378648,97.57900456662135,0.019556187222992908,92.891543718286,7.108456281714015,44.121651547710826,55.878348452289174
HA,28.3,2.42104617754311,97.57895382245688,0.01941537320707295,92.96594259465945,7.034057405340542,44.167913293681316,55.83208670631868
HA,28.4,2.4210919771304624,97.57890802286954,0.019274812882913595,93.04005521001521,6.959944789984801,44.214407723485635,55.78559227651437
HA,28.5,2.421088232247757,97.57891176775225,0.019134465549723534,93.1139281860817,6.886071813918298,44.261092058973425,55.738907941026575
HA,28.6,2.4211899938405317,97.57881000615947,0.01899462410955089,93.18785399351961,6.812146006480391,44.30807584593867,55.69192415406133
HA,28.7,2.4212449980746067,97.5787550019254,0.018854661519273834,93.26147752608675,6.738522473913249,44.35495433193054,55.64504566806946
HA,28.8,2.4212868468648856,97.57871315313513,0.018714927015455296,93.33479340049642,6.665206599503577,44.40205019867044,55.59794980132956
HA,28.9,2.4213120250646867,97.57868797493532,0.01857543375746744,93.40785528318126,6.592144716818736,44.44935920491946,55.55064079508053
HA,29.0,2.4214419995178047,97.57855800048219,0.01843647139614135,93.48094272626824,6.51905727373175,44.49727044205052,55.50272955794947
HA,29.1,2.421444096480269,97.57855590351973,0.01829715309727836,93.55370695626625,6.446293043733742,44.545027440198105,55.45497255980189
HA,29.2,2.421514442933289,97.57848555706671,0.018158387504592356,93.62634347522261,6.373656524777391,44.593020236300696,55.40697976369929
HA,29.3,2.4216076141091167,97.5783923858909,0.018019894789134846,93.69878157732924,6.301218422670761,44.64159840548358,55.358401594516415
HA,29.4,2.4216510210733158,97.57834897892667,0.01788136056719885,93.77074455555794,6.229255444442066,44.68972760912832,55.31027239087168
HA,29.5,2.4218021925688755,97.57819780743112,0.01774377358447945,93.84256484889993,6.157435151100078,44.738396667447525,55.261603332552475
HA,29.6,2.4218233949246026,97.5781766050754,0.017605858098074946,93.91416690908468,6.085833090915313,44.78721620784077,55.212783792159236
HA,29.7,2.4219485651819483,97.57805143481805,0.017468568233560952,93.98548478467671,6.0145152153232795,44.8365640440897,55.1634359559103
HA,29.8,2.4220541340056743,97.57794586599432,0.017331534921985567,94.05657152623483,5.943428473765168,44.88555184905976,55.114448150940255
HA,29.9,2.4221582256265175,97.57784177437348,0.017194573030650116,94.12761851083272,5.872381489167285,44.935027278142506,55.064972721857494
HA,30.0,2.4222381746824713,97.57776182531754,0.0170579049025411,94.19816775261674,5.801832247383265,44.984667311790226,55.015332688209774
TA,0.0,0.0,100.0,0.0,nan,nan,nan,nan
TA,0.0,0.0,100.0,0.0,nan,nan,nan,nan
TA,0.0,0.0,100.0,0.0,nan,nan,nan,nan
TA,0.1,2.6014876445170585,97.39851235548294,0.05656652275592019,99.17686392187751,0.8231360781224917,99.91613705179415,0.08386294820584464
TA,0.2,2.6086478321708495,97.39135216782915,0.05661983171601292,98.54976475104135,1.4502352489586632,99.8256999717162,0.1743000282837889
TA,0.3,2.617464710933645,97.38253528906637,0.056674518193204085,98.07559627821803,1.9244037217819674,99.73105335506325,0.2689466449367494
TA,0.4,2.627714915037566,97.37228508496243,0.056729496444420414,97.69506656644039,2.304933433559617,99.63276508269952,0.3672349173004837
TA,0.5,2.639252760784007,97.360747239216,0.05678237281490568,97.37477575683198,2.625224243168028,99.53147068368528,0.4685293163147099
TA,0.6,2.651858640303498,97.3481413596965,0.05683646938291637,97.09443206208908,2.905567937910911,99.42783060243602,0.5721693975639871
TA,0.7,2.665485574412193,97.33451442558781,0.05688820572854077,96.84127313609261,3.1587268639073853,99.32250778727504,0.6774922127249372
TA,0.8,2.6798395552586,97.3201604447414,0.05694213967862694,96.60658184018484,3.3934181598151585,99.21615378155481,0.7838462184452022
TA,0.9,2.6948116843471936,97.3051883156528,0.05699670977952903,96.38465989954403,3.615340100455965,99.1093476577168,0.8906523422831998
TA,1.0,2.7102192805041305,97.28978071949587,0.057052739141294745,96.17128510750106,3.82871489249894,99.00267541488368,0.9973245851163125
TA,1.1,2.7260788801842875,97.27392111981571,0.05710837202019531,95.96389975597474,4.0361002440252545,98.89659421805597,1.1034057819440313
TA,1.2,2.7421456965089694,97.25785430349102,0.057159604158894296,95.76021573761871,4.239784262381286,98.79155244040342,1.2084475595965734
TA,1.3,2.7583183798557203,97.24168162014429,0.057218134163252644,95.55827220863897,4.441727791361044,98.68790447583822,1.3120955241617809
TA,1.4,2.7746136450405916,97.22538635495943,0.05727339481273462,95.35833210910337,4.641667890896626,98.58590937265367,1.4140906273463292
TA,1.5,2.7909342882373434,97.20906571176265,0.05733196140075705,95.15877475659124,4.841225243408755,98.48578932694487,1.514210673055139
TA,1.6,2.807212682319062,97.19278731768094,0.057389937336147626,94.95944614637175,5.0405538536282535,98.38770734755929,1.6122926524407184
TA,1.7,2.8233640232444888,97.1766359767555,0.057448662497007356,94.76055964255549,5.239440357444506,98.29171193159583,1.7082880684041637
TA,1.8,2.839586590543731,97.16041340945628,0.0575113465498743,94.5611537269487,5.438846273051294,98.19793043926069,1.8020695607393236
TA,1.9,2.8555103668729367,97.14448963312705,0.0575712072285003,94.36197676562789,5.638023234372119,98.10634313983122,1.893656860168786
TA,2.0,2.8713067466124302,97.12869325338757,0.05763146761830582,94.16289503156293,5.837104968437081,98.01690150957522,1.9830984904247755
TA,2.1,2.8871242131685433,97.11287578683147,0.05769588837004541,93.96404154656301,6.035958453436982,97.92960194596397,2.070398054036037
TA,2.2,2.9025870731810923,97.0974129268189,0.05775673579753353,93.76590125271584,6.234098747284167,97.84435795811058,2.1556420418894278
TA,2.3,2.9181214113830833,97.08187858861692,0.057823643865736324,93.56810244470314,6.431897555296858,97.7610649089197,2.238935091080291
TA,2.4,2.9332935964249818,97.06670640357501,0.05788560988250721,93.37123263623019,6.62876736376981,97.67968823037366,2.3203117696263305
TA,2.5,2.948463283524334,97.05153671647567,0.05795231610604879,93.17570888690038,6.824291113099622,97.6000588251528,2.3999411748471884
TA,2.6,2.963635398096315,97.03636460190368,0.058020716757573455,92.98133698586325,7.0186630141367505,97.52218137973236,2.4778186202676347
TA,2.7,2.978512174641515,97.02148782535849,0.058086671958181055,92.78868449528521,7.211315504714793,97.44578011144277,2.554219888557233
TA,2.8,2.9932678647654476,97.00673213523456,0.05815323016069813,92.59780238365106,7.402197616348937,97.37104169183294,2.628958308167053
TA,2.9,3.0081501780173183,96.99184982198268,0.05822472153041613,92.40874693354718,7.59125306645281,97.2976720160736,2.702327983926395
TA,3.0,3.0228204551702746,96.97717954482972,0.058293800221605976,92.2218164426305,7.778183557369508,97.22543953220789,2.7745604677921056
TA,3.1,3.037258207470762,96.96274179252924,0.058361018646821576,92.03736199513172,7.962638004868274,97.15447126337232,2.845528736627684
TA,3.2,3.051795396176081,96.94820460382391,0.05843212787363123,91.85527861245019,8.14472138754981,97.08471109921825,2.915288900781743
TA,3.3,3.066263181748434,96.93373681825157,0.05850402514615133,91.67562356099961,8.324376439000398,97.01609151591619,2.983908484083817
TA,3.4,3.080700465198943,96.91929953480106,0.058576064606244316,91.49880272509587,8.501197274904138,96.94844170197918,3.0515582980208182
TA,3.5,3.0950776138839684,96.90492238611603,0.05864919178434435,91.3246071699371,8.675392830062904,96.88159986991697,3.1184001300830224
TA,3.6,3.109438681093368,96.89056131890663,0.05872278031289634,91.15330069046904,8.846699309530957,96.81560765449863,3.1843923455013585
TA,3.7,3.1238478557524654,96.87615214424753,0.05879887272074992,90.98479486121573,9.01520513878427,96.75035013027511,3.249649869724896
TA,3.8,3.1380850527987247,96.86191494720127,0.05887194785653782,90.81922573147793,9.180774268522073,96.68609704916024,3.3139029508397604
TA,3.9,3.1524500225334555,96.84754997746654,0.05894954575175499,90.65661360528195,9.343386394718056,96.62225622111752,3.3777437788824654
TA,4.0,3.1667247227170625,96.83327527728294,0.05902656886025266,90.496861163412,9.50313883658799,96.55930015967212,3.440699840327878
TA,4.1,3.1809145773477954,96.81908542265221,0.05910156269072794,90.3400989082466,9.659901091753403,96.49702770422212,3.502972295777884
TA,4.2,3.195189059546624,96.80481094045336,0.05917909304319088,90.18644102016506,9.813558979834939,96.43514049194555,3.5648595080544423
TA,4.3,3.2094252887709125,96.79057471122908,0.05925766618261835,90.0355836743024,9.964416325697604,96.37380236509577,3.6261976349042344
TA,4.4,3.223767024789738,96.77623297521026,0.05933706094120377,89.8878576329939,10.112142367006111,96.31311812908729,3.686881870912716
TA,4.5,3.2379466859267425,96.76205331407324,0.05941585379343453,89.74295618784059,10.2570438121594,96.25281653397832,3.7471834660216836
TA,4.6,3.252217156907063,96.74778284309293,0.0594954394993264,89.60090632885318,10.399093671146815,96.19318908388827,3.806810916111726
TA,4.7,3.266549513450233,96.73345048654977,0.05957788631362549,89.4622635796613,10.53773642033871,96.13373807456325,3.866261925436741
TA,4.8,3.2808378149351953,96.7191621850648,0.05965977530299135,89.32532576109863,10.674674238901366,96.07479488345915,3.925205116540848
TA,4.9,3.295004623901929,96.70499537609807,0.05973954699324569,89.19249354732287,10.807506452677133,96.01635582714951,3.9836441728504917
TA,5.0,3.309303229018939,96.69069677098106,0.05982201444749717,89.06193477143346,10.938065228566533,95.9583324995684,4.0416675004316005
TA,5.1,3.3236632473965506,96.67633675260345,0.05990732848507438,88.9335264165927,11.066473583407296,95.90050849003897,4.09949150996103
TA,5.2,3.3379425986418165,96.66205740135818,0.05999063080197031,88.80868081671589,11.191319183284108,95.84319992600766,4.156800073992337
TA,5.3,3.3522594316188465,96.64774056838115,0.06007553218430986,88.68570399063147,11.314296009368524,95.78599558648867,4.214004413511334
TA,5.4,3.366652358101769,96.63334764189823,0.06016229185771346,88.56528434131577,11.434715658684222,95.72945027740899,4.27054972259101
TA,5.5,3.3809585235985624,96.61904147640143,0.060246995707797894,88.44795797676198,11.552042023238014,95.67297844567277,4.32702155432723
TA,5.6,3.3951934276176465,96.60480657238236,0.060332207582513016,88.33280612811942,11.667193871880583,95.61696168608349,4.3830383139165034
TA,5.7,3.4095877434546713,96.59041225654533,0.060419651701564006,88.22055769925939,11.77944230074063,95.56125643567714,4.438743564322851
TA,5.8,3.4237587294828358,96.57624127051716,0.060504377684692044,88.11024012700933,11.889759872990673,95.5058736935309,4.4941263064690995
TA,5.9,3.4381882517251405,96.56181174827486,0.060594326429224486,88.00247321363196,11.997526786368038,95.45059704493356,4.54940295506644
TA,6.0,3.452429602845888,96.5475703971541,0.06068178693064313,87.89632974634897,12.103670253651037,95.39574243074347,4.604257569256532
TA,6.1,3.4669391447136793,96.53306085528632,0.060773778854338274,87.79340132730111,12.2065986726989,95.34123006602708,4.658769933972918
TA,6.2,3.4812825729110686,96.51871742708894,0.06086298045108389,87.6918897943345,12.308110205665502,95.28691636069017,4.713083639309837
TA,6.3,3.4956316310589877,96.50436836894102,0.060953801226349205,87.59316022411963,12.406839775880389,95.23293039285642,4.767069607143576
TA,6.4,3.509953879164849,96.49004612083515,0.06104508630541631,87.49623471293451,12.503765287065486,95.17903596538876,4.820964034611248
TA,6.5,3.524320840928115,96.47567915907189,0.0611377072315246,87.40130602552686,12.598693974473138,95.12546096942057,4.874539030579433
TA,6.6,3.5384821131458195,96.46151788685418,0.06122633101504189,87.30810020113367,12.691899798866338,95.0721007802568,4.927899219743199
TA,6.7,3.552902914381064,96.44709708561894,0.061320268805519995,87.21725900769358,12.782740992306415,95.01906094591853,4.980939054081472
TA,6.8,3.567336305093193,96.43266369490681,0.061415113631694725,87.12805818823011,12.87194181176989,94.96633934504352,5.033660654956473
TA,6.9,3.581502157649293,96.41849784235072,0.0615071522085125,87.04085496697101,12.95914503302899,94.91370105974455,5.08629894025544
TA,7.0,3.5960011628093813,96.40399883719061,0.061603777160865396,86.95573972356352,13.04426027643649,94.86149681416892,5.1385031858310874
TA,7.1,3.6101813331526214,96.38981866684738,0.06169688737624075,86.87203079779393,13.127969202206085,94.80927838297198,5.190721617028025
TA,7.2,3.6246501037537593,96.37534989624625,0.061794898095991986,86.78998706617806,13.210012933821947,94.75746861143185,5.242531388568151
TA,7.3,3.6388935126488846,96.36110648735112,0.061890505200775436,86.70988762550702,13.290112374492985,94.70576251432236,5.294237485677641
TA,7.4,3.653106704833705,96.3468932951663,0.06198584612697089,86.63147943910509,13.36852056089491,94.65436627669207,5.345633723307939
TA,7.5,3.667575537404697,96.33242446259531,0.062085886620145435,86.55460550625239,13.445394493747608,94.60326320130295,5.396736798697053
TA,7.6,3.6817748497935274,96.31822515020647,0.06218305870835678,86.4792880466099,13.520711953390101,94.55224935938129,5.447750640618711
TA,7.7,3.696066992843241,96.30393300715676,0.06228154848986581,86.40546437719382,13.594535622806186,94.50144638731585,5.498553612684144
TA,7.8,3.7102583484611382,96.28974165153886,0.06237981887516762,86.33307505811193,13.666924941888075,94.45081830572961,5.549181694270389
TA,7.9,3.724481818161993,96.27551818183801,0.06247851033972158,86.26259632483698,13.737403675163012,94.40062253465742,5.599377465342583
TA,8.0,3.7389168252864624,96.26108317471353,0.06258319480857663,86.19326018234857,13.80673981765144,94.35036322682613,5.649636773173871
TA,8.1,3.7531606152865575,96.24683938471344,0.06268418987881993,86.12535440670808,13.874645593291909,94.30054581285852,5.699454187141483
TA,8.2,3.7673862399344746,96.23261376006552,0.06278538319863161,86.0584951572117,13.941504842788301,94.25079656062414,5.749203439375861
TA,8.3,3.7815800770614896,96.21841992293851,0.06288776962741514,85.99339505808811,14.006604941911894,94.20113869437662,5.798861305623379
TA,8.4,3.795776771874825,96.20422322812517,0.06299083096478447,85.92974495657904,14.070255043420953,94.15197887782698,5.8480211221730185
TA,8.5,3.8099411221627397,96.19005887783726,0.06309361847016715,85.86715739437432,14.132842605625678,94.10267619904694,5.897323800953061
TA,8.6,3.824129706917112,96.1758702930829,0.06319853805063792,85.80559375909515,14.194406240904863,94.05388105829682,5.946118941703171
TA,8.7,3.838060348987212,96.16193965101279,0.06329849978083761,85.74542087313955,14.254579126860447,94.00508054954332,5.994919450456681
TA,8.8,3.8521830260263368,96.14781697397366,0.06340409340195777,85.68658892942747,14.313411070572526,93.95664775511456,6.04335224488544
TA,8.9,3.8663933593043347,96.13360664069567,0.06351030930266452,85.6285769581686,14.371423041831402,93.9084081368626,6.091591863137403
TA,9.0,3.880493223103031,96.11950677689697,0.06361778067530274,85.57190240057797,14.42809759942202,93.86011350296184,6.139886497038152
TA,9.1,3.8946526704406765,96.10534732955932,0.06372541550786312,85.51652019375602,14.48347980624397,93.81224424310545,6.187755756894554
TA,9.2,3.908715660774178,96.09128433922582,0.06383331287517661,85.46223130609245,14.537768693907548,93.76428554400455,6.235714455995441
TA,9.3,3.9225558901763957,96.0774441098236,0.06393812740449813,85.40869879313276,14.591301206867247,93.71676531467608,6.283234685323926
TA,9.4,3.9366586705310853,96.06334132946891,0.06404786794481244,85.35619219964859,14.643807800351405,93.66929513250855,6.330704867491456
TA,9.5,3.9507210436806655,96.04927895631933,0.06415808879517189,85.30535047179397,14.694649528206035,93.62211756335711,6.377882436642883
TA,9.6,3.964500569308359,96.03549943069164,0.06426424543933662,85.2550140900317,14.744985909968308,93.57498971598702,6.425010284012994
TA,9.7,3.978553768194832,96.02144623180517,0.06437610752616145,85.2056755720312,14.794324427968808,93.52813503194196,6.47186496805804
TA,9.8,3.9925883000878835,96.00741169991211,0.06448893064546057,85.15730280156036,14.842697198439636,93.4813422313446,6.518657768655391
TA,9.9,4.006363007255691,95.99363699274431,0.06459665284397723,85.10951250244729,14.890487497552723,93.43498532144193,6.565014678558064
TA,10.0,4.020359353800402,95.9796406461996,0.06471140083962101,85.06298382121749,14.93701617878251,93.38873683400482,6.611263165995193
TA,10.1,4.034014120200824,95.96598587979918,0.06482032514910616,85.0174061399789,14.982593860021106,93.3423337153263,6.65766628467371
TA,10.2,4.047998785140154,95.95200121485985,0.06493573797188947,84.97245724396478,15.027542756035212,93.2965589844264,6.703441015573598
TA,10.3,4.061642183058241,95.93835781694176,0.0650470495967622,84.92855308488834,15.071446915111665,93.25047979509802,6.749520204901984
TA,10.4,4.075630806709453,95.92436919329054,0.06516362405859856,84.88566487317448,15.114335126825518,93.20502963995551,6.794970360044496
TA,10.5,4.089238168286618,95.91076183171337,0.06527559586715823,84.84344707019991,15.156552929800077,93.15942355736951,6.840576442630493
TA,10.6,4.102859949817965,95.89714005018205,0.06538849835400422,84.80186304009976,15.198136959900236,93.1140959564157,6.885904043584304
TA,10.7,4.11670328196303,95.88329671803697,0.06550729198362591,84.76154783097536,15.238452169024644,93.06886069163346,6.931139308366535
TA,10.8,4.1302474806718195,95.86975251932817,0.06562139671625276,84.72104121071878,15.278958789281216,93.02383124524677,6.976168754753225
TA,10.9,4.144094422400472,95.85590557759953,0.06574136813843659,84.68182781920925,15.318172180790752,92.97906059704391,7.020939402956085
TA,11.0,4.157632541323748,95.84236745867625,0.06585738076839542,84.64348748525391,15.356512514746093,92.93433886688821,7.0656611331117904
TA,11.1,4.171235337344697,95.8287646626553,0.06597355135498881,84.60638172399089,15.39361827600911,92.89003470391478,7.109965296085222
TA,11.2,4.1847087344207905,95.8152912655792,0.0660907583197293,84.56909317597707,15.430906824022939,92.84563300715763,7.154366992842384
TA,11.3,4.198482391460432,95.80151760853957,0.06621314175210237,84.53292838160745,15.467071618392552,92.8012636615573,7.198736338442696
TA,11.4,4.211910781696059,95.78808921830394,0.06633102972439638,84.49686621809704,15.503133781902964,92.75730886639984,7.242691133600173
TA,11.5,4.2252987372699105,95.77470126273009,0.06645042298817841,84.46158177674934,15.538418223250657,92.71344432344388,7.2865556765561195
TA,11.6,4.238765522600821,95.76123447739919,0.06656996554697127,84.42712426862283,15.572875731377172,92.66980059313045,7.330199406869556
TA,11.7,4.252113591923037,95.74788640807697,0.06669002372674583,84.39370495100142,15.606295048998572,92.62602231232322,7.373977687676779
TA,11.8,4.265500699178667,95.73449930082133,0.06681154231671384,84.36039757325416,15.639602426745835,92.58267356896094,7.4173264310390685
TA,11.9,4.2788407799898165,95.72115922001018,0.06693277500779894,84.32809042521382,15.671909574786197,92.53934842250695,7.460651577493052
TA,12.0,4.292446602472545,95.70755339752746,0.0670600723808544,84.29617816835399,15.703821831646003,92.49612224793233,7.503877752067671
TA,12.1,4.305747289301311,95.69425271069869,0.06718305053607508,84.26456653119669,15.735433468803302,92.45308365736233,7.546916342637673
TA,12.2,4.319015240468522,95.68098475953148,0.06730649266437921,84.23403454477018,15.765965455229807,92.41030662814413,7.589693371855871
TA,12.3,4.332217414927541,95.66778258507246,0.06743094784398757,84.2031375252842,15.7968624747158,92.36756812399328,7.6324318760067165
TA,12.4,4.345227875743482,95.65477212425651,0.06755041214252812,84.17387860837712,15.826121391622872,92.32524023491435,7.674759765085659
TA,12.5,4.358420473003609,95.6415795269964,0.06767604773189846,84.14458265729222,15.85541734270777,92.28277972452014,7.717220275479857
TA,12.6,4.3715657345654835,95.62843426543452,0.06780246917128341,84.11558811558811,15.884411884411886,92.24035525945682,7.7596447405431785
TA,12.7,4.384750002433279,95.61524999756672,0.06792930654251707,84.08783087179944,15.912169128200567,92.19816806867959,7.801831931320404
TA,12.8,4.3979004832780655,95.60209951672192,0.06805660949293812,84.06000843492056,15.939991565079431,92.15639216896537,7.843607831034621
TA,12.9,4.4109309942484245,95.58906900575157,0.06818475624041569,84.03245309824923,15.96754690175076,92.1144768442722,7.885523155727807
TA,13.0,4.424113183753504,95.5758868162465,0.06831377515300804,84.00615391935669,15.993846080643307,92.07278441869698,7.927215581303007
TA,13.1,4.4368701262712795,95.56312987372873,0.06843787637236899,83.98003167823738,16.019968321762633,92.03131097300657,7.968689026993421
TA,13.2,4.449904385605881,95.55009561439412,0.06856819758276643,83.95417492149754,16.045825078502464,91.98970897440974,8.010291025590258
TA,13.3,4.462923529739697,95.5370764702603,0.06869952178682492,83.9288702114827,16.071129788517286,91.94851501473649,8.051484985263505
TA,13.4,4.475907635527252,95.52409236447275,0.06883054820998726,83.90368975292076,16.096310247079252,91.90733401993903,8.092665980060975
TA,13.5,4.488582578506486,95.5114174214935,0.06895783089156066,83.87939914822957,16.120600851770423,91.86640088257744,8.133599117422563
TA,13.6,4.501497946858846,95.49850205314114,0.0690901123013531,83.85504422411981,16.144955775880184,91.82551477915135,8.174485220848648
TA,13.7,4.514432003547202,95.4855679964528,0.06922392563874935,83.83143246702444,16.168567532975565,91.78463723980147,8.215362760198532
TA,13.8,4.526984425989756,95.47301557401023,0.06935290505011531,83.808294067899,16.191705932101,91.74398684448039,8.256013155519614
TA,13.9,4.539923131696332,95.46007686830367,0.06948793964705534,83.78507216185275,16.214927838147254,91.70376440909672,8.296235590903283
TA,14.0,4.552462169294598,95.4475378307054,0.06961734647251926,83.76316840255102,16.23683159744898,91.6631636125717,8.336836387428303
TA,14.1,4.565209209558374,95.43479079044162,0.06975318523672526,83.74056139960298,16.259438600397026,91.6230079908076,8.376992009192406
TA,14.2,4.577777443671217,95.42222255632879,0.06988509244893433,83.71930860189268,16.280691398107326,91.5828584226246,8.417141577375402
TA,14.3,4.590513309394652,95.40948669060533,0.07002293085478424,83.69788532938087,16.30211467061914,91.54274974062375,8.457250259376263
TA,14.4,4.602967643982576,95.39703235601742,0.07015556733435013,83.67688693012667,16.32311306987333,91.50304576437047,8.496954235629525
TA,14.5,4.615707178886754,95.38429282111323,0.07029386940309179,83.65577196598068,16.344228034019334,91.46338401245411,8.536615987545893
TA,14.6,4.628001305128312,95.37199869487168,0.07042783041458768,83.63531385886725,16.364686141132744,91.42373506672126,8.576264933278738
TA,14.7,4.640722053946454,95.35927794605355,0.07056815128821228,83.61561846105255,16.38438153894745,91.38411404112227,8.615885958877726
TA,14.8,4.653090716658955,95.34690928334105,0.07070327056604597,83.5960174353226,16.40398256467741,91.34491114120277,8.65508885879723
TA,14.9,4.6653742445077615,95.33462575549224,0.07083943125128596,83.57651921636027,16.423480783639725,91.30552800554248,8.694471994457501
TA,15.0,4.678008347437715,95.32199165256229,0.07098130594145792,83.55770011974865,16.442299880251362,91.26655858378125,8.733441416218756
TA,15.1,4.690204502634031,95.30979549736597,0.07111875497285358,83.5386767124443,16.4613232875557,91.22740980886742,8.772590191132581
TA,15.2,4.702478020319337,95.29752197968067,0.07125636882263099,83.52065948126682,16.4793405187332,91.18849530778331,8.811504692216687
TA,15.3,4.714747937224743,95.28525206277524,0.07139498221457573,83.50242948916382,16.49757051083618,91.14998512785968,8.850014872140315
TA,15.4,4.7271884356611,95.27281156433891,0.07153969467282735,83.48427642484626,16.51572357515374,91.11130057346027,8.888699426539722
TA,15.5,4.739370221094658,95.26062977890534,0.07167960305934393,83.46704772398594,16.532952276014047,91.07262865078457,8.927371349215436
TA,15.6,4.751540928535402,95.2484590714646,0.07181974726153609,83.44988265122574,16.55011734877426,91.0343625015017,8.9656374984983
TA,15.7,4.7635375309261745,95.23646246907383,0.07196043498898835,83.43226536742368,16.56773463257631,90.99593534331038,9.00406465668963
TA,15.8,4.775715066931429,95.22428493306857,0.07210257778588845,83.41589197258601,16.58410802741399,90.95793319535676,9.04206680464324
TA,15.9,4.78775511435492,95.21224488564508,0.07224446075265661,83.39945638411021,16.600543615889794,90.91990313964456,9.080096860355427
TA,16.0,4.799768847711602,95.20023115228841,0.0723879566856513,83.3829000030244,16.617099996975593,90.88192703330068,9.118072966699323
TA,16.1,4.812130707087695,95.18786929291231,0.07253753983524827,83.3673353355496,16.632664664450402,90.84399929345717,9.15600070654283
TA,16.2,4.824055352642312,95.1759446473577,0.07268098785558982,83.35108720256721,16.648912797432793,90.80612153377969,9.193878466220314
TA,16.3,4.836095166992706,95.1639048330073,0.07282673664360764,83.336094415766,16.663905584234,90.76868684908793,9.23131315091207
TA,16.4,4.847959309306869,95.15204069069313,0.07297225451771314,83.32041569509538,16.679584304904633,90.73110300562094,9.268896994379068
TA,16.5,4.8595288994225525,95.14047110057746,0.07311223427521767,83.30515346809328,16.69484653190672,90.69396457350136,9.306035426498644
TA,16.6,4.871450864622514,95.1285491353775,0.07326032326206136,83.2903019171313,16.7096980828687,90.65667502183368,9.34332497816633
TA,16.7,4.883263367598667,95.11673663240133,0.07340734847746219,83.27558214821393,16.724417851786054,90.6192302584517,9.380769741548304
TA,16.8,4.895086482566392,95.10491351743362,0.07355538777359882,83.26126318721718,16.738736812782815,90.58222837618273,9.417771623817274
TA,16.9,4.90691986232182,95.09308013767817,0.07370443784070704,83.24679931632751,16.753200683672482,90.54527658448697,9.454723415513035
TA,17.0,4.918607413169535,95.08139258683048,0.07385384444103173,83.23245815419293,16.76754184580707,90.50836142210427,9.491638577895726
TA,17.1,4.930454218080134,95.06954578191986,0.07400414976059831,83.21904341738038,16.780956582619623,90.47169521948413,9.52830478051587
TA,17.2,4.942162510543953,95.05783748945605,0.0741548089088622,83.2054750915168,16.79452490848321,90.43506531102945,9.564934688970546
TA,17.3,4.953566509486025,95.04643349051398,0.07430059134801614,83.19228648042143,16.807713519578567,90.39868514904336,9.601314850956632
TA,17.4,4.965211826497158,95.03478817350285,0.07445333734614407,83.17867333282832,16.821326667171675,90.3621452579258,9.637854742074197
TA,17.5,4.976949880380096,95.0230501196199,0.07460547463180968,83.16570279104852,16.834297208951472,90.32605178075018,9.673948219249821
TA,17.6,4.988183925235499,95.0118160747645,0.07475301322535102,83.15283394473589,16.84716605526411,90.28979283915587,9.710207160844146
TA,17.7,4.999776849696458,95.00022315030354,0.07490731699588245,83.1400640905747,16.859935909425307,90.25377401326637,9.74622598673364
TA,17.8,5.011387348268852,94.98861265173116,0.07506185468078702,83.12739826393631,16.87260173606368,90.21758657376438,9.78241342623562
TA,17.9,5.022564579706161,94.97743542029384,0.07521090032981179,83.11534917660735,16.884650823392636,90.18165222468745,9.818347775312551
TA,18.0,5.034044457853727,94.96595554214628,0.07536760579332706,83.1023565788339,16.897643421166094,90.14574431070658,9.85425568929342
TA,18.1,5.045676868545333,94.95432313145467,0.07552444255159353,83.09101393796622,16.908986062033765,90.11008834650306,9.889911653496947
TA,18.2,5.056797453223326,94.94320254677667,0.07567580423163682,83.07923569058545,16.920764309414547,90.07466659608015,9.92533340391986
TA,18.3,5.068223928782192,94.9317760712178,0.07583409020909083,83.06703431148767,16.932965688512315,90.039073826024,9.960926173976006
TA,18.4,5.079217938573678,94.92078206142631,0.07598600553889973,83.05517912524671,16.9448208747533,90.00330995184939,9.996690048150608
TA,18.5,5.090731105575226,94.90926889442477,0.07614551348911057,83.04391681716325,16.956083182836743,89.96820422982698,10.031795770173032
TA,18.6,5.101659243883619,94.89834075611637,0.07629953606275798,83.03248011360218,16.967519886397824,89.93290403378013,10.067095966219872
TA,18.7,5.11319117883284,94.88680882116716,0.0764603203627352,83.02188761579936,16.978112384200635,89.8978786412702,10.102121358729816
TA,18.8,5.124135346976303,94.8758646530237,0.07661558630045058,83.01060885195679,16.989391148043197,89.86287145409028,10.13712854590971
TA,18.9,5.135087299372549,94.86491270062746,0.07677107603729336,82.9996608737558,17.000339126244207,89.82809631363469,10.171903686365324
TA,19.0,5.14638043830987,94.85361956169012,0.07693375772207164,82.98853572656462,17.01146427343537,89.79314098843155,10.206859011568463
TA,19.1,5.157230847881555,94.84276915211845,0.07709123961358086,82.97798199815729,17.02201800184271,89.7582249354969,10.241775064503102
TA,19.2,5.168467122737294,94.8315328772627,0.07725527901523241,82.96700386632064,17.03299613367936,89.72353671142565,10.276463288574341
TA,19.3,5.179443817905348,94.82055618209466,0.07741408545507392,82.95709075557328,17.042909244426724,89.6893230612388,10.310676938761208
TA,19.4,5.190277171208053,94.80972282879195,0.07757244785510149,82.94699326643588,17.053006733564118,89.65490001521789,10.345099984782106
TA,19.5,5.201042181799405,94.79895781820059,0.07773269198470438,82.9367123981521,17.063287601847886,89.62051341677602,10.379486583223969
TA,19.6,5.212154972081162,94.78784502791883,0.07789944592889006,82.9262491007403,17.073750899259707,89.58594442009513,10.41405557990486
TA,19.7,5.222936002927872,94.77706399707212,0.07806016745265344,82.91659199047228,17.083408009527716,89.5518196087158,10.448180391284199
TA,19.8,5.233724317943139,94.76627568205687,0.07822191654893526,82.90674863238434,17.093251367615668,89.51773263633534,10.482267363664668
TA,19.9,5.244444098433054,94.75555590156695,0.07838395775725064,82.89721101812908,17.102788981870898,89.48368154854907,10.516318451450918
TA,20.0,5.255171527703267,94.74482847229673,0.07854703634507915,82.88748633848513,17.112513661514868,89.44985547146052,10.550144528539471
TA,20.1,5.266176819017343,94.73382318098265,0.07871758914350209,82.87757557784761,17.122424422152392,89.41603011809583,10.583969881904165
TA,20.2,5.276844281790779,94.72315571820921,0.07888202207353073,82.86796656748315,17.132033432516845,89.38223861537526,10.617761384624732
TA,20.3,5.287468906557457,94.71253109344254,0.07904606143077132,82.85889090939992,17.141109090600093,89.3487058640265,10.651294135973496
TA,20.4,5.298074608358206,94.70192539164178,0.07921182886642769,82.84939117865441,17.15060882134559,89.31498251812945,10.685017481870554
TA,20.5,5.308687882654229,94.69131211734577,0.07937864338383127,82.84066959122744,17.159330408772558,89.28148124845198,10.718518751548025
TA,20.6,5.319224993234885,94.6807750067651,0.07954577343899187,82.83150693768565,17.168493062314358,89.24820341040375,10.751796589596252
TA,20.7,5.329733483025025,94.67026651697498,0.07971248874045804,82.82240320285393,17.177596797146062,89.21476859293598,10.785231407064016
TA,20.8,5.340292723713326,94.65970727628668,0.07988090215419173,82.81358860741855,17.186411392581444,89.18174281356588,10.818257186434108
TA,20.9,5.3507392630327155,94.64926073696728,0.08004977629791943,82.80410492335217,17.19589507664783,89.1485618421158,10.851438157884207
TA,21.0,5.3613049941571305,94.63869500584286,0.08021948589427706,82.79609198458063,17.20390801541938,89.11560128002294,10.884398719977058
TA,21.1,5.371733215571857,94.62826678442813,0.08038956939151097,82.7871794163929,17.2128205836071,89.08263090478836,10.917369095211631
TA,21.2,5.382048128657388,94.61795187134261,0.08056092148733623,82.77807593334158,17.22192406665841,89.04950417170458,10.950495828295411
TA,21.3,5.392087326703568,94.60791267329643,0.08072506237007868,82.76972801527702,17.230271984722982,89.01682665029882,10.98317334970119
TA,21.4,5.402459179020239,94.59754082097976,0.08089997878478115,82.76118627284713,17.23881372715287,88.98413664658527,11.015863353414721
TA,21.5,5.412870740918773,94.58712925908122,0.08106957122987583,82.75292205490136,17.24707794509864,88.95170918991167,11.048290810088332
TA,21.6,5.423179889369123,94.57682011063089,0.08124019598789138,82.74446362783617,17.255536372163842,88.91884808334261,11.08115191665738
TA,21.7,5.433452353777662,94.56654764622235,0.08141851912929322,82.7358119739214,17.264188026078585,88.88643410277656,11.113565897223426
TA,21.8,5.443808204565209,94.5561917954348,0.08158892280599943,82.72836856813895,17.271631431861056,88.85405205941291,11.145947940587098
TA,21.9,5.453652008670603,94.5463479913294,0.08176112442844878,82.72026128995748,17.279738710042523,88.82188441405201,11.178115585947989
TA,22.0,5.4638424886309975,94.536157511369,0.08194099090875709,82.71127233642348,17.288727663576513,88.78951151600909,11.210488483990925
TA,22.1,5.4741412349826,94.5258587650174,0.08211219978371949,82.70370489449034,17.29629510550965,88.75740264768058,11.242597352319416
TA,22.2,5.48393209408788,94.51606790591211,0.08228516305410814,82.69571907927077,17.30428092072923,88.72550918592027,11.274490814079739
TA,22.3,5.494097547929912,94.50590245207007,0.08246512454073913,82.68753812833498,17.312461871665022,88.69340834432224,11.306591655677758
TA,22.4,5.5041351757320545,94.49586482426795,0.08264332750052199,82.67962310162814,17.320376898371855,88.66133374933894,11.338666250661063
TA,22.5,5.51412659612499,94.485873403875,0.08281297085287742,82.67219068457734,17.327809315422655,88.629712244141,11.370287755859005
TA,22.6,5.523985110803651,94.47601488919635,0.0829911242415352,82.66366571037602,17.336334289623984,88.59764102273776,11.402358977262232
TA,22.7,5.533919046675074,94.46608095332493,0.08316947068395192,82.65608000063226,17.343919999367753,88.56602039795757,11.43397960204243
TA,22.8,5.543935793830525,94.45606420616947,0.08334799658823316,82.64875330686962,17.351246693130378,88.53466481804459,11.465335181955405
TA,22.9,5.553766371980115,94.44623362801988,0.0835262175692876,82.64101213821796,17.358987861782037,88.50285944522311,11.49714055477689
TA,23.0,5.56368002967017,94.43631997032983,0.08371279714799525,82.6335289476022,17.3664710523978,88.47174433143618,11.528255668563824
TA,23.1,5.5734447246761665,94.42655527532384,0.08389158973315007,82.6258488510869,17.374151148913107,88.44017498590381,11.559825014096203
TA,23.2,5.583292534891293,94.4167074651087,0.08407056705925742,82.61842450640754,17.38157549359246,88.40905762067787,11.590942379322138
TA,23.3,5.592991144437924,94.40700885556207,0.08424992921633863,82.61080309074461,17.389196909255382,88.37772278469298,11.622277215307017
TA,23.4,5.602680590098552,94.39731940990144,0.08442808623406038,82.60343526054001,17.396564739459997,88.34641347071802,11.653586529281982
TA,23.5,5.612475276907251,94.38752472309274,0.08461607424888264,82.59610599571458,17.403894004285416,88.31555703691359,11.684442963086411
TA,23.6,5.62199685864828,94.37800314135171,0.0847956270546293,82.58813181386809,17.411868186131922,88.28423897372127,11.715761026278717
TA,23.7,5.63171013037571,94.36828986962429,0.08498273945286382,82.5813038370178,17.41869616298219,88.25361587535112,11.746384124648902
TA,23.8,5.641273320195346,94.35872667980465,0.08516202621207608,82.5738308096186,17.426169190381398,88.22277367756044,11.777226322439569
TA,23.9,5.650895601463738,94.34910439853627,0.0853504755467709,82.56639562245736,17.433604377542636,88.19195631699456,11.80804368300542
TA,24.0,5.6604302759509455,94.33956972404906,0.08552955335336503,82.55920816478238,17.440791835217624,88.1613452423231,11.838654757676897
TA,24.1,5.66993863688222,94.33006136311779,0.08571788327018867,82.55182343844038,17.44817656155962,88.1305119763338,11.869488023666202
TA,24.2,5.679482739066756,94.32051726093324,0.0859056909393857,82.54512662813023,17.45487337186976,88.09994936242386,11.900050637576141
TA,24.3,5.689008924176086,94.3109910758239,0.0860945319973309,82.53758082815537,17.462419171844633,88.06959230022272,11.930407699777277
TA,24.4,5.698360332941861,94.30163966705814,0.0862740338904802,82.53048795857974,17.46951204142027,88.03901106955293,11.960988930447062
TA,24.5,5.70769360622237,94.29230639377764,0.08646281731479313,82.52299010991497,17.477009890085018,88.00863556456734,11.991364435432656
TA,24.6,5.717069812795521,94.28293018720449,0.0866510614450162,82.51596686718275,17.484033132817242,87.97828101286278,12.021718987137229
TA,24.7,5.726489943870522,94.27351005612947,0.08684028217245034,82.50895285953457,17.491047140465422,87.94819918890948,12.05180081109051
TA,24.8,5.735797504701661,94.26420249529833,0.08702911098116858,82.50197229795181,17.498027702048194,87.91807113105439,12.081928868945615
TA,24.9,5.745109379531788,94.25489062046822,0.08721819280177708,82.49479441682523,17.50520558317476,87.88796552946235,12.112034470537655
TA,25.0,5.754511454236282,94.24548854576372,0.0874074485315897,82.48808535803562,17.51191464196439,87.8581339354197,12.141866064580285
TA,25.1,5.76363632374444,94.23636367625556,0.08759645684301154,82.48074391577151,17.51925608422848,87.82800169123222,12.171998308767778
TA,25.2,5.772921470705908,94.22707852929409,0.08779386508082664,82.47407381758553,17.525926182414466,87.79814315923821,12.201856840761796
TA,25.3,5.78213305233914,94.21786694766085,0.0879833159000049,82.46720559059548,17.532794409404513,87.76848840734812,12.23151159265188
TA,25.4,5.791121812862626,94.20887818713737,0.088173231084409,82.45950517403112,17.540494825968885,87.7383462531209,12.261653746879103
TA,25.5,5.800349737056652,94.19965026294335,0.08837149732706054,82.45290388191397,17.54709611808604,87.70891190890137,12.291088091098613
TA,25.6,5.809376327171988,94.19062367282801,0.08856111530346125,82.44567428591037,17.55432571408964,87.67906303175465,12.320936968245352
TA,25.7,5.818493337612071,94.18150666238793,0.08875923071972835,82.43890629241345,17.561093707586554,87.64967137471501,12.350328625284984
TA,25.8,5.827536255206014,94.17246374479397,0.08894936242853019,82.43194112666502,17.56805887333498,87.62022465487512,12.379775345124886
TA,25.9,5.836590781585689,94.1634092184143,0.08914806978498904,82.4250067561481,17.574993243851907,87.59079813607906,12.409201863920947
TA,26.0,5.845592500679057,94.15440749932095,0.08933796543403237,82.41807629611814,17.581923703881856,87.56164687518321,12.438353124816773
TA,26.1,5.854606131597526,94.14539386840246,0.08953645167052039,82.41160229699494,17.58839770300505,87.53244013508451,12.4675598649155
TA,26.2,5.863474049670823,94.13652595032917,0.08973533976433264,82.40430549676483,17.595694503235173,87.50299537025666,12.49700462974334
TA,26.3,5.872424022529133,94.12757597747088,0.08992606077312944,82.39766364162966,17.602336358370344,87.47382609760163,12.526173902398362
TA,26.4,5.881299347645699,94.1187006523543,0.09012547304631695,82.39040063199371,17.609599368006283,87.44485526476899,12.555144735231014
TA,26.5,5.890186000271068,94.10981399972893,0.0903251397927062,82.38359153812507,17.61640846187494,87.41564455257691,12.58435544742309
TA,26.6,5.899027248112922,94.10097275188708,0.0905243189980259,82.37658621756513,17.62341378243487,87.38689077071568,12.61310922928432
TA,26.7,5.907743505801204,94.09225649419879,0.09072307328612793,82.3698073107512,17.630192689248798,87.35789580656339,12.642104193436616
TA,26.8,5.916599040750877,94.08340095924912,0.09092276104996817,82.36305664027513,17.63694335972486,87.32917840357887,12.670821596421145
TA,26.9,5.925221740661696,94.0747782593383,0.09112294551966688,82.35568924504106,17.64431075495893,87.30013698113225,12.699863018867738
TA,27.0,5.934092145881452,94.06590785411855,0.09132315421657324,82.3491913980643,17.650808601935697,87.27163676335253,12.728363236647471
TA,27.1,5.942708163636369,94.05729183636362,0.09152224069655708,82.34207758974712,17.65792241025288,87.24288940396706,12.757110596032936
TA,27.2,5.951435321070941,94.04856467892905,0.09172312195141637,82.33499243100846,17.665007568991534,87.2143413395093,12.785658660490698
TA,27.3,5.96019459884569,94.03980540115433,0.09193182159257304,82.32854819185958,17.671451808140414,87.18607109830914,12.81392890169086
TA,27.4,5.968669481235138,94.03133051876486,0.09213183722746858,82.32149008763278,17.678509912367215,87.15702899718511,12.842971002814904
TA,27.5,5.977284817946436,94.02271518205356,0.09233280824543641,82.31445984005728,17.68554015994273,87.12870749645553,12.871292503544463
TA,27.6,5.985853172356325,94.01414682764369,0.09254168971963052,82.30765072657577,17.692349273424227,87.10058256865928,12.899417431340709
TA,27.7,5.994352453504774,94.00564754649523,0.09274247448328084,82.3004531849614,17.69954681503861,87.07203029441597,12.927969705584037
TA,27.8,6.0030134022380475,93.99698659776196,0.09295179976497325,82.29389069932951,17.706109300670487,87.04420393384903,12.955796066150965
TA,27.9,6.011476299206415,93.98852370079359,0.09315232712652598,82.28693998289633,17.713060017103682,87.01603939583758,12.983960604162409
TA,28.0,6.019912644509872,93.98008735549013,0.09336241020994299,82.27979467948404,17.720205320515962,86.98771224637287,13.012287753627138
TA,28.1,6.028301680532141,93.97169831946786,0.09357198888951024,82.27286799330551,17.72713200669449,86.95975658412665,13.040243415873348
TA,28.2,6.036831006114671,93.96316899388533,0.0937740788974324,82.26596750623227,17.73403249376773,86.93190650753102,13.068093492468972
TA,28.3,6.045189768634662,93.95481023136534,0.09398337688136102,82.25909306990388,17.74090693009612,86.90398123734181,13.096018762658193
TA,28.4,6.053522482637512,93.9464775173625,0.0941938145638617,82.25202412750731,17.747975872492695,86.87580071575911,13.12419928424089
TA,28.5,6.061886285193393,93.9381137148066,0.09440364928941655,82.24517142593106,17.75482857406894,86.84808279857687,13.15191720142313
TA,28.6,6.070180698398378,93.92981930160161,0.09461382011038286,82.23834407183807,17.76165592816194,86.82037863871749,13.179621361282518
TA,28.7,6.078536790574459,93.92146320942555,0.09482505184062014,82.23113292237716,17.768867077622836,86.79269000514496,13.207309994855043
TA,28.8,6.086844151694576,93.91315584830542,0.09503575531528735,82.22413694066287,17.775863059337123,86.76519292630861,13.23480707369139
TA,28.9,6.09502225217289,93.90497774782712,0.0952459970743248,82.21735490751465,17.78264509248535,86.73743762954935,13.262562370450654
TA,29.0,6.10321024968844,93.89678975031156,0.09545649321317798,82.21019013496034,17.789809865039665,86.70996886868554,13.290031131314464
TA,29.1,6.111460619123125,93.88853938087686,0.09566806534806085,82.20305090555905,17.796949094440954,86.68241839298312,13.317581607016876
TA,29.2,6.119581252948148,93.88041874705183,0.09587917162896023,82.19612459336518,17.803875406634823,86.65488021607514,13.345119783924856
TA,29.3,6.127704282164506,93.87229571783548,0.0960905505882604,82.18900442246118,17.810995577538815,86.6275334387663,13.372466561233704
TA,29.4,6.135836657507557,93.86416334249245,0.09631069293108337,82.18190911364205,17.818090886357954,86.60002151032133,13.399978489678679
TA,29.5,6.143847659201011,93.856152340799,0.09652185929499507,82.1744340153592,17.8255659846408,86.57287791581112,13.427122084188884
TA,29.6,6.151992209807291,93.84800779019271,0.09673402149934984,82.16757473126196,17.832425268738035,86.54556915224192,13.45443084775809
TA,29.7,6.160014605474114,93.83998539452588,0.09695423615551897,82.1603357969297,17.839664203070296,86.51844940841801,13.481550591581989
TA,29.8,6.168039168076371,93.83196083192364,0.09716619694426804,82.15330708376982,17.84669291623018,86.49151839390996,13.508481606090058
TA,29.9,6.1760728689861555,93.82392713101385,0.09738694513900101,82.145899917507,17.854100082493,86.46442404886527,13.53557595113473
TA,30.0,6.18406393301086,93.81593606698915,0.09760713351967781,82.13891951488424,17.861080485115767,86.43751999515334,13.562480004846664
NDL,0.0,nan,nan,nan,nan,nan,nan,nan
NDL,0.0,nan,nan,nan,nan,nan,nan,nan
NDL,0.1,2.7000451966593495,97.29995480334065,0.07297651375727082,18.022057959374187,81.9779420406258,91.46806587295774,8.53193412704227
NDL,0.2,2.1966930798968027,97.80330692010321,0.05922393747553338,12.295535737455346,87.70446426254466,83.76931941500152,16.23068058499848
NDL,0.3,2.0985332054737085,97.9014667945263,0.05637289393995639,9.850627279240264,90.14937272075973,78.99017617454756,21.009823825452436
NDL,0.4,2.088228417499776,97.91177158250022,0.05589345962504323,9.047008309401349,90.95299169059865,75.41859228225269,24.5814077177473
NDL,0.5,2.0943301415895768,97.90566985841042,0.055850307516340375,9.029501315642314,90.97049868435768,72.33990119361768,27.660098806382326
NDL,0.6,2.1036801057392274,97.89631989426077,0.05589528949193463,9.387450045051612,90.61254995494838,69.56584334446106,30.434156655538953
NDL,0.7,2.1141066892934166,97.88589331070658,0.05595423869730699,9.933536319058787,90.06646368094121,67.03509350933872,32.964906490661285
NDL,0.8,2.1252200441955984,97.8747799558044,0.056026432220412044,10.576710639219138,89.42328936078086,64.7126045604294,35.2873954395706
NDL,0.9,2.1369909108665928,97.8630090891334,0.05610135693461496,11.26965947566387,88.73034052433614,62.570390285635234,37.429609714364766
NDL,1.0,2.1497072759317186,97.85029272406828,0.056188452511403655,11.986140028267048,88.01385997173294,60.59097881869017,39.40902118130984
NDL,1.1,2.1630009776629997,97.836999022337,0.05627132582531295,12.710849774477232,87.28915022552276,58.75324124854281,41.2467587514572
NDL,1.2,2.177265091301156,97.82273490869885,0.056369091270162534,13.435484426185171,86.56451557381483,57.043800690399735,42.95619930960026
NDL,1.3,2.1923600057078168,97.80763999429219,0.0564676674909379,14.153205810376152,85.84679418962385,55.44937129860419,44.55062870139581
NDL,1.4,2.2082881048189296,97.79171189518108,0.056566949185546236,14.85974746605164,85.14025253394837,53.95860985749312,46.04139014250686
NDL,1.5,2.225149159660505,97.77485084033948,0.05667409726225445,15.554765508709368,84.44523449129063,52.56103975833594,47.43896024166407
NDL,1.6,2.2430077703031106,97.75699222969688,0.056782580656002196,16.235781581102383,83.76421841889761,51.249298697853895,48.75070130214611
NDL,1.7,2.2618600184314785,97.73813998156852,0.05689563080529821,16.902472484273982,83.09752751572603,50.014932338176344,49.98506766182365
NDL,1.8,2.2816430557761853,97.7183569442238,0.05700795408164419,17.553675683898913,82.44632431610108,48.8505283531045,51.149471646895506
NDL,1.9,2.3024354972357246,97.69756450276427,0.05712650230356168,18.19011121184834,81.80988878815167,47.75152126014403,52.24847873985596
NDL,2.0,2.3242793228043985,97.6757206771956,0.05725094535587198,18.810799005477158,81.18920099452285,46.71186133594855,53.288138664051445
NDL,2.1,2.3471632431627305,97.65283675683727,0.05737275306709795,19.41720259263797,80.58279740736202,45.727017745077234,54.27298225492277
NDL,2.2,2.371123339365016,97.62887666063499,0.05749754607124718,20.008690248523944,79.99130975147605,44.79292473228648,55.2070752677135
NDL,2.3,2.3961367933292372,97.60386320667077,0.05762477141107203,20.58645383371013,79.41354616628988,43.90635451763424,56.09364548236575
NDL,2.4,2.422229858431915,97.57777014156808,0.05775544540617387,21.149254205126216,78.85074579487379,43.062204030246924,56.93779596975308
NDL,2.5,2.449366848395225,97.55063315160479,0.05788494839708334,21.698613901361348,78.30138609863864,42.258251844708425,57.74174815529156
NDL,2.6,2.4775960018126284,97.52240399818737,0.05801817785918615,22.235372251387542,77.76462774861247,41.49189964103772,58.50810035896227
NDL,2.7,2.5069039182674304,97.49309608173257,0.05815126098104932,22.758524434320154,77.24147556567985,40.76008641834636,59.23991358165364
NDL,2.8,2.5373339504937493,97.46266604950625,0.05828928828462928,23.26994644450435,76.73005355549566,40.06187576589733,59.93812423410269
NDL,2.9,2.5687897512427798,97.43121024875721,0.05842643635994939,23.769149859850643,76.23085014014936,39.39304990878286,60.60695009121713
NDL,3.0,2.6013496319313196,97.39865036806869,0.0585697602138152,24.256571202150766,75.74342879784923,38.75320492559279,61.24679507440721
NDL,3.1,2.6350350193985745,97.36496498060141,0.05870848392326531,24.733270796328632,75.26672920367136,38.14073849283041,61.859261507169585
NDL,3.2,2.669731468924401,97.33026853107559,0.058853022656345115,25.198980720475816,74.80101927952418,37.55250006980975,62.44749993019024
NDL,3.3,2.7054893184440596,97.29451068155595,0.05899846683001099,25.65391884917798,74.34608115082202,36.98823766135959,63.01176233864042
NDL,3.4,2.742328897911294,97.25767110208872,0.059140024057341346,26.0988303616957,73.9011696383043,36.446182298478035,63.553817701521965
NDL,3.5,2.780166715529675,97.21983328447033,0.059288384838600675,26.533866596492377,73.46613340350763,35.924771869326925,64.07522813067308
NDL,3.6,2.8191194464420555,97.18088055355794,0.059438459673024996,26.959609176674775,73.04039082332523,35.42391755119844,64.57608244880156
NDL,3.7,2.859065520720035,97.14093447927996,0.059584874509971374,27.375722402716768,72.62427759728324,34.9416284066489,65.0583715933511
NDL,3.8,2.8999935728088255,97.10000642719116,0.059733278591783984,27.78297114998265,72.21702885001734,34.476511895491434,65.52348810450857
NDL,3.9,2.9419666266087545,97.05803337339125,0.059889524573422746,28.182200436720983,71.81779956327901,34.02873774076002,65.97126225923998
NDL,4.0,2.984857218370797,97.01514278162921,0.060042330053557295,28.573225489402525,71.42677451059747,33.5967652211416,66.4032347788584
NDL,4.1,3.028820436844721,96.97117956315529,0.06019211946479816,28.954787426471235,71.04521257352877,33.179979460546285,66.82002053945372
NDL,4.2,3.073704970551707,96.9262950294483,0.06035052014701465,29.329610593813932,70.67038940618606,32.77753823015343,67.22246176984657
NDL,4.3,3.1195301029530356,96.88046989704696,0.060505602689646776,29.6957913935209,70.30420860647911,32.38863344694008,67.61136655305991
NDL,4.4,3.166271077691122,96.83372892230888,0.060663683169061795,30.05635857469915,69.94364142530085,32.0133519906659,67.98664800933409
NDL,4.5,3.2139949336982667,96.78600506630173,0.06082506583077536,30.407494617399795,69.59250538260021,31.650394948529627,68.34960505147036
NDL,4.6,3.2625510173044057,96.73744898269561,0.060983321729186676,30.752591254980633,69.24740874501936,31.298818440413516,68.70118155958647
NDL,4.7,3.3119732860763937,96.6880267139236,0.06114493034377641,31.091259323757132,68.90874067624286,30.95876587399878,69.04123412600123
NDL,4.8,3.3622514541886397,96.63774854581135,0.0613040285887927,31.423177353845016,68.576822646155,30.629352991972432,69.37064700802757
NDL,4.9,3.413378629570501,96.5866213704295,0.06146640272177378,31.74958517491044,68.25041482508956,30.310821539816462,69.68917846018353
NDL,5.0,3.4652904009823557,96.53470959901766,0.06163211889478577,32.068742616008684,67.93125738399131,30.0017084887172,69.9982915112828
NDL,5.1,3.5180746351990715,96.48192536480093,0.06180186660392287,32.381922290822835,67.61807770917716,29.702619656229295,70.2973803437707
NDL,5.2,3.571601704644583,96.42839829535541,0.0619686218622008,32.68892660401736,67.31107339598263,29.412468230063926,70.58753176993608
NDL,5.3,3.625853793370837,96.37414620662916,0.06213311525733176,32.98988165978833,67.01011834021166,29.130667470091527,70.86933252990848
NDL,5.4,3.6808886089264177,96.31911139107358,0.06230154119497398,33.28569325158032,66.71430674841967,28.857419656643007,71.14258034335698
NDL,5.5,3.7366230143595227,96.26337698564046,0.062473715182000136,33.57618768297389,66.4238123170261,28.592632161554754,71.40736783844524
NDL,5.6,3.793038938082411,96.2069610619176,0.06264955908802283,33.861228921107575,66.13877107889243,28.33540115127421,71.6645988487258
NDL,5.7,3.8500971476993864,96.14990285230061,0.06281729784879735,34.14218026636739,65.85781973363261,28.085763150210653,71.91423684978935
NDL,5.8,3.9078659607877806,96.09213403921223,0.06299477530621855,34.41597318510992,65.58402681489008,27.843309815647387,72.15669018435263
NDL,5.9,3.966215748853968,96.03378425114603,0.0631701251185601,34.68553169766027,65.31446830233973,27.60800787302889,72.39199212697112
NDL,6.0,4.0252240372013555,95.97477596279865,0.06334958420301798,34.951455760135154,65.04854423986485,27.37921041780207,72.62078958219793
NDL,6.1,4.084807056348035,95.91519294365197,0.06352688809302089,35.21234856406494,64.78765143593506,27.15690165508507,72.84309834491492
NDL,6.2,4.144870790241878,95.85512920975813,0.06370152461961928,35.466517976115924,64.53348202388408,26.9405167611463,73.0594832388537
NDL,6.3,4.2054686760499695,95.79453132395003,0.06388697849957069,35.71754972105163,64.28245027894836,26.730354991206234,73.26964500879376
NDL,6.4,4.266690613704361,95.73330938629563,0.06407011821503278,35.964578836509084,64.03542116349092,26.526654719816932,73.47334528018307
NDL,6.5,4.32831138083026,95.67168861916974,0.06425136287245987,36.20705394583483,63.79294605416517,26.327737875281453,73.67226212471856
NDL,6.6,4.390370173736604,95.60962982626339,0.0644358440802696,36.44425680541635,63.555743194583634,26.134488295606378,73.86551170439361
NDL,6.7,4.453027464599099,95.54697253540091,0.06462248558450408,36.6793538922495,63.32064610775049,25.946769592748826,74.05323040725116
NDL,6.8,4.5159507814918305,95.48404921850816,0.06481055439029046,36.91002468431452,63.089975315685486,25.7639447697184,74.2360552302816
NDL,6.9,4.579340983651059,95.42065901634895,0.06499927440381104,37.13460517594718,62.86539482405282,25.58627682161161,74.41372317838838
NDL,7.0,4.6431030349616,95.3568969650384,0.06519053055486466,37.356131869515856,62.64386813048414,25.412931559145928,74.58706844085408
NDL,7.1,4.707196598351252,95.29280340164875,0.06538186881382267,37.574164808915114,62.42583519108488,25.244789941806232,74.75521005819377
NDL,7.2,4.771550175999581,95.22844982400042,0.0655752863445592,37.78800446278409,62.21199553721591,25.08062493650237,74.91937506349763
NDL,7.3,4.836342697350423,95.16365730264957,0.06577018589068384,37.99792662996764,62.00207337003236,24.921333681872333,75.07866631812766
NDL,7.4,4.901284637079083,95.09871536292091,0.06596633454602788,38.206048557753434,61.793951442246566,24.765887459298906,75.23411254070109
NDL,7.5,4.966676557857981,95.03332344214202,0.06616470589732613,38.409772328901205,61.590227671098795,24.61481610826377,75.38518389173625
NDL,7.6,5.03213603886131,94.96786396113869,0.06636366513531072,38.608278660448455,61.391721339551545,24.467475895904897,75.5325241040951
NDL,7.7,5.097899906870324,94.90210009312968,0.06656490892370423,38.80474245682367,61.19525754317634,24.324410655048577,75.67558934495142
NDL,7.8,5.163833259796963,94.83616674020304,0.06676719924317877,38.99792624744812,61.00207375255188,24.18518308897382,75.81481691102618
NDL,7.9,5.2298568546014526,94.77014314539855,0.06697119896468606,39.188047454936275,60.81195254506372,24.048980430750753,75.95101956924925
NDL,8.0,5.296126419375094,94.7038735806249,0.0671765730802943,39.37531008997478,60.62468991002521,23.916928948791835,76.08307105120818
NDL,8.1,5.362530609751264,94.63746939024874,0.06738357705176964,39.559047421033355,60.440952578966645,23.78782474000138,76.21217525999863
NDL,8.2,5.428988304109927,94.57101169589008,0.06759219238055504,39.73774543813543,60.26225456186457,23.66261820222,76.33738179778
NDL,8.3,5.495529177452169,94.50447082254783,0.06780222160226462,39.916315749369275,60.08368425063073,23.540289560880954,76.45971043911905
NDL,8.4,5.562205030875884,94.43779496912413,0.06801425434324447,40.08945121801244,59.91054878198755,23.421797635453025,76.57820236454698
NDL,8.5,5.62882825296596,94.37117174703404,0.06822713870787572,40.26150879470592,59.73849120529409,23.30576374588309,76.69423625411692
NDL,8.6,5.6956661465472225,94.30433385345277,0.06844237829223292,40.42977634443599,59.570223655564,23.19333666052568,76.80666333947433
NDL,8.7,5.762292392164329,94.23770760783567,0.06865923427556574,40.59488859509082,59.405111404909185,23.08332020580598,76.91667979419402
NDL,8.8,5.828972153558535,94.17102784644146,0.0688784736789719,40.75740271221889,59.242597287781116,22.97610240419979,77.02389759580021
NDL,8.9,5.895686345263449,94.10431365473656,0.06909842788322644,40.917473323269846,59.08252667673014,22.872604972452937,77.12739502754707
NDL,9.0,5.962315707163082,94.03768429283691,0.0693195106179342,41.075244216142785,58.92475578385721,22.771104732948817,77.22889526705117
NDL,9.1,6.028898854589194,93.97110114541081,0.06954302479754892,41.22975174280704,58.77024825719296,22.672523236015973,77.32747676398404
NDL,9.2,6.095298019400562,93.90470198059944,0.06976835476398653,41.38117316601956,58.61882683398044,22.575732733460438,77.42426726653957
NDL,9.3,6.161620825062277,93.83837917493771,0.06999604323442238,41.5304326780786,58.46956732192141,22.48225054086597,77.51774945913402
NDL,9.4,6.227946990396899,93.7720530096031,0.0702247279724189,41.677214895926255,58.32278510407374,22.391470832053205,77.6085291679468
NDL,9.5,6.2939825061048476,93.70601749389515,0.0704545321902175,41.82209499009446,58.17790500990554,22.302615981530685,77.69738401846931
NDL,9.6,6.359939252167185,93.64006074783282,0.07068705606750396,41.9644552898238,58.035544710176204,22.216097768657246,77.78390223134275
NDL,9.7,6.425645924829412,93.57435407517059,0.07092134789287541,42.10342396215218,57.896576037847815,22.132078819016694,77.8679211809833
NDL,9.8,6.4912697536941675,93.50873024630584,0.07115700887416726,42.2411492408368,57.7588507591632,22.050379896125072,77.94962010387493
NDL,9.9,6.556657984606884,93.44334201539311,0.07139411992045917,42.37575057946659,57.62424942053342,21.970994714669576,78.02900528533043
NDL,10.0,6.621770914453966,93.37822908554602,0.07163394746693912,42.5090583866533,57.49094161334669,21.893150418442417,78.10684958155758
NDL,10.1,6.68671074185815,93.31328925814185,0.07187529234237093,42.63878836277372,57.36121163722628,21.818206483077475,78.18179351692253
NDL,10.2,6.751474413046369,93.24852558695363,0.07211911387129272,42.76673791884657,57.23326208115343,21.74495987754667,78.25504012245332
NDL,10.3,6.815767758007317,93.18423224199269,0.07236320595965332,42.89369718426598,57.10630281573401,21.673236119177574,78.32676388082243
NDL,10.4,6.879994507498707,93.1200054925013,0.07261033195723929,43.01743206550252,56.98256793449749,21.604233835316798,78.3957661646832
NDL,10.5,6.943747933331711,93.05625206666829,0.07285877530118558,43.139452342053325,56.86054765794667,21.536581931586,78.463418068414
NDL,10.6,7.007267516293841,92.99273248370616,0.07311034355480872,43.260066204236395,56.7399337957636,21.470441148110638,78.52955885188936
NDL,10.7,7.070521893864122,92.92947810613587,0.07336168016983059,43.37778191559142,56.62221808440857,21.40701771101114,78.59298228898886
NDL,10.8,7.1333837890944105,92.86661621090559,0.07361630832729563,43.493385658908586,56.50661434109141,21.344934994570366,78.65506500542963
NDL,10.9,7.195873268380026,92.80412673161996,0.0738730382895156,43.60764601454783,56.39235398545216,21.284027860595657,78.71597213940434
NDL,11.0,7.258125671215574,92.74187432878442,0.07413093644434023,43.72016341016083,56.27983658983917,21.225835976016867,78.77416402398313
NDL,11.1,7.319928671845215,92.6800713281548,0.07439115611936171,43.83082401392672,56.16917598607327,21.16837379113686,78.83162620886314
NDL,11.2,7.381408746445175,92.61859125355483,0.0746535098382365,43.938867749899316,56.061132250100684,21.11330030112272,78.88669969887728
NDL,11.3,7.442442459677688,92.5575575403223,0.07491764767884801,44.04606490739765,55.95393509260236,21.05956336747483,78.94043663252516
NDL,11.4,7.503053192614355,92.49694680738564,0.07518314510895843,44.151639143637226,55.84836085636279,21.00699754890714,78.99300245109286
NDL,11.5,7.563374886388373,92.43662511361163,0.0754514442274633,44.25419991164629,55.74580008835371,20.956827737943822,79.04317226205619
NDL,11.6,7.62318803859086,92.37681196140913,0.07572125506005688,44.35610916665061,55.64389083334939,20.907219117900663,79.09278088209935
NDL,11.7,7.682539039589822,92.31746096041019,0.07599315357092098,44.45580736527987,55.54419263472013,20.859396628855777,79.14060337114422
NDL,11.8,7.741556552168957,92.25844344783104,0.07626693721093342,44.554965909057586,55.44503409094242,20.813201899970622,79.18679810002938
NDL,11.9,7.800086556876362,92.19991344312363,0.07654276666686333,44.651415252306194,55.34858474769382,20.76818329074269,79.2318167092573
NDL,12.0,7.858190342157608,92.1418096578424,0.07682136466926578,44.746022680144016,55.25397731985598,20.724341589747795,79.27565841025222
NDL,12.1,7.9158384873359005,92.0841615126641,0.07710172236893711,44.84010610110176,55.159893898898225,20.68213318730341,79.31786681269658
NDL,12.2,7.972900506294247,92.02709949370575,0.07738268713267472,44.93245904365546,55.067540956344544,20.640943829945837,79.35905617005416
NDL,12.3,8.029686034528606,91.97031396547139,0.07766736479857185,45.02237982893808,54.97762017106192,20.601393602941073,79.39860639705893
NDL,12.4,8.085924572383316,91.91407542761668,0.07795403907693485,45.11206894174392,54.88793105825608,20.562866599085893,79.4371334009141
NDL,12.5,8.141517791587177,91.85848220841282,0.07824180923376275,45.2000589752655,54.79994102473449,20.52536413435071,79.47463586564929
NDL,12.6,8.196738224589886,91.80326177541012,0.07853184835752595,45.286538878029866,54.71346112197014,20.489349634644817,79.51065036535519
NDL,12.7,8.25149904655507,91.74850095344493,0.07882415742583107,45.37082196397723,54.629178036022765,20.454364070629317,79.54563592937068
NDL,12.8,8.305667944707649,91.69433205529235,0.07911841782745271,45.45504098939875,54.54495901060125,20.420569851882618,79.57943014811738
NDL,12.9,8.359417072447558,91.64058292755244,0.0794147130276796,45.53716292283262,54.46283707716738,20.388113307124385,79.61188669287561
NDL,13.0,8.412611617552896,91.5873883824471,0.07971349562651055,45.617966825187935,54.38203317481207,20.35669346486935,79.64330653513065
NDL,13.1,8.465220436501179,91.53477956349883,0.08001447372370679,45.697381603548706,54.30261839645129,20.326152256826134,79.67384774317387
NDL,13.2,8.517384091992806,91.48261590800719,0.08031669703988062,45.77627514688159,54.223724853118426,20.29633194448186,79.70366805551815
NDL,13.3,8.569029854958684,91.43097014504133,0.08062200631744844,45.85326351432993,54.14673648567007,20.268183474101782,79.73181652589822
NDL,13.4,8.619993937555149,91.38000606244483,0.08092884616009946,45.92969199401076,54.07030800598923,20.24045216559478,79.75954783440523
NDL,13.5,8.670403525660864,91.32959647433914,0.08123775627915711,46.00430367737438,53.99569632262562,20.21407932216615,79.78592067783386
NDL,13.6,8.720632244731066,91.27936775526894,0.08154910374505296,46.077938247458114,53.922061752541886,20.189230559573613,79.81076944042638
NDL,13.7,8.770064260790676,91.22993573920932,0.08186275515949766,46.15042454278416,53.849575457215835,20.16464472296343,79.83535527703656
NDL,13.8,8.818829390654354,91.18117060934564,0.08217764510304647,46.22189828082408,53.77810171917592,20.14063611460292,79.85936388539709
NDL,13.9,8.867245578907612,91.1327544210924,0.08249595936571058,46.29171397668041,53.70828602331959,20.118481271058357,79.88151872894164
NDL,14.0,8.915051782871412,91.08494821712858,0.082815388677429,46.36125965856909,53.63874034143091,20.096910550087355,79.90308944991264
NDL,14.1,8.962093500764603,91.0379064992354,0.0831368760440078,46.42979373983917,53.57020626016084,20.07560991367442,79.92439008632559
NDL,14.2,9.008818220348019,90.99118177965198,0.08346154102030276,46.496860121456265,53.50313987854373,20.055694224903643,79.94430577509635
NDL,14.3,9.054916643772604,90.9450833562274,0.0837873015380407,46.56306694095454,53.43693305904546,20.036690052370698,79.9633099476293
NDL,14.4,9.100448603846894,90.8995513961531,0.0841164198923215,46.62778230915502,53.37221769084497,20.018440239536854,79.98155976046314
NDL,14.5,9.145483505622503,90.8545164943775,0.08444636255697373,46.69177780545736,53.308222194542644,20.000947430853884,79.99905256914612
NDL,14.6,9.18993632685398,90.81006367314602,0.0847795686532565,46.75491395446912,53.245086045530876,19.984214923746908,80.01578507625308
NDL,14.7,9.233726301192723,90.76627369880728,0.08511462660236345,46.8172966923395,53.182703307660496,19.968404800975552,80.03159519902447
NDL,14.8,9.276993837503822,90.72300616249618,0.08545122851378215,46.87838027929899,53.121619720701005,19.953359825893806,80.0466401741062
NDL,14.9,9.319724817430416,90.68027518256957,0.08579095400284124,46.93875884554336,53.06124115445664,19.938923159957433,80.06107684004256
NDL,15.0,9.361928309817202,90.63807169018281,0.08613307275547066,46.99845365927815,53.00154634072186,19.92541784129001,80.07458215871
NDL,15.1,9.403338600839382,90.59666139916061,0.08647599047791907,47.05684937444658,52.943150625553415,19.912524840199726,80.08747515980028
NDL,15.2,9.444445479040835,90.55555452095916,0.08682185736276612,47.11467760433516,52.88532239566484,19.900569471515254,80.09943052848475
NDL,15.3,9.484816664794042,90.51518333520596,0.08717001922285858,47.171254763579725,52.828745236420275,19.889071189647016,80.110928810353
NDL,15.4,9.524797385427092,90.47520261457291,0.08752041541624223,47.22730122166823,52.77269877833177,19.87867605609899,80.12132394390102
NDL,15.5,9.564039668460508,90.43596033153949,0.08787660993759552,47.28214303644525,52.71785696355475,19.868256821326604,80.1317431786734
NDL,15.6,9.602773990066623,90.39722600993339,0.08823134792202365,47.33642586420787,52.663574135792146,19.859111202806446,80.14088879719355
NDL,15.7,9.640922943357232,90.35907705664276,0.08858474338222488,47.390785174886034,52.60921482511397,19.85010569887956,80.14989430112045
NDL,15.8,9.678553724740924,90.32144627525909,0.08894462854100779,47.442887821032116,52.55711217896788,19.842541730761234,80.15745826923876
NDL,15.9,9.715503232487631,90.28449676751238,0.08930398019930649,47.49504054017985,52.50495945982014,19.8349605665124,80.16503943348759
NDL,16.0,9.75201575471754,90.24798424528247,0.08967066468142776,47.546758851387,52.453241148613,19.828336808206547,80.17166319179346
NDL,16.1,9.78790667686091,90.21209332313909,0.09003662597826656,47.596838654667415,52.40316134533257,19.821536402583813,80.17846359741618
NDL,16.2,9.823253481001618,90.17674651899839,0.09040902407053585,47.64706659427777,52.352933405722226,19.816189943585133,80.18381005641487
NDL,16.3,9.858064176404719,90.14193582359529,0.09077184658193951,47.69629717629792,52.30370282370208,19.81099337109276,80.18900662890724
NDL,16.4,9.892300562151759,90.10769943784824,0.09114977997907385,47.7445472879925,52.25545271200749,19.806934764070363,80.19306523592964
NDL,16.5,9.925828843269297,90.0741711567307,0.09151822442612172,47.791782025400984,52.208217974599016,19.803028844079865,80.19697115592015
NDL,16.6,9.958893829971869,90.04110617002813,0.09190373739656818,47.83981207273485,52.160187927265156,19.79943900510483,80.20056099489517
NDL,16.7,9.991535871483642,90.00846412851635,0.09227913177400004,47.88575965913116,52.11424034086883,19.796832100017422,80.20316789998257
NDL,16.8,10.023454878609908,89.97654512139009,0.09266199636649784,47.93133334714028,52.06866665285972,19.794545074345805,80.20545492565418
NDL,16.9,10.054859701793664,89.94514029820634,0.09304286116371482,47.976590590215416,52.02340940978457,19.792749624194055,80.20725037580596
NDL,17.0,10.08587251739115,89.91412748260885,0.09343267629720504,48.02095143641639,51.979048563583596,19.79193718032378,80.20806281967621
NDL,17.1,10.116028311456017,89.88397168854398,0.09381985307767823,48.06497311764865,51.935026882351345,19.79096031763647,80.20903968236352
NDL,17.2,10.145855065703001,89.85414493429701,0.09421580418714152,48.10870955750329,51.89129044249672,19.79080729351426,80.20919270648574
NDL,17.3,10.17516795483379,89.82483204516622,0.09460165153713626,48.151584398840555,51.84841560115944,19.791316768954214,80.20868323104577
NDL,17.4,10.20387975621843,89.79612024378157,0.0950036578847752,48.193610465169236,51.806389534830764,19.79265479164197,80.20734520835802
NDL,17.5,10.232070738905175,89.76792926109482,0.09539635010723589,48.23480076535198,51.765199234648016,19.79383262698258,80.20616737301741
NDL,17.6,10.259723529642528,89.74027647035747,0.09579596968145798,48.27574596055143,51.72425403944857,19.795678959344187,80.20432104065583
NDL,17.7,10.286763727731534,89.71323627226846,0.09620355149657184,48.31699244754405,51.68300755245595,19.797530191658694,80.2024698083413
NDL,17.8,10.31327781520129,89.68672218479871,0.09661001611917591,48.3563160338043,51.64368396619571,19.800216846116967,80.19978315388303
NDL,17.9,10.339262013569146,89.66073798643086,0.0970153313791109,48.39595938760225,51.60404061239776,19.803742470382737,80.19625752961726
NDL,18.0,10.36496395458588,89.63503604541413,0.09742097342315412,48.434851165259104,51.565148834740896,19.807111197573466,80.19288880242654
NDL,18.1,10.389849201890804,89.61015079810919,0.09783275198370722,48.473503287453674,51.52649671254633,19.81115709730517,80.18884290269483
NDL,18.2,10.414265358877293,89.5857346411227,0.09824312473649024,48.510851015296986,51.48914898470301,19.815882376855534,80.18411762314447
NDL,18.3,10.4382454639532,89.5617545360468,0.09866326980590469,48.54854642959504,51.45145357040496,19.820784012934066,80.17921598706593
NDL,18.4,10.461832517197955,89.53816748280205,0.09908189116474661,48.58552275981353,51.41447724018647,19.826368432328213,80.17363156767179
NDL,18.5,10.484777289683537,89.51522271031646,0.09949922464397822,48.621756705712684,51.378243294287316,19.83196616568488,80.16803383431512
NDL,18.6,10.507148324117574,89.49285167588242,0.09992422542835554,48.658356849660144,51.341643150339856,19.83808255551905,80.16191744448095
NDL,18.7,10.529140240761599,89.4708597592384,0.1003487197434309,48.693695155040544,51.30630484495946,19.845052969741666,80.15494703025834
NDL,18.8,10.55056180500312,89.44943819499689,0.10078095292788442,48.728877792496164,51.27112220750383,19.852038982319282,80.14796101768073
NDL,18.9,10.57158932735455,89.42841067264546,0.1012125556793283,48.76281586771125,51.23718413228876,19.85971642345214,80.14028357654787
NDL,19.0,10.591948235397926,89.40805176460206,0.10164266325675948,48.797144751668505,51.20285524833149,19.867242899105847,80.13275710089415
NDL,19.1,10.611835030296662,89.38816496970333,0.10207227503478064,48.831336749588736,51.16866325041127,19.874954999244466,80.12504500075555
NDL,19.2,10.631386767067603,89.3686132329324,0.10250927804737041,48.86486247590031,51.1351375240997,19.88403724165853,80.11596275834148
NDL,19.3,10.650384945114254,89.34961505488575,0.1029467977999361,48.89770411910207,51.10229588089792,19.892463006686828,80.10753699331318
NDL,19.4,10.668862033757641,89.33113796624235,0.10339082933610723,48.92989211134838,51.07010788865162,19.901585276717366,80.09841472328263
NDL,19.5,10.686946069958795,89.31305393004119,0.103835162994393,48.962497404236736,51.03750259576327,19.911406801292085,80.08859319870791
NDL,19.6,10.70453638415292,89.2954636158471,0.10427882583280261,48.99390502102474,51.00609497897527,19.921250511108926,80.07874948889108
NDL,19.7,10.721614031661002,89.27838596833901,0.10473000400886791,49.02520764653367,50.974792353466334,19.9317955755419,80.0682044244581
NDL,19.8,10.738448673168339,89.26155132683166,0.10518115781730504,49.05643067501759,50.94356932498242,19.942194790220224,80.05780520977979
NDL,19.9,10.754437571096679,89.24556242890333,0.10563001797010468,49.08698510916764,50.91301489083235,19.95363777321128,80.04636222678873
NDL,20.0,10.770262388467932,89.22973761153207,0.10608801086868834,49.11693642814297,50.88306357185702,19.964935672855123,80.03506432714487
NDL,20.1,10.785499707002174,89.21450029299784,0.10654534217094364,49.14733259178558,50.85266740821442,19.97625874232727,80.02374125767274
NDL,20.2,10.80048717180267,89.19951282819733,0.10701190763074675,49.177113656364575,50.82288634363542,19.988118744371707,80.0118812556283
NDL,20.3,10.814848142512465,89.18515185748754,0.10746626046018108,49.205735750542566,50.79426424945744,20.00068837928523,79.99931162071478
NDL,20.4,10.828726403974159,89.17127359602584,0.10793031460336062,49.23536414979048,50.76463585020953,20.012772362425295,79.9872276375747
NDL,20.5,10.842342239468621,89.15765776053138,0.10840257050071733,49.263310890896584,50.736689109103416,20.026252132876614,79.9737478671234
NDL,20.6,10.855277630760234,89.14472236923977,0.10887418280564681,49.291723585302535,50.708276414697465,20.03907581503809,79.96092418496191
NDL,20.7,10.868122329358606,89.13187767064139,0.10934543835056369,49.319557678599956,50.680442321400044,20.052441712546504,79.9475582874535
NDL,20.8,10.88026477367248,89.11973522632752,0.10981488212125294,49.34731787381048,50.65268212618952,20.066522548909358,79.93347745109065
NDL,20.9,10.891981838433333,89.10801816156668,0.11029277838882907,49.37449210988675,50.625507890113255,20.080806324759617,79.91919367524038
NDL,21.0,10.903447524106287,89.0965524758937,0.11077057778932195,49.40162778883564,50.59837221116437,20.0951203719892,79.9048796280108
NDL,21.1,10.91437093005434,89.08562906994565,0.11124722510536149,49.42817099674036,50.57182900325964,20.109807348867058,79.89019265113293
NDL,21.2,10.924958660882046,89.07504133911794,0.11173229588105785,49.45468195255376,50.545318047446244,20.12487265968361,79.87512734031638
NDL,21.3,10.935197653400932,89.06480234659907,0.11221723144568162,49.480618841351536,50.51938115864846,20.139795815496974,79.86020418450302
NDL,21.4,10.9449105861941,89.05508941380592,0.11271057827717448,49.50597468754606,50.49402531245395,20.155441137881137,79.84455886211886
NDL,21.5,10.954179631402305,89.04582036859769,0.11319340073851945,49.531837913856016,50.468162086144,20.17111897714635,79.82888102285366
NDL,21.6,10.963220350383814,89.03677964961618,0.11368673982600835,49.557137118942116,50.442862881057884,20.18700499878107,79.81299500121892
NDL,21.7,10.971765768757228,89.02823423124278,0.1141858876655769,49.58241599267112,50.41758400732888,20.203441161996068,79.79655883800393
NDL,21.8,10.979976451112295,89.0200235488877,0.11468601893640465,49.60659517136356,50.39340482863645,20.219737171920194,79.78026282807981
NDL,21.9,10.987748897522408,89.01225110247759,0.11518507471118651,49.631290937055844,50.36870906294416,20.236241772725,79.763758227275
NDL,22.0,10.99525957297456,89.00474042702544,0.11568390402763977,49.65543313690104,50.34456686309896,20.253474937497934,79.74652506250206
NDL,22.1,11.002225242027954,88.99777475797205,0.11619095654866443,49.679557498680836,50.320442501319164,20.270567731095714,79.72943226890428
NDL,22.2,11.00910603058342,88.99089396941659,0.11668819540706374,49.70314001340233,50.29685998659767,20.288567726973753,79.71143227302625
NDL,22.3,11.015385964746095,88.9846140352539,0.11720452752801887,49.726169212447275,50.27383078755272,20.30590915917177,79.69409084082824
NDL,22.4,11.021192134037628,88.97880786596237,0.11770890709207187,49.74972756012177,50.25027243987823,20.323982266478758,79.67601773352125
NDL,22.5,11.026890324605708,88.97310967539428,0.11822212045409838,49.77274935871992,50.22725064128009,20.34261166335557,79.65738833664443
NDL,22.6,11.03199516317762,88.96800483682237,0.11873558959683383,49.79522646808115,50.20477353191887,20.360760495093395,79.63923950490661
NDL,22.7,11.037011048709083,88.96298895129092,0.11925913301988164,49.81770452815173,50.18229547184827,20.37946555894567,79.62053444105433
NDL,22.8,11.041549675729643,88.95845032427036,0.11978009717699319,49.84018552623788,50.15981447376212,20.398209075023345,79.60179092497664
NDL,22.9,11.045661121958833,88.95433887804116,0.12030106309371622,49.862128910073245,50.13787108992675,20.41786829844989,79.58213170155011
NDL,23.0,11.049492704399286,88.9505072956007,0.12082156418186293,49.884617736109774,50.115382263890226,20.436689255562047,79.56331074443794
NDL,23.1,11.053054293657349,88.94694570634266,0.12135120534786104,49.90550141033024,50.094498589669755,20.456247994110928,79.54375200588908
NDL,23.2,11.05634546398211,88.94365453601789,0.12188048037248742,49.926931047454644,50.07306895254534,20.476546920818404,79.52345307918159
NDL,23.3,11.059081204350571,88.94091879564942,0.12240728047110443,49.94837212915997,50.05162787084003,20.496366942036115,79.50363305796387
NDL,23.4,11.061660470483037,88.93833952951698,0.1229455273645934,49.969824861582104,50.03017513841789,20.51674745330422,79.48325254669578
NDL,23.5,11.063862256350406,88.9361377436496,0.1234822061360088,49.99021624898023,50.009783751019775,20.53716866914568,79.46283133085433
NDL,23.6,11.065706671534652,88.93429332846536,0.12401858646176125,50.01116167306973,49.98883832693028,20.557631413912652,79.44236858608735
NDL,23.7,11.0673521496624,88.93264785033762,0.12456383296640082,50.031048203837315,49.968951796162685,20.578656512755018,79.42134348724498
NDL,23.8,11.068575514180637,88.93142448581936,0.12510912228115545,50.05149179138721,49.9485082086128,20.599384606477734,79.40061539352226
NDL,23.9,11.069578245643472,88.93042175435653,0.12565241018777643,50.07141577828841,49.92858422171158,20.620675631844605,79.3793243681554
NDL,24.0,11.07023186616254,88.92976813383746,0.1261965520662233,50.091362752854366,49.90863724714564,20.64182651284739,79.35817348715261
NDL,24.1,11.070526028982655,88.92947397101734,0.126748803558331,50.11079464814138,49.88920535185862,20.66409183590683,79.33590816409317
NDL,24.2,11.070544420255802,88.9294555797442,0.12730166424594472,50.13025036354588,49.86974963645413,20.685328279751676,79.31467172024833
NDL,24.3,11.07027679559974,88.92972320440026,0.12785281473099316,50.14973120022993,49.85026879977006,20.70749689497412,79.29250310502589
NDL,24.4,11.069754015200193,88.9302459847998,0.1284048024034824,50.16870093760406,49.83129906239595,20.72971080414247,79.27028919585753
NDL,24.5,11.068954677332778,88.93104532266722,0.12896584230042837,50.187697613756455,49.81230238624355,20.75196802014701,79.24803197985298
NDL,24.6,11.067762114054773,88.93223788594523,0.12952499951967614,50.206723592347224,49.79327640765277,20.774084610870602,79.2259153891294
NDL,24.7,11.066408987861994,88.93359101213801,0.13009455454887361,50.22524109983904,49.77475890016097,20.797139116593538,79.20286088340646
NDL,24.8,11.064958988453515,88.93504101154649,0.13065499481790896,50.2432450707459,49.75675492925409,20.82005277249732,79.17994722750267
NDL,24.9,11.063061374016527,88.93693862598347,0.13122358587591568,50.26182524860682,49.73817475139318,20.84338446602237,79.15661553397763
NDL,25.0,11.060673379487437,88.93932662051256,0.1317902226074113,50.27989983951111,49.7201001604889,20.866389254149357,79.13361074585063
NDL,25.1,11.058229671042392,88.9417703289576,0.1323685214734544,50.29800881139808,49.70199118860193,20.889626489540586,79.11037351045941
NDL,25.2,11.055486749457854,88.94451325054214,0.13294484445394208,50.3156069494747,49.6843930505253,20.912910376428233,79.08708962357176
NDL,25.3,11.05266664284459,88.9473333571554,0.133523001437478,50.333788906155284,49.66621109384471,20.936763605732704,79.06323639426729
NDL,25.4,11.049472098767813,88.95052790123218,0.1340994086019299,50.35092003695013,49.64907996304987,20.960851842878256,79.03914815712176
NDL,25.5,11.045892259132925,88.95410774086707,0.13468350891147415,50.36808871820496,49.63191128179504,20.984987408823265,79.01501259117674
NDL,25.6,11.042043069863833,88.95795693013616,0.13525866724975408,50.38584640434686,49.61415359565315,21.008981732292416,78.99101826770757
NDL,25.7,11.038105717871218,88.96189428212877,0.1358439654298142,50.40309510719473,49.59690489280526,21.03302285846613,78.96697714153387
NDL,25.8,11.03393027540699,88.966069724593,0.13643994036576826,50.41984315050681,49.58015684949321,21.05749138334713,78.94250861665287
NDL,25.9,11.029518633388822,88.97048136661118,0.13702382238481742,50.43608173598989,49.56391826401012,21.082341685645083,78.91765831435492
NDL,26.0,11.024772406724804,88.97522759327518,0.1376183737687271,50.452915007572194,49.547084992427806,21.106717811992993,78.89328218800699
NDL,26.1,11.019810903790923,88.98018909620909,0.13821066704924836,50.46923924768411,49.53076075231589,21.13185670646141,78.8681432935386
NDL,26.2,11.014695326068402,88.9853046739316,0.13881469979085428,50.48616166798078,49.51383833201922,21.157045019484194,78.8429549805158
NDL,26.3,11.009374123893863,88.99062587610614,0.13940816198672676,50.50257633689159,49.4974236631084,21.18209088540751,78.81790911459248
NDL,26.4,11.003591030499528,88.99640896950048,0.1400094798254648,50.518493520296694,49.481506479703306,21.207378554790644,78.79262144520936
NDL,26.5,10.997910374717803,89.0020896252822,0.1406125208329673,50.53444594057911,49.46555405942089,21.2327161513916,78.7672838486084
NDL,26.6,10.991766524215056,89.00823347578495,0.14122462771122388,50.550458093637985,49.44954190636202,21.257910412401483,78.74208958759851
NDL,26.7,10.985428280608936,89.01457171939106,0.1418250121711325,50.56596168873618,49.43403831126381,21.28425948717819,78.7157405128218
NDL,26.8,10.979085229564879,89.02091477043513,0.14243662653388794,50.582060427214806,49.417939572785194,21.31027205009548,78.68972794990452
NDL,26.9,10.972299631059796,89.0277003689402,0.14304791914650877,50.59766383876918,49.40233616123082,21.335811717937442,78.66418828206257
NDL,27.0,10.965520626447857,89.03447937355216,0.14366936125018331,50.612758164427404,49.387241835572596,21.362316199439192,78.63768380056082
NDL,27.1,10.958438835700237,89.04156116429976,0.14428012871085028,50.62790353486145,49.37209646513854,21.388482052258393,78.61151794774162
NDL,27.2,10.95108591106345,89.04891408893654,0.14489992265278043,50.643101094568934,49.356898905431066,21.414895152747732,78.58510484725227
NDL,27.3,10.943556876699478,89.05644312330053,0.1455203460223482,50.658352000830845,49.341647999169155,21.441360316314938,78.55863968368507
NDL,27.4,10.93593758971818,89.06406241028182,0.14615092143085598,50.67309346530025,49.32690653469975,21.46787784031674,78.53212215968327
NDL,27.5,10.928046836382377,89.07195316361762,0.1467711999908175,50.68788890103655,49.31211109896345,21.494645175605097,78.5053548243949
NDL,27.6,10.919863460090063,89.08013653990994,0.14740020553403085,50.70273962402981,49.29726037597019,21.521268178129784,78.47873182187021
NDL,27.7,10.911781200249575,89.08821879975044,0.14803098030098222,50.71707984541721,49.28292015458278,21.54866591039331,78.45133408960669
NDL,27.8,10.903427257438624,89.09657274256138,0.14866110010597508,50.73202730362837,49.26797269637163,21.57559374030863,78.42440625969137
NDL,27.9,10.894780503095076,89.10521949690494,0.14929993561979776,50.74648089703573,49.25351910296427,21.603099280725864,78.39690071927413
NDL,28.0,10.885861996638294,89.1141380033617,0.14993809189511256,50.76042291771397,49.23957708228603,21.630135207475842,78.36986479252414
NDL,28.1,10.877033688209318,89.12296631179069,0.15056820917464417,50.774975733707585,49.225024266292415,21.657749192992114,78.34225080700789
NDL,28.2,10.867836664726768,89.13216333527323,0.15121699691776974,50.789034463992465,49.21096553600753,21.685417570029365,78.31458242997064
NDL,28.3,10.858559119046332,89.14144088095367,0.1518567313488473,50.803134960386565,49.196865039613435,21.712616787568045,78.28738321243196
NDL,28.4,10.848999002795273,89.15100099720472,0.1525053028876411,50.816740533089714,49.183259466910286,21.740596054885653,78.25940394511434
NDL,28.5,10.839423575885748,89.16057642411424,0.1531443662851484,50.83038752253025,49.16961247746976,21.768429171701627,78.23157082829837
NDL,28.6,10.829681044452363,89.17031895554763,0.15379388899926827,50.84409534809854,49.155904651901466,21.79651987112525,78.20348012887476
NDL,28.7,10.819666297506592,89.18033370249341,0.1544523876729718,50.8578650569611,49.1421349430389,21.82486948705091,78.17513051294908
NDL,28.8,10.809643991114774,89.19035600888523,0.15510287151028435,50.87112007363428,49.12887992636571,21.852869806043696,78.1471301939563
NDL,28.9,10.799435790287363,89.20056420971264,0.1557621789292968,50.884996188162035,49.115003811837965,21.88112937714666,78.11887062285334
NDL,29.0,10.78894482057469,89.2110551794253,0.15642060123488927,50.8977975828292,49.10220241717081,21.90944572114046,78.09055427885954
NDL,29.1,10.778372699275373,89.22162730072462,0.15707964649680206,50.911221888757176,49.08877811124283,21.938023595065285,78.06197640493473
NDL,29.2,10.76771630625241,89.23228369374759,0.1577406967431497,50.92471143107089,49.07528856892912,21.96645417344566,78.03354582655435
NDL,29.3,10.756863477259648,89.24313652274036,0.15840069937696494,50.93768404095781,49.06231595904219,21.994941964191934,78.00505803580806
NDL,29.4,10.745998097928034,89.25400190207196,0.15906919130659838,50.95070029747828,49.04929970252172,22.024423113626405,77.97557688637359
NDL,29.5,10.734770431834182,89.26522956816582,0.15973846415947698,50.96321903520372,49.036780964796286,22.053026710609714,77.9469732893903
NDL,29.6,10.72346111778966,89.27653888221035,0.16040836853969334,50.97636780694569,49.023632193054326,22.081895077862644,77.91810492213736
NDL,29.7,10.71205962254403,89.28794037745597,0.1610787522977548,50.98899700272372,49.01100299727628,22.110822236360054,77.88917776363994
NDL,29.8,10.700642242951954,89.29935775704804,0.16175902207777323,51.002259758357084,48.99774024164291,22.140332111327357,77.85966788867263
NDL,29.9,10.688865405637998,89.311134594362,0.1624386724287382,51.014435450842065,48.985564549157935,22.169377448702335,77.83062255129765
NDL,30.0,10.677186868825515,89.32281313117447,0.1631105052905073,51.02665480956009,48.973345190439915,22.198482115034814,77.8015178849652
NDL,30.1,10.665214769759302,89.3347852302407,0.16379095958291284,51.03894226161736,48.96105773838265,22.22743682770582,77.77256317229418
NDL,30.2,10.65325775380069,89.34674224619931,0.16448178365593347,51.05186854464587,48.94813145535413,22.257603853921157,77.74239614607885
NDL,30.3,10.641007276470784,89.35899272352921,0.1651617603651275,51.06427187566659,48.935728124333416,22.28688814193829,77.71311185806171
NDL,30.4,10.628778013784768,89.37122198621522,0.16585371895959047,51.076149792971556,48.923850207028444,22.31644358033142,77.68355641966856
NDL,30.5,10.616435177563648,89.38356482243636,0.16653611459941173,51.088097504024574,48.911902495975426,22.34637217442665,77.65362782557334
NDL,30.6,10.603813526568489,89.3961864734315,0.16722580765092818,51.10009050563329,48.8999094943667,22.376049676462937,77.62395032353707
NDL,30.7,10.59121840106812,89.40878159893188,0.16792914715814017,51.1121552400537,48.88784475994629,22.405788863537452,77.59421113646255
NDL,30.8,10.578529993956503,89.4214700060435,0.16862325437079417,51.12369115051965,48.87630884948036,22.43558977961989,77.56441022038013
NDL,30.9,10.565722112755523,89.43427788724449,0.1693158889592108,51.1358749302548,48.86412506974521,22.46597616242731,77.53402383757269
NDL,31.0,10.55274413975058,89.44725586024943,0.17001909396393838,51.14752919093755,48.85247080906245,22.49590130751891,77.50409869248108
NDL,31.1,10.539759992245177,89.46024000775482,0.17072263489865935,51.159229444200335,48.84077055579967,22.52588883213359,77.47411116786641
NDL,31.2,10.526492515680182,89.47350748431981,0.1714251747361062,51.171003684817585,48.82899631518242,22.555938856734844,77.44406114326516
NDL,31.3,10.51334699512895,89.48665300487104,0.17213173287358788,51.182853311825895,48.8171466881741,22.587006120367004,77.41299387963299
NDL,31.4,10.499979735288566,89.50002026471144,0.17283510708675726,51.19414136845511,48.80585863154489,22.617182946817387,77.38281705318259
NDL,31.5,10.486533914906303,89.51346608509368,0.17355059841530032,51.20550386067341,48.7944961393266,22.647422862942275,77.35257713705774
NDL,31.6,10.472906798023349,89.52709320197665,0.17425701845295036,51.216942177190774,48.78305782280922,22.677726214213266,77.32227378578675
NDL,31.7,10.459268508271911,89.54073149172808,0.174971840914788,51.22781413358338,48.77218586641662,22.708310684260887,77.2916893157391
NDL,31.8,10.445652902389298,89.55434709761072,0.17569077570831626,51.23876094060036,48.761239059399635,22.738959956472165,77.26104004352783
NDL,31.9,10.431728825104434,89.56827117489556,0.17640663502112533,51.25037053220368,48.74962946779631,22.769455553435588,77.23054444656441
NDL,32.0,10.41772078929263,89.58227921070737,0.17712318175442976,51.26144154362615,48.73855845637386,22.800234519152575,77.19976548084743
NDL,32.1,10.403909387970637,89.59609061202937,0.17785332166757442,51.27255984007074,48.727440159929266,22.831078903488454,77.16892109651154
NDL,32.2,10.389800098847415,89.61019990115258,0.17857074948422316,51.283135642952594,48.716864357047406,22.861988839929637,77.13801116007036
NDL,32.3,10.375707991757869,89.62429200824212,0.17930040494276825,51.29437971479079,48.7056202852092,22.893185488003496,77.10681451199652
NDL,32.4,10.361510961834599,89.6384890381654,0.18003043007180736,51.30508028920345,48.694919710796555,22.924227838407905,77.0757721615921
NDL,32.5,10.34703012867128,89.65296987132871,0.18075941053043815,51.316453268340446,48.68354673165957,22.954591688811178,77.04540831118884
NDL,32.6,10.332842274542822,89.66715772545719,0.18149230078710082,51.32665476734775,48.673345232652245,22.985988682709127,77.01401131729087
NDL,32.7,10.318269374300666,89.68173062569933,0.18222236951956194,51.33693410388681,48.66306589611319,23.017453365767647,76.98254663423234
NDL,32.8,10.30380321451982,89.69619678548018,0.18295656125560922,51.34788969440491,48.65211030559507,23.048986031071973,76.95101396892802
NDL,32.9,10.289228548916828,89.71077145108318,0.1836991407846522,51.35826303428538,48.64173696571462,23.07984013898068,76.92015986101931
NDL,33.0,10.274558483640009,89.72544151636,0.1844324899005091,51.36871685615453,48.63128314384548,23.111508855664837,76.88849114433516
NDL,33.1,10.259792892470662,89.74020710752933,0.1851761989503931,51.379218340703304,48.62078165929668,23.14249844542392,76.85750155457607
NDL,33.2,10.245032078720623,89.75496792127939,0.18592230002506907,51.38980235627641,48.61019764372359,23.174304172186606,76.82569582781339
NDL,33.3,10.230074969283784,89.76992503071621,0.1866671594266646,51.40043531446722,48.599564685532776,23.205430129830372,76.79456987016964
NDL,33.4,10.215021994241171,89.78497800575882,0.18741259405783903,51.4105132122272,48.58948678777279,23.23662446128457,76.76337553871544
NDL,33.5,10.20007113134009,89.7999288686599,0.18816045211852545,51.42063818371534,48.57936181628465,23.268114516995304,76.73188548300469
NDL,33.6,10.185112088409316,89.81488791159067,0.18891853193370228,51.43020362887128,48.56979637112871,23.30042477367463,76.69957522632538
NDL,33.7,10.169968521292459,89.83003147870754,0.18966758707363648,51.4404587252319,48.559541274768094,23.33205523394859,76.6679447660514
NDL,33.8,10.154806635947464,89.84519336405255,0.19042668629698703,51.45076276043719,48.549237239562814,23.36352705537184,76.63647294462815
NDL,33.9,10.139667631432363,89.86033236856764,0.1911788257731499,51.460504827443266,48.53949517255673,23.39552737346356,76.60447262653646
NDL,34.0,10.124233973267643,89.87576602673236,0.19193952491319144,51.470943344375165,48.529056655624835,23.426617097917838,76.57338290208216
NDL,34.1,10.108889944032526,89.89111005596747,0.19270065004702372,51.48016747829237,48.51983252170763,23.458760426040136,76.54123957395986
NDL,34.2,10.093538255460148,89.90646174453985,0.19346410280014467,51.490089364007815,48.50991063599218,23.490744774478475,76.50925522552151
NDL,34.3,10.078177679632134,89.92182232036787,0.19422799836519442,51.50005981485559,48.49994018514441,23.522800556576794,76.4771994434232
NDL,34.4,10.062641238071603,89.9373587619284,0.1949929123291834,51.5094613308751,48.490538669124895,23.554406091430312,76.44559390856968
NDL,34.5,10.04709570514425,89.95290429485576,0.1957681108367055,51.51956748310516,48.48043251689482,23.586838635897422,76.41316136410258
NDL,34.6,10.03153120284294,89.96846879715706,0.1965337315753156,51.52906407551912,48.47093592448088,23.6183553308177,76.38164466918231
NDL,34.7,10.015888937167217,89.98411106283278,0.19731216625261092,51.538647430541715,48.461352569458285,23.650177639203577,76.34982236079641
NDL,34.8,10.000325744854553,89.99967425514545,0.1980810360911262,51.54827902331513,48.45172097668487,23.682829312542307,76.3171706874577
NDL,34.9,9.984487156118071,90.01551284388192,0.1988608093728675,51.5579994239322,48.442000576067805,23.714797891107313,76.28520210889269
NDL,35.0,9.96873736719056,90.03126263280944,0.19964106197940495,51.56710247749522,48.43289752250477,23.747075752722672,76.25292424727732
NDL,35.1,9.953075979859879,90.04692402014012,0.20041391521976568,51.576251880661104,48.423748119338896,23.779428210532878,76.22057178946713
NDL,35.2,9.937109577374454,90.06289042262556,0.201195133117744,51.58548934303197,48.41451065696803,23.811381357571566,76.18861864242844
NDL,35.3,9.921339579337198,90.0786604206628,0.20197902240903653,51.595405627580824,48.40459437241918,23.843882815526506,76.15611718447349
NDL,35.4,9.905292964559983,90.09470703544002,0.2027640111589519,51.604108163873306,48.39589183612669,23.875699866255726,76.12430013374427
NDL,35.5,9.88941385307685,90.11058614692314,0.2035491032593393,51.61349020557965,48.38650979442035,23.90835192649288,76.09164807350712
NDL,35.6,9.873355199786726,90.12664480021327,0.2043471892073438,51.6229639008486,48.3770360991514,23.940318979250964,76.05968102074904
NDL,35.7,9.857366552604766,90.14263344739523,0.20513350264142535,51.631807519300324,48.36819248069969,23.973122769831644,76.02687723016835
NDL,35.8,9.841286766959174,90.15871323304083,0.20592276136594342,51.641379794698416,48.35862020530158,24.00524087925536,75.99475912074463
NDL,35.9,9.825293361465556,90.17470663853445,0.2067244677124085,51.64967867912823,48.350321320871764,24.037434629355012,75.96256537064498
NDL,36.0,9.809112615286676,90.19088738471332,0.20751520006145513,51.658707671922684,48.341292328077316,24.069946265251602,75.9300537347484
NDL,36.1,9.793114686212908,90.20688531378708,0.2083204679057368,51.667785187865334,48.33221481213466,24.10253537913319,75.89746462086681
NDL,36.2,9.776902346082332,90.22309765391766,0.2091120744067781,51.67691148847964,48.32308851152037,24.13495888272477,75.86504111727523
NDL,36.3,9.760696125711247,90.23930387428875,0.20991659563509074,51.68544034962608,48.314559650373916,24.167702932767853,75.83229706723213
NDL,36.4,9.744575143543821,90.25542485645617,0.21072375968310755,51.694015657849576,48.30598434215042,24.200525290632466,75.79947470936753
NDL,36.5,9.72826393294765,90.27173606705234,0.21152201757981456,51.70333347516702,48.29666652483297,24.23265983807804,75.76734016192196
NDL,36.6,9.712216082673976,90.28778391732601,0.21233243414286243,51.71200470128564,48.28799529871435,24.265638917996853,75.73436108200315
NDL,36.7,9.695792001054944,90.30420799894505,0.2131419666889354,51.7207699729333,48.27923002706671,24.29792957092979,75.70207042907022
NDL,36.8,9.679551174397155,90.32044882560284,0.21395420225331602,51.7295839757753,48.270416024224694,24.331313456171902,75.66868654382809
NDL,36.9,9.663192952387774,90.33680704761223,0.21476469630660044,51.73774298518694,48.26225701481306,24.36376197413081,75.63623802586919
NDL,37.0,9.646934325992449,90.35306567400755,0.2155804764080187,51.746653458698,48.25334654130201,24.39653753662361,75.60346246337637
NDL,37.1,9.630564094237618,90.36943590576239,0.21639687819237363,51.754953619213694,48.24504638078631,24.429144470437976,75.57085552956202
NDL,37.2,9.614095512108973,90.38590448789103,0.21721196187848343,51.76330061430906,48.23669938569093,24.462080221803205,75.5379197781968
NDL,37.3,9.597715529935028,90.40228447006497,0.21803219908075655,51.771694906676935,48.22830509332307,24.494325897020943,75.50567410297906
NDL,37.4,9.581317309801623,90.41868269019837,0.2188506902040571,51.78013676458064,48.21986323541936,24.527423126851435,75.47257687314857
NDL,37.5,9.56500679424373,90.43499320575627,0.2196743919936575,51.78862665957038,48.21137334042962,24.559829567312992,75.440170432687
NDL,37.6,9.548588198709757,90.45141180129023,0.22050650829313684,51.796496047412596,48.203503952587404,24.593089469236453,75.40691053076355
NDL,37.7,9.532251482370595,90.4677485176294,0.22133153574650918,51.80508139475841,48.1949186052416,24.625657871449263,75.37434212855074
NDL,37.8,9.515721534831718,90.48427846516829,0.22215767181616705,51.81376671124023,48.18623328875978,24.658307509789445,75.34169249021055
NDL,37.9,9.499277707017576,90.50072229298243,0.22298447892207438,51.821777025716464,48.17822297428353,24.69129255570186,75.30870744429812
NDL,38.0,9.482905529893463,90.51709447010653,0.22382392157560302,51.82983387996053,48.17016612003947,24.724106076741485,75.27589392325852
NDL,38.1,9.466348808627277,90.53365119137273,0.22465477105278667,51.837989298017405,48.16201070198258,24.757256935302568,75.24274306469744
NDL,38.2,9.449764882788502,90.5502351172115,0.22548361944208653,51.846140559596336,48.153859440403664,24.789458736728946,75.21054126327105
NDL,38.3,9.433459056188537,90.56654094381146,0.2263301076268867,51.853657756020766,48.146342243979234,24.822776022487357,75.17722397751264
NDL,38.4,9.416864314592983,90.58313568540702,0.22716554957367616,51.86195585559401,48.13804414440598,24.855399600146498,75.1446003998535
NDL,38.5,9.400345734470886,90.59965426552913,0.2280014826179603,51.869564416908275,48.130435583091725,24.88810662370134,75.11189337629867
NDL,38.6,9.383906653862232,90.61609334613777,0.22885040144519517,51.877959212604075,48.12204078739592,24.921676454478675,75.07832354552131
NDL,38.7,9.367462506781939,90.63253749321805,0.22969030797247342,51.88566071439721,48.114339285602796,24.95481109713367,75.04518890286633
NDL,38.8,9.350906810742025,90.64909318925798,0.2305334886455762,51.894153995886896,48.105846004113104,24.986990729554424,75.01300927044558
NDL,38.9,9.334426807418495,90.6655731925815,0.23138719686456913,51.901256722678404,48.09874327732159,25.020034954869697,74.97996504513029
NDL,39.0,9.317848082281136,90.68215191771887,0.23222958351763767,51.90984829118786,48.09015170881214,25.053425542909537,74.94657445709046
NDL,39.1,9.301350093126178,90.69864990687383,0.2330776126818459,51.91704150709434,48.08295849290566,25.086120222514253,74.91387977748576
NDL,39.2,9.2848275243063,90.71517247569369,0.23393620433354842,51.92503369531865,48.07496630468134,25.11942101428812,74.88057898571189
NDL,39.3,9.268298965130235,90.73170103486977,0.2347858105000598,51.932316990216535,48.06768300978346,25.152287292715485,74.84771270728451
NDL,39.4,9.251847780276286,90.7481522197237,0.23563856603968553,51.93964470607004,48.06035529392995,25.18523983910299,74.81476016089701
NDL,39.5,9.235382604662448,90.76461739533754,0.23649473813548103,51.94777995197929,48.052220048020715,25.21827907166993,74.78172092833006
NDL,39.6,9.218890802646817,90.78110919735319,0.23735891436052411,51.95520032274512,48.044799677254865,25.251139814179446,74.74886018582055
NDL,39.7,9.202311975639354,90.79768802436064,0.23821722137721793,51.9634339277817,48.03656607221829,25.28383220401772,74.71616779598229
NDL,39.8,9.18579893739298,90.81420106260701,0.23907588591312096,51.97023696267051,48.029763037329495,25.317132787743585,74.68286721225641
NDL,39.9,9.169371170006798,90.8306288299932,0.23993803628336996,51.97779617382088,48.02220382617913,25.35000098233407,74.64999901766593
NDL,40.0,9.15291786923422,90.84708213076578,0.24080080242135202,51.984686482992835,48.01531351700717,25.383477981484244,74.61652201851577
NDL,40.1,9.136448736337046,90.86355126366296,0.24167715276337126,51.99311553249414,48.00688446750586,25.416254197113997,74.583745802886
NDL,40.2,9.119880330057116,90.88011966994289,0.24254213810202094,52.000097386062336,47.999902613937664,25.449387957282056,74.55061204271794
NDL,40.3,9.103469322315371,90.89653067768464,0.24340994690079093,52.00784544782269,47.99215455217731,25.482340598429403,74.5176594015706
NDL,40.4,9.086950094037617,90.91304990596238,0.2442815882934026,52.01491796173925,47.98508203826074,25.51459013534128,74.48540986465872
NDL,40.5,9.070605834158059,90.92939416584194,0.2451566059260173,52.02203532700579,47.977964672994204,25.547991166374885,74.45200883362511
NDL,40.6,9.054070431140799,90.94592956885921,0.2460305674261866,52.029197970897975,47.97080202910203,25.5809622537384,74.41903774626161
NDL,40.7,9.037682429581565,90.96231757041842,0.24690718523749533,52.03640639923989,47.963593600760106,25.614271417714217,74.38572858228578
NDL,40.8,9.021285402957846,90.97871459704216,0.2477877324060302,52.043660977624484,47.9563390223755,25.64714992385332,74.35285007614667
NDL,40.9,9.004871568941324,90.99512843105867,0.24865637616436112,52.05016381173404,47.94983618826596,25.68011867040828,74.31988132959172
NDL,41.0,8.98853110094391,91.0114688990561,0.2495385657187729,52.058247166143445,47.941752833856555,25.713177948940576,74.28682205105943
NDL,41.1,8.972171625252532,91.02782837474747,0.25042449539500566,52.065642596540506,47.93435740345949,25.74632821210077,74.25367178789924
NDL,41.2,8.955711040956608,91.0442889590434,0.25131191357038757,52.071537206430776,47.92846279356923,25.77904926684118,74.22095073315882
NDL,41.3,8.939405738316971,91.06059426168304,0.2521922404222563,52.07902406198578,47.920975938014216,25.812382547525143,74.18761745247487
NDL,41.4,8.923082053768981,91.07691794623103,0.2530836847519395,52.085747833284614,47.91425216671539,25.8450088862351,74.15499111376491
NDL,41.5,8.906746936033247,91.09325306396676,0.25396909213491964,52.09333020015288,47.906669799847116,25.878005436372533,74.12199456362747
NDL,41.6,8.890386208438942,91.10961379156105,0.2548625570777919,52.1001448898441,47.89985511015591,25.91081481622151,74.0891851837785
NDL,41.7,8.874097004666686,91.12590299533332,0.2557494834011297,52.107004286553774,47.89299571344622,25.94371588024687,74.05628411975313
NDL,41.8,8.857887950417288,91.1421120495827,0.2566504430105392,52.11390890652265,47.886091093477354,25.97699055243501,74.02300944756499
NDL,41.9,8.841567317808666,91.15843268219133,0.2575425678208698,52.12085912101864,47.87914087898136,26.009556369636456,73.99044363036353
NDL,42.0,8.82532012432686,91.17467987567314,0.25843547967219865,52.12785538237188,47.872144617628116,26.043018604221814,73.95698139577819
NDL,42.1,8.809131301199407,91.19086869880059,0.25933471351816834,52.13489822526418,47.86510177473583,26.07548756680515,73.92451243319485
NDL,42.2,8.792935069894519,91.20706493010549,0.26024256633054016,52.14115357734338,47.85884642265661,26.108333105573976,73.89166689442604
NDL,42.3,8.776715952605695,91.22328404739432,0.26114425138454006,52.148288006051644,47.85171199394835,26.141272727337807,73.85872727266221
NDL,42.4,8.760569968357494,91.2394300316425,0.26204676974530383,52.154629997808414,47.84537000219159,26.174306674651127,73.82569332534888
NDL,42.5,8.744400448180059,91.25559955181994,0.26294314490000315,52.161857840368974,47.83814215963102,26.207435595525798,73.7925644044742
NDL,42.6,8.728303915541272,91.27169608445872,0.26385056148329455,52.168288320261226,47.83171167973878,26.240659656248482,73.75934034375152
NDL,42.7,8.712174288957915,91.28782571104207,0.2647618054035881,52.1747622845404,47.82523771545961,26.27288192370521,73.72711807629479
NDL,42.8,8.695953287642116,91.30404671235787,0.26566181936928956,52.18128009604462,47.81871990395538,26.30577532073257,73.69422467926742
NDL,42.9,8.679973867927556,91.32002613207244,0.2665780735361297,52.187842279249054,47.81215772075096,26.339286080365092,73.6607139196349
NDL,43.0,8.663889413808743,91.33611058619125,0.26748582810679855,52.194449129949575,47.805550870050425,26.372372746674134,73.62762725332587
NDL,43.1,8.647855026720542,91.35214497327947,0.26840717886165705,52.200240245548216,47.79975975445179,26.404161418781168,73.59583858121883
NDL,43.2,8.63181736715272,91.36818263284727,0.26932004807078486,52.206934986926825,47.79306501307318,26.437440683207843,73.56255931679216
NDL,43.3,8.615848822285331,91.38415117771468,0.27023051576566937,52.21360231439364,47.78639768560637,26.470524980932495,73.52947501906749
NDL,43.4,8.599945660737381,91.40005433926261,0.27115132497388217,52.21951908174335,47.78048091825664,26.503185246171903,73.4968147538281
NDL,43.5,8.584017891046335,91.41598210895367,0.27207003218099235,52.22627562332537,47.77372437667464,26.535648139782854,73.46435186021716
NDL,43.6,8.567983905103683,91.43201609489631,0.27299052176508154,52.23227725570321,47.76772274429678,26.568502704134627,73.43149729586538
NDL,43.7,8.552007560116733,91.44799243988327,0.27391477228276573,52.23832052907548,47.761679470924534,26.601159078214625,73.39884092178536
NDL,43.8,8.536191324389153,91.46380867561084,0.2748325393954745,52.245212974192626,47.75478702580738,26.63391252027652,73.36608747972349
NDL,43.9,8.520535079329488,91.47946492067051,0.27576440470864505,52.25126745281157,47.74873254718843,26.666763380883584,73.33323661911642
NDL,44.0,8.504495752480295,91.4955042475197,0.2766855681414876,52.25744086475167,47.74255913524833,26.699190756649482,73.30080924335051
NDL,44.1,8.488804441869267,91.51119555813074,0.27762030509102786,52.26358057209002,47.73641942790997,26.73253731963694,73.26746268036307
NDL,44.2,8.472996871979447,91.52700312802055,0.27854632925608885,52.26976320425894,47.73023679574105,26.76516240825321,73.23483759174678
NDL,44.3,8.457236959378546,91.54276304062144,0.2794759562454171,52.27598937710567,47.72401062289433,26.797284365012835,73.20271563498717
NDL,44.4,8.441472131345362,91.55852786865464,0.2804074803396017,52.28225946805685,47.71774053194315,26.83010651581948,73.16989348418052
NDL,44.5,8.425771898326966,91.57422810167303,0.28134323598259636,52.28857394253055,47.71142605746946,26.86302865668698,73.13697134331302
NDL,44.6,8.410135913510262,91.58986408648974,0.28227292547998156,52.2940245594963,47.705975440503714,26.895225942036777,73.10477405796321
NDL,44.7,8.394484937465915,91.60551506253408,0.2832110996737126,52.301257757571875,47.69874224242813,26.92834863440846,73.07165136559153
NDL,44.8,8.378794564757202,91.62120543524279,0.28414321983876745,52.30679233597926,47.69320766402074,26.960440216243846,73.03955978375616
NDL,44.9,8.36327141255262,91.63672858744738,0.2850900188080293,52.31320405177704,47.686795948222965,26.9929363817296,73.0070636182704
NDL,45.0,8.347630151503003,91.65236984849699,0.2860281573675177,52.31882113922654,47.68117886077346,27.025533045148247,72.97446695485175
NDL,45.1,8.332155759692167,91.66784424030784,0.2869671000372777,52.32439642405521,47.67560357594478,27.05823067292572,72.94176932707428
NDL,45.2,8.316727206401438,91.68327279359856,0.2879134186667718,52.33094050181031,47.66905949818969,27.09072105828692,72.90927894171308
NDL,45.3,8.301102135761225,91.69889786423879,0.2888587855869961,52.335750260267645,47.66424973973235,27.12278951681235,72.87721048318765
NDL,45.4,8.285730263507181,91.71426973649281,0.2897975985372524,52.34144695704509,47.6585530429549,27.155791091120445,72.84420890887955
NDL,45.5,8.270420882914804,91.72957911708521,0.2907512827473699,52.34803988281554,47.65196011718445,27.188062012674653,72.81193798732535
NDL,45.6,8.254897595304984,91.74510240469502,0.29169299903693435,52.353822466456336,47.64617753354366,27.220122402711112,72.77987759728889
NDL,45.7,8.239444918079416,91.76055508192059,0.2926499388608473,52.35964706781634,47.640352932183646,27.252595894080706,72.74740410591929
NDL,45.8,8.224245374621084,91.77575462537891,0.2936003915151677,52.365428503679766,47.63457149632023,27.285171903393902,72.71482809660611
NDL,45.9,8.209011724618561,91.79098827538145,0.29455572644547684,52.3703848399357,47.62961516006431,27.317850832139996,72.68214916786
NDL,46.0,8.193572153830361,91.80642784616964,0.2954993670950658,52.37720455159107,47.62279544840894,27.349794855705266,72.65020514429473
NDL,46.1,8.178481638557706,91.8215183614423,0.29645712815190145,52.38215324693897,47.61784675306103,27.382680143095158,72.61731985690486
NDL,46.2,8.163260202400277,91.83673979759973,0.2974096933092366,52.388102285720784,47.61189771427921,27.414829676947495,72.58517032305251
NDL,46.3,8.148005471460188,91.85199452853982,0.2983739684058949,52.39409515427474,47.60590484572527,27.446763980469672,72.55323601953032
NDL,46.4,8.132830743329647,91.86716925667035,0.29932933128403383,52.39916081392867,47.60083918607134,27.47911905769919,72.5208809423008
NDL,46.5,8.117716469633812,91.8822835303662,0.30028939924075304,52.40426389463979,47.59573610536022,27.511578090983612,72.48842190901638
NDL,46.6,8.102662314370944,91.89733768562905,0.30125421419159365,52.41029358551216,47.589706414487836,27.543297446252403,72.4567025537476
NDL,46.7,8.087574499272376,91.91242550072761,0.30222032541855326,52.41547596220049,47.58452403779951,27.575643169814345,72.42435683018566
NDL,46.8,8.072554843823934,91.92744515617606,0.30318104326980494,52.421592304459175,47.57840769554082,27.60756918726833,72.39243081273166
NDL,46.9,8.057521679130295,91.9424783208697,0.3041398699761094,52.426764114784085,47.57323588521591,27.639599195627568,72.36040080437243
NDL,47.0,8.042539589716831,91.95746041028318,0.30511372845149454,52.4319744488239,47.56802555117611,27.6714092601037,72.3285907398963
NDL,47.1,8.027709837959517,91.97229016204048,0.30608547186086366,52.43722373757513,47.562776262424876,27.703647870454407,72.2963521295456
NDL,47.2,8.01278224013809,91.98721775986192,0.30705210319677967,52.44342064731743,47.55657935268257,27.735992002643528,72.26400799735647
NDL,47.3,7.997901067738375,92.00209893226163,0.3080166463825272,52.4487524749254,47.551247525074594,27.768442175070273,72.23155782492972
NDL,47.4,7.983091203341856,92.01690879665814,0.3089931152313094,52.45403008345555,47.545969916544436,27.800146746375816,72.19985325362418
NDL,47.5,7.968247107775003,92.031752892225,0.3099603793396366,52.459347426171654,47.540652573828346,27.83162743475919,72.16837256524082
NDL,47.6,7.9534565382132145,92.04654346178678,0.3109365723779085,52.46378334372338,47.53621665627662,27.863541767837578,72.13645823216243
NDL,47.7,7.938750476769889,92.06124952323012,0.31191054708358884,52.47010274406699,47.529897255933015,27.895562098042355,72.10443790195764
NDL,47.8,7.923996424956559,92.07600357504344,0.3128895618976203,52.47554172633079,47.5244582736692,27.927357343488712,72.07264265651129
NDL,47.9,7.909397718939795,92.09060228106021,0.3138733283261065,52.47999321838507,47.52000678161493,27.959257868784526,72.04074213121547
NDL,48.0,7.894794948633507,92.1052050513665,0.3148449037039726,52.485413658656775,47.51458634134322,27.991597754676178,72.00840224532382
NDL,48.1,7.8802356828569575,92.11976431714305,0.3158252735149164,52.490875315410726,47.50912468458926,28.023186486819622,71.97681351318037
NDL,48.2,7.865557571759926,92.13444242824008,0.3168037347351185,52.496378753640016,47.50362124635998,28.05454641490251,71.94545358509748
NDL,48.3,7.8511328493627754,92.14886715063722,0.31778668158762396,52.50087917265729,47.49912082734273,28.08687304117666,71.91312695882334
NDL,48.4,7.8365770195826965,92.1634229804173,0.3187758515144695,52.506463211346144,47.493536788653856,28.11878247478078,71.88121752521923
NDL,48.5,7.821985717185227,92.17801428281477,0.3197665238449641,52.511037036753535,47.488962963246465,28.149598154856196,71.8504018451438
NDL,48.6,7.807647686772618,92.19235231322739,0.3207510987178646,52.51660226033658,47.48339773966342,28.181383300943256,71.81861669905675
NDL,48.7,7.793389632280878,92.20661036771911,0.3217375269950189,52.52114873069515,47.47885126930484,28.213616160750455,71.78638383924955
NDL,48.8,7.778898924328037,92.22110107567197,0.322726159452682,52.52679583586407,47.473204164135936,28.24475070506845,71.75524929493156
NDL,48.9,7.764562918043841,92.23543708195616,0.32371978060483986,52.53141684396061,47.46858315603938,28.27599168943043,71.72400831056956
NDL,49.0,7.750298489201131,92.24970151079887,0.32470422435900037,52.53607357066039,47.4639264293396,28.30820858646642,71.69179141353358
NDL,49.1,7.736098203987764,92.26390179601222,0.32569439384156357,52.541740679294136,47.45825932070586,28.340009079207075,71.65999092079294
NDL,49.2,7.721762988706892,92.2782370112931,0.32669722573107124,52.54539123992373,47.45460876007626,28.370703084270865,71.62929691572913
NDL,49.3,7.707582221045624,92.29241777895439,0.3276944146694348,52.551138864408344,47.44886113559167,28.402375864501224,71.59762413549878
NDL,49.4,7.693473098044492,92.30652690195551,0.32868243378734885,52.55584007030748,47.44415992969252,28.434157766912627,71.56584223308738
NDL,49.5,7.679419140526784,92.32058085947321,0.32968671891129586,52.56156698091606,47.438433019083945,28.465174671015376,71.53482532898462
NDL,49.6,7.665254639830529,92.33474536016945,0.330678636343264,52.56524570822886,47.434754291771156,28.496299483230082,71.50370051676992
NDL,49.7,7.651236482001411,92.3487635179986,0.3316753647453783,52.571054338213784,47.428945661786216,28.528059871424617,71.47194012857538
NDL,49.8,7.637363945954006,92.36263605404599,0.3326816198095117,52.575799622268825,47.424200377731175,28.559402521251677,71.44059747874833
NDL,49.9,7.623380787302233,92.37661921269778,0.33368630447333325,52.58058218607404,47.41941781392596,28.590854869552395,71.4091451304476
NDL,50.0,7.609343648231396,92.39065635176861,0.3346857998855941,52.58540236866154,47.41459763133847,28.62118397079466,71.37881602920535
NDL,50.1,7.595404278945931,92.40459572105408,0.3356833222912366,52.58913849643747,47.41086150356253,28.652855284671077,71.34714471532892
NDL,50.2,7.5816014757470285,92.41839852425298,0.3366901591496141,52.593919758750765,47.40608024124924,28.683755211183374,71.31624478881662
NDL,50.3,7.567862528283103,92.4321374717169,0.3376983319599245,52.598738867056824,47.40126113294318,28.715292759082335,71.28470724091767
NDL,50.4,7.554003029830933,92.44599697016906,0.3387093119789751,52.60359606529734,47.39640393470266,28.746412795893665,71.25358720410634
NDL,50.5,7.540188868878854,92.45981113112114,0.33971481549459404,52.608491806854815,47.39150819314518,28.777285501624778,71.22271449837521
NDL,50.6,7.526537001714613,92.4734629982854,0.3407261260403585,52.6122816041763,47.38771839582369,28.80862680481054,71.19137319518946
NDL,50.7,7.512858930556035,92.48714106944395,0.3417347189324523,52.61713695902716,47.38286304097284,28.839359767925878,71.16064023207413
NDL,50.8,7.499149681129152,92.50085031887085,0.342750276073551,52.62203098024245,47.377969019757536,28.87003374461244,71.12996625538756
NDL,50.9,7.485586330517874,92.51441366948214,0.34376004918495034,52.62696413027289,47.37303586972711,28.901347381126403,71.0986526188736
NDL,51.0,7.4719123125655384,92.52808768743446,0.3447791451052006,52.63077300512735,47.36922699487265,28.93188052701097,71.06811947298903
NDL,51.1,7.458474286205116,92.54152571379488,0.34579663352980156,52.63461232520299,47.36538767479702,28.963416974750956,71.03658302524904
NDL,51.2,7.444925653520277,92.55507434647971,0.3468125097019639,52.63953827082847,47.36046172917154,28.994171710977625,71.00582828902238
NDL,51.3,7.431511317727628,92.56848868227236,0.3478272124552452,52.64450379164335,47.35549620835665,29.02503757423574,70.97496242576426
NDL,51.4,7.417884412612268,92.58211558738773,0.348840676940006,52.649509365172285,47.350490634827715,29.055118031275303,70.94488196872469
NDL,51.5,7.404586649481608,92.59541335051838,0.34987388457863977,52.653367484061334,47.346632515938666,29.085838162921952,70.91416183707805
NDL,51.6,7.391288336058764,92.60871166394125,0.3508834686291984,52.65832915689542,47.34167084310458,29.11703865209516,70.88296134790484
NDL,51.7,7.377838054889834,92.62216194511016,0.35191094401336415,52.662254347574525,47.33774565242548,29.147451841284617,70.8525481587154
NDL,51.8,7.364656739526314,92.63534326047368,0.352928092681325,52.666089798811896,47.33391020118809,29.178507150924464,70.82149284907553
NDL,51.9,7.351527602756347,92.64847239724365,0.3539624516777169,52.671041251718705,47.328958748281295,29.208771666515204,70.7912283334848
NDL,52.0,7.338266645861452,92.66173335413855,0.35497737893760745,52.67494340167222,47.325056598327784,29.239146938144522,70.76085306185547
NDL,52.1,7.324976052294006,92.675023947706,0.35600565362591313,52.67887740836983,47.321122591630186,29.269633574295717,70.73036642570429
NDL,52.2,7.311847715165082,92.68815228483491,0.357040189629812,52.68394157163414,47.31605842836586,29.30060805839725,70.69939194160276
NDL,52.3,7.2986815758281045,92.7013184241719,0.3580655655806909,52.68781951245192,47.31218048754808,29.330411809484403,70.6695881905156
NDL,52.4,7.28577276095964,92.71422723904035,0.35909645557155034,52.692835862904694,47.3071641370953,29.36123595894224,70.63876404105775
NDL,52.5,7.272628087105415,92.72737191289458,0.3601193724216534,52.69678199176967,47.30321800823033,29.391262922304335,70.60873707769566
NDL,52.6,7.259844171435932,92.74015582856407,0.3611585908632956,52.7006331183582,47.299366881641795,29.422314020051203,70.5776859799488
NDL,52.7,7.24673490542604,92.75326509457396,0.3621854182470751,52.70576385093442,47.294236149065576,29.452185177608193,70.54781482239181
NDL,52.8,7.233788063218624,92.76621193678137,0.3632186547621633,52.70968353452429,47.29031646547571,29.482549801077607,70.51745019892239
NDL,52.9,7.2209876178532735,92.77901238214673,0.3642575428651373,52.71237685467055,47.28762314532944,29.512644475648464,70.48735552435154
NDL,53.0,7.208165333825862,92.79183466617414,0.36528807445477357,52.71748970035151,47.28251029964849,29.543236083399226,70.45676391660078
NDL,53.1,7.195304953921385,92.8046950460786,0.3663318158158428,52.721375533413664,47.278624466586336,29.57263788908211,70.42736211091788
NDL,53.2,7.1825991918519,92.81740080814811,0.3673704921725247,52.72529353057159,47.27470646942841,29.603070824038912,70.39692917596109
NDL,53.3,7.169759094546178,92.83024090545383,0.36840080647910556,52.729243860460265,47.270756139539735,29.632696189914277,70.36730381008573
NDL,53.4,7.157073462785579,92.84292653721442,0.3694485493167977,52.73322692497005,47.26677307502996,29.66335643741726,70.33664356258275
NDL,53.5,7.144462039071555,92.85553796092846,0.3704871231015822,52.737109398967995,47.262890601032,29.693207903769125,70.30679209623088
NDL,53.6,7.131828446770094,92.86817155322991,0.3715286026429812,52.74102381317225,47.258976186827745,29.723564011682118,70.27643598831789
NDL,53.7,7.1192288431319835,92.88077115686801,0.3725759454895176,52.74497091461843,47.25502908538159,29.753251211880134,70.24674878811987
NDL,53.8,7.1067117479141935,92.89328825208581,0.37361452282179497,52.75012155861837,47.24987844138164,29.783444442624912,70.21655555737509
NDL,53.9,7.094051182435797,92.90594881756421,0.37465561718859264,52.752827250441655,47.247172749558345,29.812428317816263,70.18757168218374
NDL,54.0,7.081658659610525,92.91834134038946,0.37570306822387034,52.756735776285005,47.243264223715,29.842850160928254,70.15714983907175
NDL,54.1,7.069122375224176,92.93087762477583,0.3767530853605379,52.760677093549965,47.23932290645003,29.87205898545569,70.1279410145443
NDL,54.2,7.0568465618254566,92.94315343817455,0.37779775432424656,52.76584112485987,47.23415887514013,29.90231368633891,70.09768631366109
NDL,54.3,7.044362617620783,92.95563738237922,0.3788415618944951,52.768518969314485,47.23148103068552,29.932148351838332,70.06785164816168
NDL,54.4,7.032025859355091,92.96797414064491,0.37989139596239235,52.772418907724784,47.227581092275216,29.961698026787033,70.03830197321298
NDL,54.5,7.0197305141296145,92.98026948587038,0.3809477418900287,52.776351476275295,47.2236485237247,29.990959873491963,70.00904012650804
NDL,54.6,7.007598495312266,92.99240150468773,0.38199967977125826,52.78152666814081,47.218473331859194,30.020737216845884,69.97926278315411
NDL,54.7,6.995267925146656,93.00473207485334,0.3830450869860449,52.78417328986716,47.21582671013283,30.050225799544467,69.94977420045552
NDL,54.8,6.983154389752539,93.01684561024747,0.3841067155059563,52.7880616440434,47.21193835595658,30.079291100107415,69.92070889989259
NDL,54.9,6.970956716485419,93.0290432835146,0.3851617947820155,52.79198279894541,47.20801720105458,30.109414133494493,69.8905858665055
NDL,55.0,6.958693499900713,93.04130650009928,0.3862124864520959,52.7959371697801,47.204062830219904,30.138301632562786,69.86169836743721
NDL,55.1,6.9468793165249485,93.05312068347504,0.3872734088124908,52.79977858843273,47.20022141156727,30.168248605318787,69.8317513946812
NDL,55.2,6.934740824869393,93.06525917513062,0.3883334987304218,52.802412755158855,47.197587244841145,30.1973639041949,69.8026360958051
NDL,55.3,6.922598628132179,93.07740137186782,0.38937986396669244,52.806314156438994,47.193685843561,30.226593329900485,69.77340667009952
NDL,55.4,6.910771886823854,93.08922811317616,0.3904419473244021,52.8114987202301,47.188501279769895,30.25593764989371,69.74406235010629
NDL,55.5,6.898834571085623,93.10116542891438,0.39150228931275377,52.814067256789365,47.185932743210635,30.285397542260217,69.71460245773979
NDL,55.6,6.88697389758732,93.11302610241268,0.39256493049526064,52.8179179933316,47.182082006668395,30.314973595033084,69.6850264049669
NDL,55.7,6.875046247295802,93.1249537527042,0.39362331316078303,52.8218013741987,47.17819862580131,30.343294788575598,69.65670521142441
NDL,55.8,6.863195265738834,93.13680473426118,0.3946956054287289,52.82571807044045,47.17428192955954,30.372685259953407,69.62731474004659
NDL,55.9,6.851400625997263,93.14859937400274,0.3957525543586109,52.82823886023481,47.1717611397652,30.40165161681454,69.59834838318545
NDL,56.0,6.8397832718827125,93.16021672811729,0.3968225458422468,52.83206294926758,47.167937050732434,30.431274148309356,69.56872585169064
NDL,56.1,6.828018762740689,93.17198123725932,0.397883737503618,52.83591959393576,47.16408040606424,30.45963122694187,69.54036877305812
NDL,56.2,6.81633954292016,93.18366045707984,0.39894774581877646,52.838361377689004,47.16163862231099,30.48852303326779,69.5114769667322
NDL,56.3,6.804599951572624,93.19540004842737,0.40001971570076816,52.8422781994742,47.157721800525785,30.517530447195945,69.48246955280405
NDL,56.4,6.7930386629530854,93.2069613370469,0.40109316027192954,52.84607148456526,47.15392851543474,30.546229198308772,69.45377080169122
NDL,56.5,6.7815336365296,93.21846636347038,0.4021629621950144,52.84989745844878,47.15010254155121,30.575468656351568,69.42453134364843
NDL,56.6,6.7699101484243585,93.23008985157564,0.40323047064208667,52.85228302534804,47.147716974651956,30.603429144115367,69.39657085588465
NDL,56.7,6.758334669412569,93.24166533058744,0.40429386392027344,52.85616865766405,47.14383134233594,30.63247307016777,69.36752692983222
NDL,56.8,6.7469547364376545,93.25304526356234,0.405371417552371,52.859927267104176,47.14007273289583,30.662063471557037,69.33793652844297
NDL,56.9,6.735497536743841,93.26450246325616,0.406444441971994,52.86371813695969,47.13628186304032,30.68993750165244,69.31006249834756
NDL,57.0,6.724205889228746,93.27579411077124,0.4075252111262807,52.86604286681429,47.1339571331857,30.718356296930803,69.2816437030692
NDL,57.1,6.712693737211048,93.28730626278895,0.4085928437568634,52.86989305275769,47.130106947242304,30.74689055351235,69.25310944648764
NDL,57.2,6.70155962320777,93.29844037679223,0.40966680395443594,52.87361248228638,47.12638751771362,30.77651954412684,69.22348045587316
NDL,57.3,6.690276340399231,93.30972365960078,0.4107437441139038,52.877363961520714,47.12263603847929,30.804852224084804,69.19514777591519
NDL,57.4,6.678969627448287,93.3210303725517,0.4118241643664049,52.879622712077236,47.120377287922764,30.832755962714593,69.1672440372854
NDL,57.5,6.667623519043884,93.33237648095613,0.4128952433178629,52.88343294389962,47.116567056100365,30.86131916486418,69.13868083513583
NDL,57.6,6.656546592871483,93.34345340712852,0.41397323998659713,52.88710856553245,47.11289143446756,30.889998885065594,69.1100011149344
NDL,57.7,6.645430644289229,93.35456935571077,0.41505377143162303,52.890815980420534,47.10918401957947,30.918354240761083,69.08164575923892
NDL,57.8,6.634370381069894,93.36562961893011,0.41614279213356453,52.89300347119753,47.106996528802455,30.94627967401195,69.05372032598804
NDL,57.9,6.62316733022236,93.37683266977764,0.417223477020968,52.89676911803599,47.10323088196401,30.97432052878135,69.02567947121865
NDL,58.0,6.612068585049602,93.3879314149504,0.4183007440028468,52.89900162016955,47.10099837983044,31.00302321640728,68.99697678359271
NDL,58.1,6.601017514324033,93.39898248567596,0.4193860655972403,52.90265422516589,47.09734577483412,31.03085052755129,68.96914947244869
NDL,58.2,6.5902126160882215,93.40978738391176,0.4204725735311181,52.90475875495518,47.095241245044825,31.059240647644838,68.94075935235517
NDL,58.3,6.579289581663134,93.42071041833687,0.4215566702604842,52.909880860139204,47.0901191398608,31.08729975018582,68.91270024981418
NDL,58.4,6.568248311576921,93.43175168842308,0.4226383024993669,52.91203562224837,47.08796437775163,31.115024358605847,68.88497564139413
NDL,58.5,6.557453581969972,93.44254641803002,0.4237332189127724,52.91563373396995,47.08436626603006,31.14331536204784,68.85668463795214
NDL,58.6,6.546627457279558,93.45337254272044,0.42481927189888496,52.91926333362316,47.080736666376836,31.17172407402134,68.82827592597866
NDL,58.7,6.535683081730179,93.4643169182698,0.4259028354725471,52.92131007088403,47.07868992911598,31.19879371680877,68.80120628319123
NDL,58.8,6.525098514122539,93.47490148587747,0.4269872505148509,52.92481750075984,47.075182499240164,31.227437116047646,68.77256288395236
NDL,58.9,6.514388239476594,93.4856117605234,0.42808073883563724,52.92835574147492,47.07164425852508,31.25528549828213,68.74471450171788
NDL,59.0,6.50370683700986,93.49629316299016,0.4291772591063952,52.93192519884538,47.06807480115463,31.28315896355465,68.71684103644536
NDL,59.1,6.493012569637859,93.50698743036214,0.43027025391885854,52.933882256268326,47.06611774373168,31.310229935117327,68.68977006488267
NDL,59.2,6.482400443705314,93.51759955629467,0.4313537930000752,52.935856675501014,47.06414332449898,31.33842564848912,68.6615743515109
NDL,59.3,6.471772761236842,93.52822723876317,0.43244158187027426,52.93932289459931,47.060677105400686,31.366651644412652,68.63334835558736
NDL,59.4,6.461255398225931,93.53874460177407,0.4335421033242749,52.94281965435221,47.05718034564778,31.39406909892619,68.60593090107379
NDL,59.5,6.450741864196139,93.54925813580385,0.4346400983084922,52.9446741879001,47.055325812099895,31.421602083872553,68.57839791612744
NDL,59.6,6.440189064284402,93.5598109357156,0.43572861207556424,52.94971944246566,47.05028055753433,31.44878407108065,68.55121592891936
NDL,59.7,6.42958464499389,93.5704153550061,0.43682733179072886,52.951621146175086,47.0483788538249,31.475997326688592,68.5240026733114
NDL,59.8,6.419284580055283,93.58071541994471,0.43792722607622475,52.953350613148245,47.046649386851755,31.503879364076205,68.49612063592379
NDL,59.9,6.408945559002062,93.59105444099794,0.43901761939144823,52.958312000262886,47.04168799973712,31.5314085121667,68.4685914878333
NDL,60.0,6.398538872490075,93.60146112750992,0.44012956307739576,52.96008654620385,47.03991345379616,31.55802865484041,68.44197134515959
NDL,60.1,6.38826023916114,93.61173976083886,0.4412266022075703,52.963403269208,47.036596730792006,31.586263591847995,68.41373640815202
NDL,60.2,6.37790577968628,93.62209422031371,0.4423200848335202,52.966749551878735,47.03325044812128,31.613114783241198,68.38688521675881
NDL,60.3,6.3677510587051245,93.63224894129488,0.44341581723357,52.968391645789104,47.03160835421091,31.64111171749429,68.35888828250572
NDL,60.4,6.3574042952377186,93.64259570476229,0.4445209535395225,52.97179021665651,47.0282097833435,31.667717039186137,68.33228296081386
NDL,60.5,6.347265586930028,93.65273441306996,0.44562895393953195,52.97502278095409,47.0249772190459,31.694915870935002,68.30508412906501
NDL,60.6,6.337211790921253,93.66278820907874,0.44673982759812353,52.976526488477894,47.023473511522106,31.72223192139342,68.27776807860658
NDL,60.7,6.326994686044713,93.67300531395529,0.4478411497887555,52.97980928017476,47.02019071982523,31.74870055543067,68.25129944456934
NDL,60.8,6.316994974941408,93.68300502505859,0.44894588431004984,52.98292166802456,47.01707833197545,31.776250502978332,68.22374949702169
NDL,60.9,6.306918183316856,93.69308181668316,0.4500471877026944,52.98448118721287,47.01551881278714,31.803434338972387,68.1965656610276
NDL,61.0,6.296919009340724,93.70308099065929,0.4511508143540217,52.987642416315225,47.01235758368477,31.83024834048759,68.16975165951243
NDL,61.1,6.286779135641423,93.71322086435858,0.4522590302338923,52.990832116580734,47.009167883419266,31.856621048181555,68.14337895181845
NDL,61.2,6.276951869879715,93.72304813012029,0.4533684565738336,52.99384648359269,47.00615351640731,31.883665853864112,68.1163341461359
NDL,61.3,6.26698400248116,93.73301599751885,0.45446995384030386,52.99527915030413,47.00472084969586,31.91131899732214,68.08868100267786
NDL,61.4,6.2571263406837785,93.74287365931622,0.45558522696380876,52.99834060283967,47.00165939716033,31.937055664491993,68.062944335508
NDL,61.5,6.247292269263912,93.75270773073609,0.4566988915999995,53.00142954388015,46.99857045611984,31.96494551294752,68.03505448705248
NDL,61.6,6.237450783662593,93.7625492163374,0.4578085927598608,53.00433807871009,46.99566192128991,31.990910839984878,68.00908916001514
NDL,61.7,6.227617148605113,93.7723828513949,0.4589213343399422,53.00563525426934,46.994364745730664,32.016989145541906,67.98301085445809
NDL,61.8,6.217886317638229,93.78211368236178,0.46003823083556433,53.008588792450084,46.99141120754992,32.04417920723003,67.95582079276996
NDL,61.9,6.208227294595796,93.79177270540421,0.4611442974618225,53.01156907831771,46.98843092168229,32.071548985637776,67.92845101436222
NDL,62.0,6.198458547894418,93.80154145210558,0.4622480544828024,53.01623566440335,46.98376433559665,32.09797582630066,67.90202417369933
NDL,62.1,6.188808047962456,93.81119195203755,0.4633665306574242,53.017396936060315,46.982603063939685,32.12401499407016,67.87598500592983
NDL,62.2,6.179253531195218,93.82074646880477,0.4644886412499412,53.0202428914372,46.979757108562815,32.15067306896785,67.84932693103217
NDL,62.3,6.16946957536758,93.83053042463241,0.4656090595626416,53.02311468560965,46.97688531439034,32.1763809288838,67.8236190711162
NDL,62.4,6.159964516204211,93.84003548379579,0.46672450386824355,53.02410606862037,46.97589393137964,32.20276486422033,67.79723513577967
NDL,62.5,6.150428468329936,93.84957153167007,0.46784358478257393,53.028717911776845,46.97128208822316,32.22926479635473,67.77073520364529
NDL,62.6,6.140989452868387,93.85901054713162,0.4689535039700927,53.03144783455185,46.96855216544815,32.2563928244839,67.74360717551609
NDL,62.7,6.131469902849927,93.86853009715009,0.4700730879401114,53.03420243029125,46.96579756970874,32.282053083045774,67.71794691695422
NDL,62.8,6.122073750746099,93.8779262492539,0.47118849248514716,53.03504058550362,46.96495941449638,32.30839101838721,67.69160898161279
NDL,62.9,6.1126125270420735,93.88738747295793,0.472314848383312,53.03956361057517,46.96043638942484,32.334281356467294,67.66571864353271
NDL,63.0,6.103233243679696,93.8967667563203,0.47343081063356457,53.04043391510804,46.95956608489196,32.36085173634456,67.63914826365546
NDL,63.1,6.093901654643051,93.90609834535695,0.4745565997067417,53.043054587629,46.956945412371,32.38645611309209,67.6135438869079
NDL,63.2,6.084589570954112,93.91541042904589,0.47567999411048373,53.04372210927362,46.95627789072638,32.41269552089264,67.58730447910736
NDL,63.3,6.075352576691322,93.92464742330868,0.47679230040709686,53.0481398470515,46.95186015294849,32.43909639114413,67.56090360885587
NDL,63.4,6.0662424935326555,93.93375750646734,0.4779336989757256,53.050602630662404,46.94939736933759,32.46452455222912,67.53547544777088
NDL,63.5,6.056829716279729,93.94317028372026,0.4790547257912051,53.0513137918816,46.9486862081184,32.49059142188803,67.50940857811197
NDL,63.6,6.047701332917288,93.9522986670827,0.48017084141310307,53.055595500322084,46.94440449967791,32.51624900650745,67.48375099349255
NDL,63.7,6.038498443752204,93.96150155624778,0.48129761713648245,53.05812620225164,46.94187379774834,32.54202150171335,67.45797849828665
NDL,63.8,6.029510056623578,93.9704899433764,0.48242695578012496,53.0604459052355,46.93955409476449,32.56790990159886,67.43209009840113
NDL,63.9,6.020289226646714,93.97971077335329,0.4835544284829623,53.06098078064929,46.93901921935071,32.59391487895748,67.40608512104252
NDL,64.0,6.011231547762491,93.98876845223751,0.4846776762913071,53.06514897044033,46.934851029559674,32.61840217501021,67.38159782498978
NDL,64.1,6.002150927787387,93.99784907221262,0.48581852682630766,53.067532915973956,46.93246708402602,32.64463909441041,67.3553609055896
NDL,64.2,5.993155182631187,94.0068448173688,0.4869356606943572,53.06786892800051,46.932131071999486,32.67045832843986,67.32954167156015
NDL,64.3,5.984252721189661,94.01574727881035,0.488069149315335,53.07004699824396,46.92995300175604,32.69639414186109,67.30360585813891
NDL,64.4,5.975274582654365,94.02472541734564,0.48920040888082394,53.072244958111,46.927755041888986,32.721337135960205,67.2786628640398
NDL,64.5,5.966306992826002,94.03369300717401,0.49032811122467385,53.07446308129231,46.92553691870769,32.74723540533604,67.25276459466396
NDL,64.6,5.957390808700878,94.04260919129914,0.49146645169043984,53.07856563419333,46.92143436580667,32.77235397961555,67.22764602038446
NDL,64.7,5.948684045440887,94.05131595455912,0.4925933605351218,53.08058779525579,46.91941220474421,32.79805022595406,67.20194977404596
NDL,64.8,5.9399089817356945,94.06009101826432,0.4937320453497807,53.082628437737625,46.917371562262375,32.82329061131142,67.17670938868858
NDL,64.9,5.930935734936767,94.06906426506323,0.49486073240047085,53.08468800508152,46.91531199491847,32.847989290363486,67.15201070963651
NDL,65.0,5.9222144090569335,94.07778559094307,0.495992472313319,53.086766379543946,46.913233620456054,32.873868444440326,67.12613155555968
NDL,65.1,5.913516417157186,94.08648358284282,0.49713483137039194,53.08861334996309,46.91138665003691,32.89923679985907,67.10076320014093
NDL,65.2,5.904732503050482,94.0952674969495,0.4982609869224213,53.092644411438464,46.907355588561536,32.9241135419058,67.0758864580942
NDL,65.3,5.896042416640815,94.10395758335919,0.4994037111236766,53.09453542725201,46.905464572748,32.948993544819835,67.05100645518016
NDL,65.4,5.887448264726767,94.11255173527323,0.5005363402387657,53.0942563441038,46.905743655896195,32.97398778716335,67.02601221283663
NDL,65.5,5.878822295855943,94.12117770414406,0.5016728204194011,53.09811377930731,46.90188622069269,32.99898550843904,67.00101449156095
NDL,65.6,5.870165127816819,94.12983487218318,0.5028132389931684,53.097848831173444,46.902151168826556,33.02404236656448,66.9759576334355
NDL,65.7,5.8615557960513645,94.13844420394864,0.5039644255674877,53.10175869866926,46.89824130133074,33.04915864298603,66.95084135701399
NDL,65.8,5.852955274647312,94.14704472535269,0.5050979071431385,53.10347638411093,46.89652361588907,33.07377116709876,66.92622883290123
NDL,65.9,5.8445868086664206,94.15541319133358,0.506234643428532,53.10494838953797,46.895051610462026,33.09900551300647,66.90099448699353
NDL,66.0,5.836090653787501,94.16390934621249,0.5073904982958485,53.10669699472969,46.89330300527032,33.124300125934674,66.87569987406533
NDL,66.1,5.827652032125918,94.17234796787409,0.508520859688753,53.10819745421974,46.89180254578026,33.14902977053804,66.85097022946196
NDL,66.2,5.819142338150836,94.18085766184916,0.5096635710385875,53.10971196817753,46.89028803182247,33.173294941130244,66.82670505886976
NDL,66.3,5.810929195317422,94.18907080468259,0.5108151275162119,53.11325395816737,46.886746041832616,33.198138671625856,66.80186132837414
NDL,66.4,5.80240586675566,94.19759413324435,0.5119444873249637,53.11480608065072,46.885193919349284,33.22361384692802,66.77638615307198
NDL,66.5,5.794002197320752,94.20599780267925,0.5131048767273079,53.11840490549733,46.881595094502664,33.24741903721852,66.75258096278148
NDL,66.6,5.7858259568366215,94.21417404316338,0.5142405336872291,53.119724295387435,46.88027570461257,33.27243584553314,66.72756415446686
NDL,66.7,5.777409363746979,94.22259063625302,0.5153875468033909,53.121055921160576,46.878944078839424,33.29629278490109,66.7037072150989
NDL,66.8,5.769301580595194,94.23069841940482,0.5165306164944631,53.12445996396248,46.87554003603752,33.321424151160635,66.67857584883937
NDL,66.9,5.761032604066467,94.23896739593354,0.5176784189097372,53.123480958299275,46.87651904170073,33.34539138615422,66.65460861384578
NDL,67.0,5.752863007767703,94.2471369922323,0.5188296204383639,53.12692821116279,46.8730717888372,33.37058005063259,66.6294199493674
NDL,67.1,5.744663574200643,94.25533642579936,0.5199850269535556,53.12804033185128,46.87195966814872,33.394717010953364,66.60528298904663
NDL,67.2,5.7364245841211305,94.26357541587888,0.5211299121893146,53.129162871507305,46.870837128492695,33.41826214923881,66.5817378507612
NDL,67.3,5.728423993123558,94.27157600687644,0.5222781192650786,53.13240388190577,46.867596118094234,33.44356381768527,66.55643618231473
NDL,67.4,5.72026272441176,94.27973727558823,0.5234173328655635,53.13567514518257,46.86432485481743,33.46780783417983,66.53219216582018
NDL,67.5,5.712274025158399,94.28772597484159,0.5245804759267046,53.13656492091231,46.863435079087694,33.491513801403386,66.50848619859661
NDL,67.6,5.704254139622444,94.29574586037755,0.52573379713199,53.13746303891832,46.86253696108169,33.515212413795766,66.48478758620425
NDL,67.7,5.696344594152991,94.30365540584701,0.5268913981835467,53.13836961616142,46.86163038383858,33.54080359045344,66.45919640954658
NDL,67.8,5.68831622588913,94.31168377411088,0.5280309665173833,53.14144177136014,46.85855822863986,33.564610960235605,66.43538903976439
NDL,67.9,5.680337285664168,94.31966271433583,0.5291821100525809,53.144542669829086,46.85545733017092,33.588470885689716,66.41152911431027
NDL,68.0,5.672460692586931,94.32753930741306,0.530336723119694,53.145203503101904,46.854796496898096,33.61238362386935,66.38761637613065
NDL,68.1,5.664500713391603,94.33549928660841,0.5315038218024509,53.14835136412053,46.85164863587947,33.63634942175186,66.36365057824814
NDL,68.2,5.656683474396696,94.3433165256033,0.5326441566147019,53.149987254761314,46.850012745238686,33.66036851613573,66.33963148386427
NDL,68.3,5.6488085379143005,94.35119146208571,0.5338047569704184,53.15043284491588,46.84956715508412,33.68438033937514,66.31561966062486
NDL,68.4,5.640997881028269,94.35900211897173,0.5349611639006544,53.15234551217327,46.84765448782673,33.70850660338308,66.29149339661691
NDL,68.5,5.633175128295267,94.36682487170474,0.5361066251575137,53.153770638263495,46.846229361736505,33.732013535656726,66.26798646434328
NDL,68.6,5.625438033479962,94.37456196652005,0.5372789048984936,53.15693941612978,46.84306058387022,33.75504098584751,66.2449590141525
NDL,68.7,5.61759523659064,94.38240476340937,0.5384326751835959,53.15763421466818,46.842365785331815,33.77864809759993,66.22135190240007
NDL,68.8,5.609985802400992,94.39001419759902,0.5395839028039526,53.15982555666731,46.840174443332685,33.80292368316503,66.19707631683498
NDL,68.9,5.60236563702676,94.39763436297324,0.540752832369854,53.16152235763232,46.83847764236769,33.826634157394665,66.17336584260534
NDL,69.0,5.59459367441466,94.40540632558535,0.5419124809059923,53.16297636454116,46.83702363545885,33.84918077852017,66.15081922147982
NDL,69.1,5.586967769161459,94.41303223083854,0.5430754639071668,53.16366409847735,46.83633590152265,33.87299119608345,66.12700880391654
NDL,69.2,5.579461591734876,94.42053840826512,0.5442275397895607,53.166398560911055,46.833601439088945,33.89685316987922,66.10314683012078
NDL,69.3,5.571966798250577,94.42803320174943,0.5453837079817275,53.16837129621936,46.83162870378063,33.92076692632567,66.07923307367433
NDL,69.4,5.564318732568141,94.43568126743186,0.5465448596756991,53.17009890816752,46.82990109183248,33.943444872215764,66.05655512778424
NDL,69.5,5.556805551920652,94.44319444807935,0.5477095188428238,53.17131295312255,46.82868704687744,33.9674602329149,66.03253976708511
NDL,69.6,5.549303022281375,94.45069697771864,0.5488782575551332,53.174084369946385,46.825915630053615,33.99023482657617,66.00976517342383
NDL,69.7,5.541776477530532,94.45822352246947,0.5500359873429804,53.17425899860717,46.825741001392835,34.013653887864145,65.98634611213586
NDL,69.8,5.534337206508192,94.46566279349182,0.551206857918859,53.17626437083527,46.82373562916473,34.036587562928595,65.96341243707143
NDL,69.9,5.52694414222103,94.47305585777896,0.5523576778891144,53.17774869073739,46.822251309262604,34.060103773608915,65.93989622639108
NDL,70.0,5.51940533912298,94.48059466087703,0.5535290378624154,53.178975795962444,46.82102420403755,34.08307016263149,65.91692983736851
NDL,70.1,5.512227881376549,94.48777211862345,0.5546956457741647,53.181796657120614,46.81820334287938,34.10668420842997,65.89331579157003
NDL,70.2,5.504771707566828,94.49522829243318,0.5558681974352184,53.1816853866205,46.81831461337949,34.12910250240386,65.87089749759613
NDL,70.3,5.49749672024958,94.50250327975041,0.5570206195842218,53.18372039309855,46.81627960690146,34.1528132686352,65.8471867313648
NDL,70.4,5.490242256218932,94.50975774378107,0.5581944823867664,53.18522170392303,46.81477829607699,34.175258613967216,65.8247413860328
NDL,70.5,5.483104315760418,94.51689568423957,0.5593546403945437,53.188626767924,46.811373232076,34.19906676666435,65.80093323333564
NDL,70.6,5.475685811583525,94.52431418841647,0.5605207334986116,53.189049305721326,46.81095069427867,34.2216696566225,65.77833034337749
NDL,70.7,5.468567207531835,94.53143279246817,0.5617068882245826,53.191383078676125,46.80861692132387,34.24425242832893,65.75574757167108
NDL,70.8,5.461418457517177,94.53858154248283,0.5628643185651707,53.19317540478771,46.806824595212305,34.26754973538591,65.7324502646141
NDL,70.9,5.454227616349907,94.54577238365009,0.5640448482639723,53.1937051896343,46.80629481036569,34.290223919069035,65.70977608093096
NDL,71.0,5.446978481448949,94.55302151855105,0.5651966085065143,53.19513879397192,46.80486120602808,34.312348420409116,65.68765157959088
NDL,71.1,5.439816965892983,94.56018303410703,0.5663768283746415,53.19655170275608,46.803448297243925,34.335112168085466,65.66488783191453
NDL,71.2,5.432831395390946,94.56716860460907,0.5675446280961012,53.198161695436276,46.80183830456372,34.358594497518105,65.64140550248189
NDL,71.3,5.425717061544464,94.57428293845554,0.5687174942477565,53.19946381147237,46.80053618852762,34.380783655404635,65.61921634459537
NDL,71.4,5.418630492940904,94.5813695070591,0.5698795601383937,53.201253543316525,46.79874645668347,34.40301506792048,65.59698493207954
NDL,71.5,5.411653438018558,94.58834656198144,0.5710695105608393,53.20244268279848,46.79755731720153,34.42528891733272,65.57471108266726
NDL,71.6,5.4047658684028335,94.59523413159717,0.5722392094063589,53.204122815306285,46.7958771846937,34.44888774658459,65.55111225341541
NDL,71.7,5.3977497313443985,94.60225026865561,0.5734141061686665,53.20548946960735,46.79451053039266,34.47124975207667,65.52875024792334
NDL,71.8,5.390762039723931,94.60923796027608,0.574578113733006,53.20679798936854,46.793202010631454,34.49365477215881,65.50634522784118
NDL,71.9,5.383862222543064,94.61613777745693,0.5757543179662125,53.20834429751788,46.7916557024821,34.5154227395038,65.48457726049621
NDL,72.0,5.376932005086501,94.6230679949135,0.576926853019326,53.210095778007215,46.789904221992785,34.53791219358436,65.46208780641565
NDL,72.1,5.37002260595549,94.6299773940445,0.5781027884760315,53.21122834422025,46.78877165577976,34.55976072660162,65.44023927339838
NDL,72.2,5.363195444995795,94.6368045550042,0.5792920542820136,53.21290136696884,46.78709863303115,34.581648729336074,65.41835127066393
NDL,72.3,5.35632383076018,94.64367616923982,0.580462396585901,53.21394867189962,46.78605132810038,34.604265120262426,65.39573487973756
NDL,72.4,5.349618739974297,94.65038126002571,0.5816352456206181,53.2155038965771,46.784496103422896,34.62753908606231,65.37246091393769
NDL,72.5,5.342880504016671,94.65711949598334,0.5828068760050561,53.217000158177655,46.782999841822345,34.6495514357804,65.35044856421959
NDL,72.6,5.3360754237008905,94.66392457629911,0.5839893492762175,53.21816669316179,46.7818333068382,34.671603946694866,65.32839605330513
NDL,72.7,5.329314123825083,94.67068587617491,0.5851605564357788,53.21954092625478,46.78045907374522,34.69362703173908,65.30637296826092
NDL,72.8,5.322628712612273,94.67737128738773,0.5863445168370204,53.22089079933209,46.77910920066792,34.71506052385443,65.28493947614558
NDL,72.9,5.315981984131287,94.68401801586872,0.5875337963165896,53.22217826433179,46.7778217356682,34.737232071240896,65.2627679287591
NDL,73.0,5.309186221577948,94.69081377842205,0.5886937772269141,53.22371519568593,46.77628480431407,34.75944443232974,65.24055556767027
NDL,73.1,5.302591760512355,94.69740823948764,0.5898752760175003,53.22487628771581,46.77512371228419,34.78092096685306,65.21907903314693
NDL,73.2,5.296022665698242,94.70397733430175,0.5910622977747654,53.226287879067094,46.77371212093291,34.803213021253484,65.1967869787465
NDL,73.3,5.28944690066355,94.71055309933647,0.5922530289598223,53.22767455035717,46.77232544964282,34.82483577867907,65.17516422132093
NDL,73.4,5.282766578624464,94.71723342137554,0.5934137858640851,53.22895850352645,46.77104149647354,34.8464955631446,65.15350443685539
NDL,73.5,5.276252679626931,94.72374732037306,0.5946132770895495,53.23021590994163,46.76978409005837,34.868121014413475,65.13187898558654
NDL,73.6,5.269771307042454,94.73022869295755,0.59580164993466,53.23140721946592,46.76859278053407,34.88985505236196,65.11014494763803
NDL,73.7,5.263306916652403,94.7366930833476,0.5969788326789109,53.23285499406406,46.76714500593594,34.911626568637786,65.08837343136221
NDL,73.8,5.2566935610697945,94.7433064389302,0.5981574476980797,53.233952120714,46.766047879285985,34.93343569823706,65.06656430176294
NDL,73.9,5.250284196543106,94.74971580345691,0.5993424457046229,53.23526737238853,46.764732627611465,34.95448610150383,65.04551389849618
NDL,74.0,5.243886404917167,94.75611359508282,0.6005331620394887,53.2365554187418,46.76344458125819,34.97636839402034,65.02363160597966
NDL,74.1,5.237521198215768,94.76247880178423,0.6017124995511834,53.23777564513493,46.762224354865054,34.99828872567839,65.0017112743216
NDL,74.2,5.231013830362068,94.76898616963793,0.6028920734899557,53.23892701177822,46.76107298822178,35.0195163397766,64.98048366022338
NDL,74.3,5.224690003344962,94.77530999665504,0.604079372257881,53.24034142344974,46.759658576550244,35.04070438988219,64.9592956101178
NDL,74.4,5.218385020641033,94.78161497935898,0.6052713817978321,53.24139416044872,46.75860583955129,35.06199940665944,64.93800059334056
NDL,74.5,5.212113367856485,94.78788663214351,0.6064679358011362,53.242375190982294,46.7576248090177,35.08332842226225,64.91667157773774
NDL,74.6,5.205692819294476,94.79430718070553,0.6076335764472788,53.243621216580095,46.75637878341991,35.10469156024454,64.89530843975545
NDL,74.7,5.199457803074385,94.8005421969256,0.6088232842813882,53.24513599233285,46.75486400766714,35.12608894498253,64.87391105501747
NDL,74.8,5.193271956624018,94.80672804337598,0.6100174493425196,53.24624112900527,46.75375887099472,35.147520687940165,64.85247931205984
NDL,74.9,5.186768707759559,94.81323129224045,0.6111976223688763,53.24731515133333,46.75268484866667,35.16760961922083,64.83239038077916
NDL,75.0,5.1805964206600645,94.81940357933993,0.6123840075143194,53.24865991978842,46.75134008021158,35.188357962505236,64.81164203749476
NDL,75.1,5.174466957064099,94.82553304293589,0.6135921794609529,53.249933240809796,46.750066759190204,35.20988814153995,64.79011185846005
NDL,75.2,5.168264264622007,94.831735735378,0.6147778464747586,53.250828739864446,46.74917126013556,35.230698982969855,64.76930101703014
NDL,75.3,5.162089196543652,94.83791080345635,0.6159528477802518,53.25199694289815,46.74800305710185,35.25229659699846,64.74770340300154
NDL,75.4,5.156024789817184,94.8439752101828,0.6171577548940489,53.2530907306564,46.74690926934359,35.27317036406921,64.7268296359308
NDL,75.5,5.149895782716544,94.85010421728346,0.6183409355813346,53.254461627681415,46.74553837231858,35.29407454900945,64.70592545099055
NDL,75.6,5.143787305360579,94.85621269463942,0.6195288609159526,53.25544799011368,46.74455200988631,35.31508562300974,64.68491437699025
NDL,75.7,5.137782281336207,94.86221771866379,0.6207315607547228,53.25671302457934,46.743286975420666,35.33605120609407,64.66394879390593
NDL,75.8,5.131643913189698,94.86835608681031,0.6219184456100041,53.25790274245396,46.74209725754604,35.35704750302677,64.64295249697324
NDL,75.9,5.125687203844769,94.87431279615524,0.6231131120373652,53.25870038441667,46.74129961558332,35.377380743535234,64.62261925646476
NDL,76.0,5.119673871330242,94.88032612866976,0.6243031362889285,53.25977868581535,46.74022131418465,35.39843659693885,64.60156340306115
NDL,76.1,5.113673366021218,94.88632663397878,0.6254969373865009,53.26114161848934,46.73885838151066,35.41882519043251,64.5811748095675
NDL,76.2,5.107701090027832,94.89229890997215,0.6266964066485923,53.26210824516829,46.737891754831715,35.439940947698545,64.56005905230147
NDL,76.3,5.101757722198192,94.89824227780181,0.6278829426698596,53.26299445086903,46.73700554913097,35.460385230745054,64.53961476925495
NDL,76.4,5.095835305074424,94.90416469492557,0.62907419340775,53.264167348768055,46.73583265123194,35.48085636034242,64.51914363965757
NDL,76.5,5.089918113271565,94.91008188672843,0.6302702925436598,53.265306272929166,46.73469372707083,35.501354422316126,64.49864557768389
NDL,76.6,5.084038010902006,94.915961989098,0.6314710581601564,53.266365062378654,46.73363493762135,35.52187948869472,64.47812051130526
NDL,76.7,5.07819525329137,94.92180474670863,0.6326597184535228,53.26734243119563,46.73265756880437,35.54243161755275,64.45756838244725
NDL,76.8,5.07235813724289,94.92764186275711,0.6338700763924655,53.26828323388971,46.731716766110296,35.563010895965,64.436989104035
NDL,76.9,5.066457241954502,94.93354275804549,0.6350577048246662,53.26951796621857,46.73048203378142,35.58361739712357,64.41638260287642
NDL,77.0,5.060740615802264,94.93925938419774,0.6362535918441251,53.27033891502689,46.72966108497311,35.60345300197543,64.39654699802458
NDL,77.1,5.0549155851672625,94.94508441483273,0.6374505320898557,53.27140855177672,46.72859144822328,35.62411161516774,64.37588838483227
NDL,77.2,5.049056596363162,94.95094340363684,0.6386346206748801,53.272488570830276,46.72751142916972,35.644074733956785,64.35592526604322
NDL,77.3,5.043438978690718,94.95656102130928,0.6398618067180127,53.273437335293025,46.726562664706975,35.66398021369936,64.33601978630065
NDL,77.4,5.037640752079755,94.96235924792025,0.6410383438191906,53.274734380762425,46.725265619237575,35.68398894899352,64.31601105100648
NDL,77.5,5.032043562347154,94.96795643765284,0.6422354827760478,53.27521931534631,46.7247806846537,35.70548083114385,64.29451916885614
NDL,77.6,5.02637605484844,94.97362394515156,0.6434495562266168,53.27639376489922,46.723606235100796,35.72545762136852,64.27454237863147
NDL,77.7,5.020748672914418,94.97925132708558,0.6446513952097543,53.27748313467122,46.722516865328764,35.74553858663865,64.25446141336134
NDL,77.8,5.01505818315935,94.98494181684065,0.6458470104240435,53.278140457590425,46.721859542409554,35.76564269898367,64.23435730101633
NDL,77.9,5.0093744855866635,94.99062551441334,0.6470475672235649,53.279498905842956,46.720501094157044,35.78577000179753,64.21422999820247
NDL,78.0,5.003809178686943,94.99619082131305,0.6482457839542968,53.28002555015318,46.71997444984682,35.805179107744515,64.19482089225549
NDL,78.1,4.9981636406088725,95.00183635939112,0.6494549693023234,53.28125872976206,46.71874127023794,35.82452414001254,64.17547585998746
NDL,78.2,4.992566847724658,95.00743315227534,0.6506527206750984,53.28240494461718,46.71759505538283,35.84471622959634,64.15528377040366
NDL,78.3,4.987151416735954,95.01284858326405,0.6518531894851131,53.283108753052176,46.71689124694784,35.86567034184493,64.13432965815507
NDL,78.4,4.9815784641433005,95.0184215358567,0.6530597960487264,53.283769418948935,46.716230581051065,35.8851593383063,64.11484066169369
NDL,78.5,4.976028737203593,95.02397126279641,0.6542537356280242,53.28474378344901,46.71525621655099,35.90458327253824,64.09541672746177
NDL,78.6,4.9705207955912805,95.02947920440872,0.655452552006805,53.285626640637254,46.71437335936276,35.924109286640196,64.0758907133598
NDL,78.7,4.965020689087403,95.03497931091259,0.6566739469611018,53.28646732649408,46.71353267350593,35.94365394872071,64.05634605127929
NDL,78.8,4.959713305772732,95.04028669422728,0.6578641260739444,53.287627920006685,46.71237207999332,35.96480620787401,64.035193792126
NDL,78.9,4.954254268755691,95.04574573124431,0.6590767058739105,53.288332807044604,46.7116671929554,35.983544401872095,64.0164555981279
NDL,79.0,4.9488289346893,95.0511710653107,0.6602954433882026,53.28935919395784,46.710640806042164,36.00314617287793,63.99685382712207
NDL,79.1,4.94348485919325,95.05651514080675,0.6614876703243919,53.290343843051666,46.70965615694834,36.023513883141376,63.976486116858624
NDL,79.2,4.937997826123333,95.06200217387666,0.6626859439926058,53.29086412516452,46.709135874835475,36.04238402679948,63.95761597320052
NDL,79.3,4.932640707034967,95.06735929296504,0.6639008228600863,53.2920802788224,46.70791972117762,36.06126799205771,63.93873200794229
NDL,79.4,4.927187494149625,95.07281250585037,0.6650912790863193,53.2928823668965,46.707117633103515,36.08016575333334,63.91983424666666
NDL,79.5,4.922034714189173,95.07796528581083,0.6663151018594126,53.293586508241034,46.706413491758966,36.10060635709326,63.899393642906745
NDL,79.6,4.916650281992737,95.08334971800726,0.6675153370191479,53.294621333243,46.705378666757,36.119535200985695,63.880464799014305
NDL,79.7,4.911445480945616,95.0885545190544,0.6687194446496036,53.29561286611854,46.70438713388146,36.140014005093335,63.859985994906665
NDL,79.8,4.906185590263733,95.09381440973627,0.6699419103496229,53.296126046858895,46.70387395314111,36.15906111313238,63.84093888686762
NDL,79.9,4.900766541616262,95.09923345838374,0.6711260329514415,53.29697273926995,46.70302726073005,36.17724754277034,63.82275245722966
NDL,80.0,4.895731513225783,95.10426848677422,0.6723574023736743,53.29815780158812,46.701842198411875,36.19786738525688,63.80213261474312
NDL,80.1,4.890348500314399,95.1096514996856,0.6735515353798363,53.298473019490785,46.701526980509215,36.216077498406705,63.783922501593295
NDL,80.2,4.885359469301899,95.1146405306981,0.6747737510173372,53.29951261408789,46.70048738591211,36.235850501145464,63.764149498854536
NDL,80.3,4.8800139476840005,95.11998605231601,0.6759780994735765,53.30011739753671,46.69988260246329,36.25416996384676,63.74583003615324
NDL,80.4,4.874956864666135,95.12504313533387,0.6771801864380516,53.301064559117805,46.69893544088219,36.273971197881174,63.726028802118826
NDL,80.5,4.869683140595146,95.13031685940486,0.6783944193336795,53.30190970866491,46.698090291335085,36.292312048428826,63.70768795157118
NDL,80.6,4.864682818792403,95.1353171812076,0.6796067084641543,53.30270718594065,46.697292814059345,36.312230834612194,63.68776916538782
NDL,80.7,4.8595187309227725,95.14048126907723,0.6808254631783214,53.30345625132998,46.696543748670024,36.33059314606569,63.669406853934305
NDL,80.8,4.85447680891574,95.14552319108425,0.6820341566244049,53.3040996255422,46.6959003744578,36.349640426055515,63.65035957394447
NDL,80.9,4.8494382624209305,95.15056173757908,0.6832310770964224,53.30515075984076,46.69484924015924,36.36969164800104,63.63030835199896
NDL,81.0,4.8442434656003694,95.15575653439964,0.6844514969552626,53.305694655805866,46.69430534419413,36.38726964316431,63.61273035683569
NDL,81.1,4.839252266847911,95.16074773315209,0.6856570991154353,53.306591825022366,46.693408174977634,36.406347850086114,63.59365214991389
NDL,81.2,4.834291079019613,95.16570892098039,0.6868678845088784,53.306975195115804,46.69302480488421,36.42552752682741,63.574472473172605
NDL,81.3,4.8291651351440485,95.17083486485596,0.6880852968074287,53.30818085915222,46.69181914084778,36.4432142632468,63.556785736753206
NDL,81.4,4.824244586480038,95.17575541351997,0.6893064279050028,53.30887055653388,46.691129443466124,36.46241198761261,63.53758801238738
NDL,81.5,4.819336801578864,95.18066319842113,0.6905142615527485,53.30950846456927,46.69049153543074,36.48171242983798,63.51828757016202
NDL,81.6,4.814298156178149,95.18570184382185,0.6917283668140846,53.31003495272913,46.68996504727087,36.49941742447257,63.50058257552743
NDL,81.7,4.809341519959079,95.19065848004091,0.6929335501105292,53.310983888862154,46.68901611113785,36.51873638629598,63.48126361370402
NDL,81.8,4.804514219952943,95.19548578004706,0.6941554389114678,53.31182320328944,46.68817679671055,36.53713697019106,63.46286302980894
NDL,81.9,4.79969046985437,95.20030953014563,0.695384096458888,53.3121896643239,46.68781033567609,36.55647499846786,63.44352500153213
NDL,82.0,4.794707538703941,95.20529246129607,0.69659043250939,53.312923101861095,46.687076898138905,36.574982111190096,63.4250178888099
NDL,82.1,4.7899366222995186,95.21006337770046,0.6978093229456428,53.31402876821569,46.685971231784315,36.593494671078616,63.40650532892139
NDL,82.2,4.78490645331469,95.21509354668531,0.6990215890939102,53.314168944975634,46.685831055024366,36.61038275946483,63.389617240535166
NDL,82.3,4.780087790947611,95.2199122090524,0.7002376654237817,53.31467917250986,46.68532082749014,36.62890207607654,63.37109792392345
NDL,82.4,4.775282918980675,95.22471708101932,0.7014591774331088,53.31605774731164,46.68394225268837,36.64752126054233,63.35247873945769
NDL,82.5,4.770491028299741,95.22950897170026,0.7026668744242334,53.3164590696438,46.683540930356195,36.66614609744634,63.33385390255365
NDL,82.6,4.7657487871054895,95.2342512128945,0.7038987826526758,53.316740542892084,46.68325945710792,36.68477650393293,63.31522349606706
NDL,82.7,4.760919126388867,95.23908087361114,0.7051019291414535,53.31790083095759,46.6820991690424,36.702455846334004,63.29754415366601
NDL,82.8,4.756093457787164,95.24390654221284,0.7063118046554671,53.31856982229366,46.68143017770633,36.721093972446326,63.278906027553674
NDL,82.9,4.751401439256343,95.24859856074364,0.7075391320371642,53.31911964479418,46.680880355205815,36.738870945892835,63.261129054107165
NDL,83.0,4.746907754270977,95.25309224572902,0.7087704982733983,53.319611736503745,46.680388263496255,36.75830903293271,63.241690967067285
NDL,83.1,4.742151639395904,95.2578483606041,0.7099754638812333,53.32004512977969,46.679954870220314,36.77608902487246,63.22391097512754
NDL,83.2,4.737427770739196,95.26257222926081,0.7112050424356819,53.320867804379404,46.67913219562061,36.79386832912312,63.206131670876886
NDL,83.3,4.732718716706017,95.26728128329398,0.7124206494350324,53.321634417407715,46.678365582592285,36.81174428230399,63.18825571769601
NDL,83.4,4.728023663337473,95.27197633666253,0.7136416079757559,53.32234409797875,46.67765590202126,36.82961986081278,63.17038013918723
NDL,83.5,4.723287462294641,95.27671253770536,0.7148536553430292,53.3229311284795,46.677068871520504,36.847494918754734,63.152505081245266
NDL,83.6,4.718798711452295,95.2812012885477,0.7160628950860255,53.323523959945796,46.6764760400542,36.866070753291815,63.133929246708185
NDL,83.7,4.714185195867813,95.2858148041322,0.7172998667178999,53.32399168884514,46.67600831115487,36.88404404608054,63.11595595391945
NDL,83.8,4.709577007381056,95.29042299261896,0.718521164525192,53.32439828203335,46.67560171796666,36.90102628402848,63.09897371597152
NDL,83.9,4.70508835833867,95.29491164166134,0.7197336399561479,53.325737526042474,46.67426247395753,36.92069377727245,63.07930622272755
NDL,84.0,4.700416775068943,95.29958322493106,0.7209514622460483,53.32602383951232,46.673976160487676,36.937669491570254,63.06233050842975
NDL,84.1,4.695779762805134,95.30422023719487,0.7221746675325811,53.32671501109254,46.67328498890746,36.954738027448705,63.0452619725513
NDL,84.2,4.691460231455206,95.3085397685448,0.7234161300458418,53.32680756600362,46.673192433996384,36.973510522578344,63.02648947742164
NDL,84.3,4.686760082447479,95.31323991755252,0.7246157927179437,53.32737454019592,46.672625459804074,36.990569612626274,63.00943038737373
NDL,84.4,4.682472484334883,95.31752751566512,0.7258682555043577,53.32835506531581,46.671644934684196,37.009340654758006,62.99065934524199
NDL,84.5,4.677794492404746,95.32220550759524,0.7270773584883715,53.32879898098369,46.671201019016294,37.02547767647126,62.974522323528724
NDL,84.6,4.673465352174488,95.32653464782551,0.7283061716201087,53.32911023785116,46.67088976214883,37.04434531257295,62.95565468742704
NDL,84.7,4.6689317893793,95.3310682106207,0.729540627416071,53.32990738413428,46.67009261586572,37.06046294675027,62.93953705324974
NDL,84.8,4.664561349164682,95.33543865083531,0.730745458076426,53.330573943919724,46.669426056080276,37.07942810142909,62.92057189857092
NDL,84.9,4.660159486375295,95.33984051362471,0.7319747309813311,53.3312470978731,46.66875290212689,37.097368718149895,62.902631281850105
NDL,85.0,4.6557138204205675,95.34428617957943,0.733205249914,53.331787040702494,46.668212959297506,37.11355982837992,62.88644017162007
NDL,85.1,4.651364480084283,95.34863551991572,0.7344250052633424,53.331769807149165,46.66823019285082,37.13148601206844,62.86851398793155
NDL,85.2,4.647033042853476,95.35296695714652,0.7356503631408685,53.33274180908711,46.66725819091289,37.149510402024774,62.85048959797521
NDL,85.3,4.6424479265878595,95.35755207341214,0.7368674826771048,53.333084295403545,46.66691570459645,37.165772399080105,62.8342276009199
NDL,85.4,4.638179849072157,95.36182015092784,0.7381019858043723,53.33385838050289,46.66614161949711,37.18273953609339,62.81726046390661
NDL,85.5,4.6339192055439735,95.36608079445602,0.7393231396646636,53.334066457422594,46.6659335425774,37.20074086892588,62.799259131074116
NDL,85.6,4.629552403504067,95.37044759649594,0.7405539256637405,53.334781037191284,46.665218962808716,37.217792000982854,62.782207999017146
NDL,85.7,4.625251910669572,95.37474808933042,0.74177077107904,53.33535779972104,46.66464220027897,37.23588426399315,62.76411573600685
NDL,85.8,4.6210562354966305,95.37894376450338,0.7430070823270329,53.33586746164629,46.66413253835371,37.25302050367741,62.74697949632259
NDL,85.9,4.61678272195762,95.38321727804238,0.7442335384240039,53.33630904908265,46.663690950917356,37.27014513868666,62.72985486131335
NDL,86.0,4.612527127088023,95.38747287291197,0.74546551264004,53.33668142359348,46.66331857640653,37.287257890757296,62.712742109242704
NDL,86.1,4.608289592299038,95.39171040770096,0.7466821668300891,53.33698358852054,46.66301641147947,37.30435853256972,62.69564146743028
NDL,86.2,4.603954908956447,95.39604509104356,0.7479099021499114,53.33780823718942,46.66219176281057,37.321553819208944,62.67844618079105
NDL,86.3,4.599871197205264,95.40012880279473,0.7491532839814031,53.338491701624044,46.661508298375956,37.338737189133425,62.66126281086658
NDL,86.4,4.595593014517126,95.40440698548286,0.7503709605717015,53.338582334377804,46.6614176656222,37.35590839435148,62.64409160564851
NDL,86.5,4.5913445709727485,95.40865542902725,0.7515925328732563,53.33912560036013,46.66087439963987,37.3720947987427,62.627905201257306
NDL,86.6,4.587123405601148,95.41287659439885,0.7528210422043291,53.33959844836949,46.66040155163051,37.38923776393808,62.61076223606192
NDL,86.7,4.582990074243235,95.41700992575677,0.7540699632958616,53.34060830150469,46.65939169849532,37.40549786660969,62.59450213339031
NDL,86.8,4.578980225469909,95.42101977453011,0.755306795211465,53.340405172084196,46.65959482791581,37.42345420513879,62.576545794861204
NDL,86.9,4.574808416206825,95.42519158379316,0.756529557527613,53.3406606613617,46.6593393386383,37.43968061204721,62.5603193879528
NDL,87.0,4.570655753483529,95.42934424651648,0.7577578765436682,53.341999051081636,46.65800094891837,37.45588761766322,62.54411238233678
NDL,87.1,4.566327968203596,95.43367203179642,0.7589594775127312,53.34210949027286,46.65789050972713,37.472185042728334,62.527814957271666
NDL,87.2,4.562398941352229,95.43760105864777,0.760197589624111,53.34276660000333,46.65723339999667,37.4903057095701,62.5096942904299
NDL,87.3,4.5583057617956255,95.44169423820438,0.761442838062822,53.34272495540121,46.6572750445988,37.506568896677486,62.493431103322514
NDL,87.4,4.554310496825188,95.44568950317482,0.7626744036742467,53.34323385369522,46.65676614630478,37.52366303155215,62.47633696844785
NDL,87.5,4.550180579567237,95.44981942043277,0.7639145357388163,53.34358910672962,46.65641089327038,37.539999157522494,62.460000842477506
NDL,87.6,4.546226089201107,95.45377391079889,0.7651356830345973,53.3439479140433,46.6560520859567,37.55705723075929,62.44294276924071
NDL,87.7,4.542214369346295,95.4577856306537,0.7663822002941468,53.34478917384122,46.655210826158786,37.57335456991762,62.426645430082374
NDL,87.8,4.5382035994218874,95.46179640057811,0.7675980585919306,53.34499651431137,46.65500348568862,37.59048804542253,62.40951195457747
NDL,87.9,4.534027163540806,95.4659728364592,0.7688211052189394,53.3456894983925,46.65431050160749,37.60584150125163,62.39415849874837
NDL,88.0,4.530156866799385,95.46984313320061,0.7700648763438828,53.34574070030307,46.654259299696946,37.62293463139063,62.377065368609365
NDL,88.1,4.526230724447357,95.47376927555266,0.771297458237065,53.34628080443372,46.65371919556628,37.64012306145794,62.35987693854206
NDL,88.2,4.522327015488421,95.47767298451159,0.7725358378857431,53.3467440529862,46.65325594701378,37.65740755253837,62.342592447461634
NDL,88.3,4.518181429794029,95.48181857020597,0.773758016401725,53.347211989706054,46.652788010293946,37.67152078170521,62.32847921829479
NDL,88.4,4.514321453939451,95.48567854606056,0.7750078908651958,53.34751852804963,46.65248147195037,37.68887570966232,62.31112429033767
NDL,88.5,4.510451290086963,95.48954870991302,0.7762396453775492,53.348409468293376,46.65159053170663,37.70494551924266,62.29505448075733
NDL,88.6,4.50661411771667,95.49338588228333,0.7774789651015759,53.34797319915191,46.6520268008481,37.722260950493634,62.27773904950637
NDL,88.7,4.502789112191455,95.49721088780855,0.7787222731802981,53.34870672952084,46.65129327047915,37.73839834796819,62.26160165203179
NDL,88.8,4.498887039060078,95.50111296093992,0.7799540962405532,53.349362921001564,46.65063707899845,37.754626102899095,62.2453738971009
NDL,88.9,4.495085345169297,95.50491465483071,0.7811866712035389,53.34934763434179,46.6506523656582,37.77071147099784,62.22928852900216
NDL,89.0,4.491128186550571,95.50887181344943,0.7824124705842652,53.34984245757801,46.65015754242199,37.78700430322918,62.212995696770825
NDL,89.1,4.487394035595283,95.51260596440471,0.7836564365184284,53.35025623980073,46.649743760199264,37.8031540304317,62.196845969568294
NDL,89.2,4.483439738936563,95.51656026106345,0.7848940651732642,53.350674170003266,46.64932582999673,37.8195127568935,62.1804872431065
NDL,89.3,4.479641065463488,95.5203589345365,0.7861302209981538,53.35092259077238,46.64907740922763,37.83454510078405,62.165454899215945
NDL,89.4,4.475753533858566,95.52424646614143,0.7873564015507463,53.3517810034879,46.6482189965121,37.85084800983179,62.14915199016821
NDL,89.5,4.472060117796888,95.52793988220311,0.7886224312897939,53.35194975585389,46.64805024414612,37.86593438169131,62.13406561830869
NDL,89.6,4.468458976008596,95.5315410239914,0.7898582647152198,53.35194383145804,46.64805616854197,37.88425762931284,62.11574237068716
NDL,89.7,4.464588512398496,95.53541148760151,0.7910775125719333,53.3526430719164,46.64735692808361,37.899403699560764,62.10059630043925
NDL,89.8,4.460763022108372,95.53923697789162,0.7923250988438337,53.35255152424862,46.64744847575138,37.91451524004042,62.08548475995956
NDL,89.9,4.457100843989281,95.54289915601072,0.7935354973782154,53.35299233039531,46.64700766960468,37.93168541086623,62.06831458913378
NDL,90.0,4.453301847856886,95.54669815214312,0.7947949239424082,53.35343748848834,46.64656251151166,37.946853077154486,62.05314692284551
